ticker,sector,spider_id,total_trades,winning_trades,losing_trades,win_rate_pct,profit_factor,expectancy_r,net_return_pct,net_pnl_usd,avg_win_pct,avg_loss_pct,best_trade_pct,worst_trade_pct,gross_wins_usd,gross_losses_usd,max_drawdown_pct,sharpe_ratio,sortino_ratio,calmar_ratio,avg_hold_days,max_hold_days,stage6_entries,stage7_entries,rejection_reason
NUAI,Technology,SECTOR_TECHNOLOGY,2,2,0,100.0,inf,9.9901,19.7878,1978.78,252.5439,0.0,488.4211,16.6667,1978.78,0.0,0.0,12.0181,0.0,inf,20.0,33,0,2,too_few_trades(2)
NMRA,Healthcare,SECTOR_HEALTHCARE,1,1,0,100.0,inf,9.1716,9.164,916.4,139.759,0.0,139.759,139.759,916.4,0.0,0.0,0.0,0.0,inf,164.0,164,1,0,too_few_trades(1)
CLYM,Healthcare,SECTOR_HEALTHCARE,1,1,0,100.0,inf,7.2928,5.8212,582.12,94.686,0.0,94.686,94.686,582.12,0.0,0.0,0.0,0.0,inf,13.0,13,0,1,too_few_trades(1)
ANRO,Healthcare,SECTOR_HEALTHCARE,3,2,1,66.67,31.2169,6.6074,19.7437,1974.37,179.0452,-12.9243,349.2,-12.9243,2039.71,65.34,-0.5453,8.9942,0.0,36.205,47.3,130,1,2,too_few_trades(3)
POLE,Financials,SECTOR_FINANCIALS,1,1,0,100.0,inf,5.0339,4.0248,402.48,2.5169,0.0,2.5169,2.5169,402.48,0.0,0.0,0.0,0.0,inf,162.0,162,1,0,too_few_trades(1)
PACS,Healthcare,SECTOR_HEALTHCARE,2,1,1,50.0,10.7779,5.0048,9.9735,997.35,158.946,-12.7724,158.946,-12.7724,1099.35,102.0,-1.02,9.5551,0.0,9.7779,34.5,39,0,2,too_few_trades(2)
EMO,Financials,SECTOR_FINANCIALS,1,1,0,100.0,inf,3.0941,3.0485,304.85,10.6809,0.0,10.6809,10.6809,304.85,0.0,0.0,0.0,0.0,inf,49.0,49,0,1,too_few_trades(1)
ET,Energy,SECTOR_ENERGY,1,1,0,100.0,inf,3.04,3.03,303.0,8.8496,0.0,8.8496,8.8496,303.0,0.0,0.0,0.0,0.0,inf,13.0,13,0,1,too_few_trades(1)
CBLL,Healthcare,SECTOR_HEALTHCARE,2,1,1,50.0,7.9915,2.2498,4.6046,460.46,47.809,-7.5488,47.809,-7.5488,526.32,65.86,-0.6257,8.1636,0.0,7.3595,15.5,27,0,2,too_few_trades(2)
SBC,Industrials,SECTOR_INDUSTRIALS,1,1,0,100.0,inf,2.2051,2.418,241.8,20.5263,0.0,20.5263,20.5263,241.8,0.0,0.0,0.0,0.0,inf,38.0,38,0,1,too_few_trades(1)
QXO,Industrials,SECTOR_INDUSTRIALS,1,1,0,100.0,inf,1.9584,2.1299,212.99,18.1772,0.0,18.1772,18.1772,212.99,0.0,0.0,0.0,0.0,inf,30.0,30,0,1,too_few_trades(1)
FIGR,Financials,SECTOR_FINANCIALS,1,1,0,100.0,inf,1.9466,1.4802,148.02,27.6911,0.0,27.6911,27.6911,148.02,0.0,0.0,0.0,0.0,inf,25.0,25,1,0,too_few_trades(1)
KBDC,Financials,SECTOR_FINANCIALS,1,1,0,100.0,inf,1.8562,1.4847,148.47,7.0728,0.0,7.0728,7.0728,148.47,0.0,0.0,0.0,0.0,inf,31.0,31,1,0,too_few_trades(1)
ADMA,Healthcare,SECTOR_HEALTHCARE,1,1,0,100.0,inf,1.7752,1.7721,177.21,16.427,0.0,16.427,16.427,177.21,0.0,0.0,0.0,0.0,inf,23.0,23,0,1,too_few_trades(1)
PHIN,Consumer Discretionary,SECTOR_CONSUMER_DISCRETIONARY,4,3,1,75.0,37.9693,1.5404,6.0186,601.86,12.1079,-0.8737,23.1212,-0.8737,618.14,16.28,-0.1614,13.7586,0.0,37.2949,24.5,47,0,4,too_few_trades(4)
FLR,Industrials,SECTOR_INDUSTRIALS,2,2,0,100.0,inf,1.3425,2.6096,260.96,10.6959,0.0,20.098,1.2939,260.96,0.0,0.0,12.7697,0.0,inf,58.5,112,0,2,too_few_trades(2)
VSTS,Industrials,SECTOR_INDUSTRIALS,2,1,1,50.0,3.657,1.3254,2.6522,265.22,34.9174,-9.2404,34.9174,-9.2404,365.04,99.82,-0.9982,6.5271,0.0,2.657,44.0,82,1,1,too_few_trades(2)
CART,Consumer Discretionary,SECTOR_CONSUMER_DISCRETIONARY,1,1,0,100.0,inf,1.2636,0.9912,99.12,10.1574,0.0,10.1574,10.1574,99.12,0.0,0.0,0.0,0.0,inf,30.0,30,0,1,too_few_trades(1)
KYTX,Healthcare,SECTOR_HEALTHCARE,4,1,3,25.0,2.9466,1.184,4.8926,489.26,135.2941,-13.3706,135.2941,-14.2445,740.6,251.34,-2.3401,5.0815,381.4722,2.0908,24.5,92,0,4,too_few_trades(4)
AVT,Technology,SECTOR_TECHNOLOGY,4,2,2,50.0,3.6217,1.17,4.8468,484.68,14.51,-6.5167,24.78,-7.3381,669.55,184.87,-0.9928,4.2957,54.6169,4.882,14.2,36,0,4,too_few_trades(4)
ALAB,Technology,SECTOR_TECHNOLOGY,4,2,2,50.0,6.8906,1.0996,4.5228,452.28,35.2228,-6.7532,44.8276,-12.8945,529.06,76.78,-0.7292,8.7043,26.018,6.2022,13.2,21,1,3,too_few_trades(4)
CTNM,Healthcare,SECTOR_HEALTHCARE,4,2,2,50.0,3.1123,1.0488,4.1901,419.01,48.813,-16.2754,96.4912,-18.7872,617.38,198.37,-0.9991,4.7696,72.7049,4.1939,12.8,44,0,4,too_few_trades(4)
LXEO,Healthcare,SECTOR_HEALTHCARE,3,1,2,33.33,2.5696,1.0327,3.1138,311.38,118.593,-22.2622,118.593,-22.9457,509.76,198.38,-1.9838,4.8193,405.4708,1.5696,36.0,103,0,3,too_few_trades(3)
WLTH,Technology,SECTOR_TECHNOLOGY,3,2,1,66.67,5.1208,1.0206,3.2686,326.86,4.1079,-6.7328,8.1454,-6.7328,406.18,79.32,-0.7622,1.0536,0.0,4.2882,24.0,57,1,2,too_few_trades(3)
PAA,Energy,SECTOR_ENERGY,2,2,0,100.0,inf,0.8095,1.6824,168.24,2.5444,0.0,4.0,1.0888,168.24,0.0,0.0,19.6213,0.0,inf,16.0,18,0,2,too_few_trades(2)
GIW,Financials,SECTOR_FINANCIALS,1,1,0,100.0,inf,0.8056,0.8056,80.56,0.4028,0.0,0.4028,0.4028,80.56,0.0,0.0,0.0,0.0,inf,15.0,15,1,0,too_few_trades(1)
FTRE,Healthcare,SECTOR_HEALTHCARE,4,1,3,25.0,2.0274,0.7671,3.049,304.9,107.7874,-14.6975,107.7874,-17.8329,601.68,296.78,-2.9678,4.1228,70.1779,1.0274,27.0,96,0,4,too_few_trades(4)
HCMA,Financials,SECTOR_FINANCIALS,3,2,1,66.67,8.9176,0.6913,1.7577,175.77,12.8073,-3.5238,25.1221,-3.5238,197.97,22.2,-0.2194,7.5368,0.0,8.012,19.0,48,0,3,too_few_trades(3)
VRTX,Healthcare,SECTOR_HEALTHCARE,2,1,1,50.0,3.4602,0.5892,1.096,109.6,7.4881,-1.8993,7.4881,-1.8993,154.15,44.55,-0.4387,6.6828,0.0,2.4981,25.0,46,0,2,too_few_trades(2)
PBF,Energy,SECTOR_ENERGY,4,2,2,50.0,2.2168,0.5451,2.0932,209.32,23.158,-7.267,45.0402,-7.969,381.35,172.03,-1.0873,5.0327,127.0485,1.9251,28.5,90,1,3,too_few_trades(4)
SOC,Energy,SECTOR_ENERGY,1,1,0,100.0,inf,0.5317,0.5232,52.32,12.6892,0.0,12.6892,12.6892,52.32,0.0,0.0,0.0,0.0,inf,27.0,27,1,0,too_few_trades(1)
SOLV,Healthcare,SECTOR_HEALTHCARE,2,1,1,50.0,2.5,0.5178,1.1778,117.78,10.0573,-3.9773,10.0573,-3.9773,196.3,78.52,-0.7701,4.8628,0.0,1.5294,9.0,16,0,2,too_few_trades(2)
CNR,Energy,SECTOR_ENERGY,4,1,3,25.0,2.3374,0.4438,1.7076,170.76,21.5157,-3.8262,21.5157,-9.026,298.44,127.68,-0.9862,3.0187,8.829,1.7315,11.2,22,0,4,too_few_trades(4)
FBYD,Industrials,SECTOR_INDUSTRIALS,4,2,2,50.0,2.4743,0.4232,1.8966,189.66,31.1893,-11.9272,58.5135,-15.1034,318.3,128.64,-0.795,4.56,34.0364,2.3857,15.5,48,0,4,too_few_trades(4)
TRGP,Energy,SECTOR_ENERGY,3,2,1,66.67,4.9759,0.3932,1.1053,110.53,4.1886,-1.5418,5.7233,-1.5418,138.33,27.8,-0.2769,9.9173,0.0,3.992,10.3,17,0,3,too_few_trades(3)
NWS,Communication Services,SECTOR_COMMUNICATION_SERVICES,1,1,0,100.0,inf,0.354,0.3535,35.35,1.1382,0.0,1.1382,1.1382,35.35,0.0,0.0,0.0,0.0,inf,11.0,11,0,1,too_few_trades(1)
GEHC,Healthcare,SECTOR_HEALTHCARE,2,1,1,50.0,1.8088,0.3022,0.5265,52.65,10.5582,-2.5136,10.5582,-2.5136,117.75,65.1,-0.6434,6.908,0.0,0.8183,78.0,151,0,2,too_few_trades(2)
CON,Healthcare,SECTOR_HEALTHCARE,2,1,1,50.0,1.269,0.2984,0.2677,26.77,7.9844,-5.8392,7.9844,-5.8392,126.28,99.51,-0.9951,1.7419,0.0,0.269,8.0,12,0,2,too_few_trades(2)
AMTM,Industrials,SECTOR_INDUSTRIALS,3,1,2,33.33,2.043,0.2956,1.3475,134.75,16.1688,-7.0308,16.1688,-8.5987,263.94,129.19,-1.2919,0.8268,5.0287,1.043,11.3,18,0,3,too_few_trades(3)
MUSA,Consumer Discretionary,SECTOR_CONSUMER_DISCRETIONARY,2,1,1,50.0,2.1427,0.2937,0.823,82.3,9.7005,-5.5356,9.7005,-5.5356,154.32,72.02,-0.7202,3.0684,0.0,1.1427,20.5,30,0,2,too_few_trades(2)
RGA,Financials,SECTOR_FINANCIALS,3,2,1,66.67,1.301,0.2608,0.3132,31.32,4.8924,-3.7632,5.2446,-3.7632,135.37,104.05,-1.0359,6.3602,0.0,0.3023,12.0,21,0,3,too_few_trades(3)
PAGP,Energy,SECTOR_ENERGY,3,2,1,66.67,1.4272,0.2379,0.4688,46.88,2.7953,-2.7001,3.07,-2.7001,156.62,109.74,-1.0912,4.8026,0.0,0.4296,10.0,15,0,3,too_few_trades(3)
CPAY,Technology,SECTOR_TECHNOLOGY,2,1,1,50.0,1.7265,0.1853,0.3883,38.83,5.1267,-3.1011,5.1267,-3.1011,92.28,53.45,-0.5345,2.7635,0.0,0.7265,16.5,30,0,2,too_few_trades(2)
NSP,Industrials,SECTOR_INDUSTRIALS,3,2,1,66.67,1.1658,0.1622,0.1629,16.29,5.91,-5.1937,8.8108,-5.1937,114.55,98.26,-0.9826,4.983,0.0,0.1658,19.7,28,1,2,too_few_trades(3)
NBBK,Financials,SECTOR_FINANCIALS,4,1,3,25.0,1.3881,0.097,0.2125,21.25,4.5688,-1.0106,4.5688,-1.7999,76.0,54.75,-0.5434,2.141,8.6126,0.3911,9.2,13,0,4,too_few_trades(4)
ACRS,Healthcare,SECTOR_HEALTHCARE,23,5,18,21.74,0.9844,0.0746,-0.2004,-20.04,23.1238,-9.0218,74.6032,-14.9087,1266.09,1286.13,-10.2898,-1.7016,-6.8358,-0.0195,10.5,46,1,22,low_profit_factor(0.98)
MTRX,Industrials,SECTOR_INDUSTRIALS,23,11,12,47.83,0.9786,0.0539,-0.2298,-22.98,11.0014,-8.3183,30.9979,-18.3524,1050.06,1073.04,-6.3526,1.1441,3.2292,-0.0362,13.0,50,0,23,low_profit_factor(0.98)
WEC,Utilities,SECTOR_UTILITIES,19,7,12,36.84,0.9769,0.0505,-0.1828,-18.28,3.9289,-2.5795,15.0305,-4.6683,771.88,790.16,-5.5428,-0.6219,-1.7517,-0.033,9.4,45,0,19,low_profit_factor(0.98)
ESAB,Industrials,SECTOR_INDUSTRIALS,2,1,1,50.0,3.9333,0.0365,0.0704,7.04,0.49,-0.1338,0.49,-0.1338,9.44,2.4,-0.024,6.4096,0.0,2.9361,9.5,12,0,2,too_few_trades(2)
LPLA,Financials,SECTOR_FINANCIALS,22,4,18,18.18,0.9939,0.0332,-0.0608,-6.08,18.0931,-3.1108,38.5424,-6.6976,987.62,993.7,-5.9516,1.17,5.8779,-0.0102,9.3,52,1,21,low_profit_factor(0.99)
MO,Consumer Staples,SECTOR_CONSUMER_STAPLES,20,7,13,35.0,0.9957,0.0272,-0.038,-3.8,4.4994,-2.2907,9.1652,-4.5656,880.33,884.13,-5.081,0.3652,1.1889,-0.0075,10.2,24,0,20,low_profit_factor(1.00)
FCBC,Financials,SECTOR_FINANCIALS,16,6,10,37.5,0.9903,0.0237,-0.0671,-6.71,6.9533,-4.3439,18.3835,-7.7299,681.91,688.62,-4.2534,-0.2351,-0.6421,-0.0158,9.2,25,1,15,low_profit_factor(0.99)
TJX,Consumer Discretionary,SECTOR_CONSUMER_DISCRETIONARY,31,10,21,32.26,0.951,0.0212,-0.5425,-54.25,4.6943,-2.2715,13.8471,-8.4938,1053.64,1107.89,-3.6004,-0.0864,-0.177,-0.1507,10.4,38,0,31,low_profit_factor(0.95)
RNGR,Energy,SECTOR_ENERGY,11,4,7,36.36,0.8871,0.0193,-0.6032,-60.32,8.3359,-5.0777,26.5501,-8.0917,473.8,534.12,-4.1861,-0.327,-1.4357,-0.1441,9.6,28,0,11,low_profit_factor(0.89)
EBAY,Consumer Discretionary,SECTOR_CONSUMER_DISCRETIONARY,20,6,14,30.0,0.9457,0.0158,-0.6579,-65.79,11.3155,-4.5865,21.1108,-10.6192,1145.92,1211.71,-3.1052,0.3344,1.0229,-0.2119,15.2,62,1,19,low_profit_factor(0.95)
ETY,Financials,SECTOR_FINANCIALS,24,9,15,37.5,0.9475,0.0156,-0.387,-38.7,2.9259,-1.4719,8.2237,-5.9295,697.96,736.66,-3.0418,0.9134,1.8867,-0.1272,12.2,39,1,23,low_profit_factor(0.95)
UTZ,Consumer Staples,SECTOR_CONSUMER_STAPLES,16,5,11,31.25,0.948,0.0154,-0.409,-40.9,12.095,-4.3237,22.6234,-7.0375,746.16,787.06,-6.1541,1.3285,5.44,-0.0665,13.8,41,0,16,low_profit_factor(0.95)
BSVN,Financials,SECTOR_FINANCIALS,14,5,9,35.71,0.9572,0.0143,-0.2313,-23.13,6.3043,-3.7705,12.5836,-7.4738,517.43,540.56,-3.1648,-0.4338,-0.9213,-0.0731,9.4,23,0,14,low_profit_factor(0.96)
KEY,Financials,SECTOR_FINANCIALS,19,7,12,36.84,0.9602,0.0137,-0.3257,-32.57,7.4947,-4.8346,18.5309,-10.6125,785.82,818.39,-4.3979,-0.6081,-1.5074,-0.0741,18.5,75,2,17,low_profit_factor(0.96)
JKHY,Technology,SECTOR_TECHNOLOGY,14,5,9,35.71,0.9803,0.0135,-0.1137,-11.37,5.4547,-2.7748,13.2352,-4.711,566.46,577.83,-3.5163,0.5115,2.2896,-0.0323,10.6,37,1,13,low_profit_factor(0.98)
BVS,Healthcare,SECTOR_HEALTHCARE,20,6,14,30.0,0.9273,0.0133,-0.9495,-94.95,38.8759,-10.9912,189.2308,-24.5223,1210.22,1305.17,-5.9997,1.4037,9.0441,-0.1583,12.8,63,2,18,low_profit_factor(0.93)
APAM,Financials,SECTOR_FINANCIALS,21,7,14,33.33,0.9529,0.012,-0.4278,-42.78,7.6962,-3.6071,19.6091,-7.4669,865.73,908.51,-3.8329,0.3828,1.2525,-0.1116,11.6,63,1,20,low_profit_factor(0.95)
MSGS,Communication Services,SECTOR_COMMUNICATION_SERVICES,22,11,11,50.0,0.9732,0.0116,-0.2203,-22.03,3.1885,-3.0705,7.503,-5.5009,799.71,821.74,-4.7725,0.2395,0.6441,-0.0462,12.4,40,0,22,low_profit_factor(0.97)
OSBC,Financials,SECTOR_FINANCIALS,17,6,11,35.29,0.9958,0.0057,-0.0272,-2.72,7.6112,-3.3422,22.0759,-6.0277,646.96,649.68,-3.9765,1.1833,4.1268,-0.0068,12.7,47,0,17,low_profit_factor(1.00)
ATNI,Communication Services,SECTOR_COMMUNICATION_SERVICES,16,5,11,31.25,0.9717,0.0053,-0.194,-19.4,13.4248,-4.527,21.1401,-8.875,667.26,686.66,-3.2961,1.7773,6.2582,-0.0589,18.3,56,0,16,low_profit_factor(0.97)
AVBP,Healthcare,SECTOR_HEALTHCARE,4,2,2,50.0,1.1178,0.004,0.2107,21.07,11.8954,-10.8742,13.2594,-12.0287,199.86,178.79,-0.9852,0.6128,4.9642,0.2139,18.5,42,0,4,too_few_trades(4)
KTB,Consumer Discretionary,SECTOR_CONSUMER_DISCRETIONARY,22,10,12,45.45,0.9716,0.0033,-0.2579,-25.79,6.3511,-5.0997,16.8017,-9.8374,881.22,907.01,-2.8132,0.2268,0.539,-0.0917,14.2,57,1,21,low_profit_factor(0.97)
MSEX,Utilities,SECTOR_UTILITIES,14,5,9,35.71,0.9637,0.0032,-0.2862,-28.62,8.835,-5.1802,14.756,-6.3631,759.43,788.05,-5.1488,-0.3645,-1.8035,-0.0556,21.1,65,2,12,low_profit_factor(0.96)
XOM,Energy,SECTOR_ENERGY,12,3,9,25.0,0.9128,0.0032,-0.574,-57.4,8.2159,-2.8259,13.1554,-4.9258,600.99,658.39,-5.3738,-0.1758,-0.7124,-0.1068,8.4,30,0,12,low_profit_factor(0.91)
ETD,Consumer Discretionary,SECTOR_CONSUMER_DISCRETIONARY,19,6,13,31.58,0.9716,0.003,-0.2738,-27.38,9.3985,-4.0705,16.0408,-7.9118,935.96,963.34,-5.2698,0.4063,1.1448,-0.052,9.2,25,2,17,low_profit_factor(0.97)
CLMB,Technology,SECTOR_TECHNOLOGY,21,10,11,47.62,0.9896,0.0027,-0.0712,-7.12,5.3392,-4.45,12.52,-7.7356,675.84,682.96,-4.2507,0.5658,1.6204,-0.0168,9.3,23,0,21,low_profit_factor(0.99)
FTK,Energy,SECTOR_ENERGY,21,7,14,33.33,0.9869,0.0024,-0.1417,-14.17,17.9604,-9.0407,41.8605,-14.4949,1063.65,1077.82,-6.1302,-0.0409,-0.1637,-0.0231,11.7,45,0,21,low_profit_factor(0.99)
POR,Utilities,SECTOR_UTILITIES,16,6,10,37.5,0.9907,0.0017,-0.0734,-7.34,4.8382,-2.9197,8.4855,-4.8548,780.34,787.68,-5.5622,-0.0377,-0.103,-0.0132,15.4,36,1,15,low_profit_factor(0.99)
CLFD,Technology,SECTOR_TECHNOLOGY,12,3,9,25.0,1.0259,-0.0003,0.1541,15.41,18.5859,-5.4348,28.4197,-8.9529,609.5,594.09,-2.0693,0.7552,2.8609,0.0745,21.5,87,2,10,negative_expectancy(-0.000)
WWW,Consumer Discretionary,SECTOR_CONSUMER_DISCRETIONARY,17,7,10,41.18,1.0169,-0.0004,0.1731,17.31,12.9418,-9.4901,15.7931,-24.7744,1039.3,1021.99,-7.622,-0.3158,-0.5416,0.0227,21.2,145,0,17,negative_expectancy(-0.000)
MMSI,Healthcare,SECTOR_HEALTHCARE,22,9,13,40.91,0.9861,-0.0006,-0.1368,-13.68,5.9812,-3.7365,11.7281,-8.0115,969.63,983.31,-5.0262,0.6729,1.7609,-0.0272,12.0,40,0,22,low_profit_factor(0.99); negative_expectancy(-0.001)
JOF,Financials,SECTOR_FINANCIALS,24,11,13,45.83,1.0956,-0.0006,0.7772,77.72,2.6338,-1.8329,12.3153,-3.657,890.6,812.88,-5.5718,1.0346,3.2072,0.1395,11.2,53,0,24,negative_expectancy(-0.001)
EIG,Financials,SECTOR_FINANCIALS,15,5,10,33.33,1.0696,-0.0015,0.4586,45.86,6.2016,-3.0386,13.4861,-6.7817,704.45,658.59,-3.9054,0.1202,0.3052,0.1174,10.8,42,0,15,negative_expectancy(-0.002)
ED,Utilities,SECTOR_UTILITIES,14,4,10,28.57,0.9534,-0.0017,-0.3676,-36.76,6.8331,-2.7184,9.9377,-4.0876,752.14,788.9,-3.2011,0.0356,0.1317,-0.1148,10.4,33,0,14,low_profit_factor(0.95); negative_expectancy(-0.002)
ENTG,Technology,SECTOR_TECHNOLOGY,17,4,13,23.53,0.9835,-0.0017,-0.1566,-15.66,17.0422,-5.6775,36.1012,-12.2699,933.75,949.41,-6.7899,-0.4292,-1.4918,-0.0231,14.4,58,1,16,low_profit_factor(0.98); negative_expectancy(-0.002)
COLB,Financials,SECTOR_FINANCIALS,18,6,12,33.33,0.9699,-0.0017,-0.252,-25.2,8.7252,-4.9926,20.8858,-9.5329,810.88,836.08,-4.282,-0.813,-2.4456,-0.0589,15.8,85,0,18,low_profit_factor(0.97); negative_expectancy(-0.002)
ZG,Communication Services,SECTOR_COMMUNICATION_SERVICES,21,6,15,28.57,0.9114,-0.0019,-0.9359,-93.59,15.5236,-5.3416,36.5913,-11.5743,962.44,1056.03,-3.8801,0.7816,3.0299,-0.2412,12.7,65,0,21,low_profit_factor(0.91); negative_expectancy(-0.002)
KBH,Consumer Discretionary,SECTOR_CONSUMER_DISCRETIONARY,22,7,15,31.82,0.972,-0.0042,-0.2464,-24.64,7.1559,-3.9804,11.4698,-9.1581,854.04,878.68,-5.475,-1.1194,-2.3588,-0.045,12.8,46,1,21,low_profit_factor(0.97); negative_expectancy(-0.004)
AKAM,Technology,SECTOR_TECHNOLOGY,18,6,12,33.33,1.0369,-0.0043,0.2984,29.84,5.7682,-3.2201,17.1648,-6.3632,837.53,807.69,-2.9496,-0.6019,-1.6329,0.1012,17.9,74,1,17,negative_expectancy(-0.004)
DXCM,Healthcare,SECTOR_HEALTHCARE,19,6,13,31.58,0.9849,-0.0044,-0.119,-11.9,12.4662,-3.8577,25.0422,-6.2537,774.34,786.24,-4.5904,2.2262,10.823,-0.0259,15.5,75,3,16,low_profit_factor(0.98); negative_expectancy(-0.004)
TOWN,Financials,SECTOR_FINANCIALS,20,8,12,40.0,0.8654,-0.005,-1.159,-115.9,4.9514,-3.6352,11.9928,-6.6022,745.08,860.98,-2.9019,-0.6121,-1.6706,-0.3994,11.6,21,0,20,low_profit_factor(0.87); negative_expectancy(-0.005)
F,Consumer Discretionary,SECTOR_CONSUMER_DISCRETIONARY,18,5,13,27.78,0.9748,-0.0051,-0.2267,-22.67,10.8218,-3.9535,17.1584,-8.04,876.88,899.55,-5.2174,0.2995,0.808,-0.0435,14.1,47,0,18,low_profit_factor(0.97); negative_expectancy(-0.005)
KNX,Industrials,SECTOR_INDUSTRIALS,16,7,9,43.75,1.0237,-0.0056,0.1318,13.18,5.1104,-4.3719,12.1244,-9.2242,568.89,555.71,-4.4616,-0.5806,-1.1312,0.0295,12.9,30,0,16,negative_expectancy(-0.006)
HPF,Financials,SECTOR_FINANCIALS,18,6,12,33.33,1.0027,-0.0059,0.0235,2.35,3.5995,-2.1511,8.6678,-3.8018,864.7,862.35,-4.7963,-1.0904,-3.2014,0.0049,13.9,56,0,18,negative_expectancy(-0.006)
IT,Technology,SECTOR_TECHNOLOGY,20,7,13,35.0,1.1067,-0.0059,0.8906,89.06,7.0261,-3.1798,19.8041,-5.9441,923.99,834.93,-3.5211,0.9371,3.2473,0.2529,11.8,31,2,18,negative_expectancy(-0.006)
STOK,Healthcare,SECTOR_HEALTHCARE,21,6,15,28.57,1.0184,-0.0062,0.2149,21.49,24.9152,-9.8995,40.8364,-14.8355,1190.99,1169.5,-7.9798,0.0432,0.1772,0.0269,14.2,57,1,20,negative_expectancy(-0.006)
MHD,Financials,SECTOR_FINANCIALS,18,5,13,27.78,0.9284,-0.0066,-0.5582,-55.82,3.3455,-1.4025,10.4673,-3.6758,724.21,780.03,-3.9958,-0.4192,-1.1116,-0.1397,18.7,127,0,18,low_profit_factor(0.93); negative_expectancy(-0.007)
PATK,Consumer Discretionary,SECTOR_CONSUMER_DISCRETIONARY,28,13,15,46.43,0.9956,-0.0067,-0.0438,-4.38,4.8096,-4.8114,10.421,-8.8924,996.88,1001.26,-4.011,-0.9653,-2.049,-0.0109,10.4,29,0,28,low_profit_factor(1.00); negative_expectancy(-0.007)
MYD,Financials,SECTOR_FINANCIALS,15,4,11,26.67,0.9613,-0.0069,-0.3144,-31.44,4.5297,-1.6671,12.8796,-3.4823,779.95,811.39,-4.2784,-0.0588,-0.2137,-0.0735,24.6,206,1,14,low_profit_factor(0.96); negative_expectancy(-0.007)
RYI,Industrials,SECTOR_INDUSTRIALS,14,6,8,42.86,0.9343,-0.0083,-0.3734,-37.34,6.9409,-4.851,22.1178,-7.6606,530.77,568.11,-2.7182,0.3831,1.1644,-0.1374,10.4,40,0,14,low_profit_factor(0.93); negative_expectancy(-0.008)
BSRR,Financials,SECTOR_FINANCIALS,20,6,14,30.0,0.9716,-0.0086,-0.3396,-33.96,10.9783,-5.1698,24.8683,-7.6315,1162.45,1196.41,-4.3091,-0.5944,-3.0206,-0.0788,13.6,81,0,20,low_profit_factor(0.97); negative_expectancy(-0.009)
ADI,Technology,SECTOR_TECHNOLOGY,27,10,17,37.04,0.9852,-0.0087,-0.1823,-18.23,6.8298,-3.8456,10.5932,-10.7979,1213.25,1231.48,-5.1823,0.2846,0.6403,-0.0352,8.9,25,0,27,low_profit_factor(0.99); negative_expectancy(-0.009)
JNJ,Healthcare,SECTOR_HEALTHCARE,20,8,12,40.0,1.0175,-0.0089,0.1375,13.75,3.1839,-1.9601,7.0549,-3.4059,800.6,786.85,-5.4894,0.4946,1.5154,0.025,9.8,31,0,20,negative_expectancy(-0.009)
HLF,Consumer Staples,SECTOR_CONSUMER_STAPLES,16,7,9,43.75,1.0038,-0.009,0.0325,3.25,10.7973,-9.1052,28.4424,-11.1002,865.88,862.63,-5.1434,-0.5274,-4.8352,0.0063,19.4,64,2,14,negative_expectancy(-0.009)
LFUS,Technology,SECTOR_TECHNOLOGY,20,8,12,40.0,0.9403,-0.0091,-0.511,-51.1,7.202,-4.1062,21.1503,-6.7423,805.02,856.12,-4.0821,0.8751,3.4956,-0.1252,12.1,47,0,20,low_profit_factor(0.94); negative_expectancy(-0.009)
GOSS,Healthcare,SECTOR_HEALTHCARE,17,7,10,41.18,1.0088,-0.0091,0.066,6.6,15.1176,-13.2658,29.9145,-21.0801,759.78,753.18,-5.6927,-1.4979,-5.7597,0.0116,17.5,129,1,16,negative_expectancy(-0.009)
OMF,Financials,SECTOR_FINANCIALS,23,8,15,34.78,1.0783,-0.0102,0.7972,79.72,8.3976,-4.2503,24.3313,-9.1443,1097.33,1017.61,-4.5582,0.2834,0.9675,0.1749,13.0,68,1,22,negative_expectancy(-0.010)
HCI,Financials,SECTOR_FINANCIALS,28,8,20,28.57,0.9828,-0.0103,-0.241,-24.1,13.5243,-5.5743,40.0843,-13.6724,1376.13,1400.23,-4.7242,-0.1501,-0.6929,-0.051,11.2,50,0,28,low_profit_factor(0.98); negative_expectancy(-0.010)
ETSY,Consumer Discretionary,SECTOR_CONSUMER_DISCRETIONARY,12,4,8,33.33,0.9347,-0.0104,-0.4501,-45.01,19.1089,-6.9359,42.7355,-16.3644,644.45,689.46,-5.6645,1.7118,6.0585,-0.0795,29.8,114,0,12,low_profit_factor(0.93); negative_expectancy(-0.010)
PNTG,Healthcare,SECTOR_HEALTHCARE,21,10,11,47.62,1.0205,-0.0106,0.197,19.7,7.5705,-9.3846,16.8385,-13.5301,982.74,963.04,-5.826,-2.1611,-6.5365,0.0338,12.6,36,0,21,negative_expectancy(-0.011)
SAH,Consumer Discretionary,SECTOR_CONSUMER_DISCRETIONARY,22,7,15,31.82,0.9759,-0.0109,-0.2241,-22.41,9.632,-4.7196,27.7073,-8.9735,909.04,931.45,-7.0071,-0.2754,-0.8986,-0.032,9.5,30,1,21,low_profit_factor(0.98); negative_expectancy(-0.011)
SSNC,Technology,SECTOR_TECHNOLOGY,26,8,18,30.77,0.9196,-0.0109,-0.8803,-88.03,5.2997,-2.4342,10.5349,-5.855,1006.35,1094.38,-3.1769,-0.1941,-0.5796,-0.2771,10.1,32,0,26,low_profit_factor(0.92); negative_expectancy(-0.011)
IDT,Communication Services,SECTOR_COMMUNICATION_SERVICES,21,9,12,42.86,0.9352,-0.011,-0.5022,-50.22,5.6296,-4.3551,15.5921,-9.5988,724.82,775.04,-2.9884,-0.1747,-0.3813,-0.168,13.7,62,2,19,low_profit_factor(0.94); negative_expectancy(-0.011)
GWW,Industrials,SECTOR_INDUSTRIALS,6,2,4,33.33,0.8745,-0.0111,-0.1475,-14.75,3.5214,-1.4095,3.7278,-3.4108,102.75,117.5,-0.781,1.3189,2.3977,-0.1889,6.7,19,0,6,low_profit_factor(0.87); negative_expectancy(-0.011)
GRBK,Consumer Discretionary,SECTOR_CONSUMER_DISCRETIONARY,22,7,15,31.82,0.9794,-0.0112,-0.1712,-17.12,9.0457,-4.0462,16.8706,-9.5596,812.27,829.39,-2.9965,0.2585,0.663,-0.0571,11.6,43,1,21,low_profit_factor(0.98); negative_expectancy(-0.011)
SNX,Technology,SECTOR_TECHNOLOGY,25,10,15,40.0,0.9938,-0.0112,-0.0578,-5.78,4.5456,-2.8388,10.075,-6.1266,919.81,925.59,-3.9464,0.416,1.0135,-0.0146,9.9,32,1,24,low_profit_factor(0.99); negative_expectancy(-0.011)
LMB,Industrials,SECTOR_INDUSTRIALS,35,13,22,37.14,0.9659,-0.0116,-0.442,-44.2,10.6866,-6.0944,39.2237,-11.6254,1250.26,1294.46,-3.4971,0.2045,0.659,-0.1264,8.3,24,0,35,low_profit_factor(0.97); negative_expectancy(-0.012)
NI,Utilities,SECTOR_UTILITIES,17,7,10,41.18,1.0422,-0.0119,0.2726,27.26,2.9697,-2.4563,4.7517,-4.7326,672.8,645.54,-3.3244,-1.1355,-2.3542,0.082,9.4,31,0,17,negative_expectancy(-0.012)
CHW,Financials,SECTOR_FINANCIALS,22,9,13,40.91,0.9188,-0.0123,-0.707,-70.7,2.9122,-2.393,8.2143,-5.2079,800.16,870.86,-4.9049,-1.0296,-2.0737,-0.1441,17.7,61,2,20,low_profit_factor(0.92); negative_expectancy(-0.012)
MRK,Healthcare,SECTOR_HEALTHCARE,11,3,8,27.27,1.0151,-0.0125,0.1188,11.88,9.7347,-4.1642,18.9258,-5.0475,796.11,784.23,-6.5384,-0.7803,-8.1184,0.0182,10.6,52,1,10,negative_expectancy(-0.013)
ROL,Consumer Discretionary,SECTOR_CONSUMER_DISCRETIONARY,24,8,16,33.33,1.0158,-0.0132,0.1593,15.93,5.0903,-2.5204,11.5581,-5.0149,1023.26,1007.33,-6.375,0.0564,0.1915,0.025,12.1,40,0,24,negative_expectancy(-0.013)
XYZ,Technology,SECTOR_TECHNOLOGY,16,5,11,31.25,0.9546,-0.0133,-0.4946,-49.46,18.2527,-9.5903,30.6942,-20.5103,1039.65,1089.11,-3.4513,-0.9344,-2.4271,-0.1433,22.1,124,1,15,low_profit_factor(0.95); negative_expectancy(-0.013)
PACB,Healthcare,SECTOR_HEALTHCARE,14,5,9,35.71,1.0128,-0.0139,0.0903,9.03,19.0508,-12.4254,48.5714,-18.5187,716.53,707.5,-4.3087,-0.9582,-3.4138,0.021,13.1,28,0,14,negative_expectancy(-0.014)
ULH,Industrials,SECTOR_INDUSTRIALS,21,8,13,38.1,0.9951,-0.014,-0.0515,-5.15,10.0037,-6.6471,23.9855,-11.4415,1038.75,1043.9,-6.9982,-0.501,-2.0455,-0.0074,10.9,38,0,21,low_profit_factor(1.00); negative_expectancy(-0.014)
ALLY,Financials,SECTOR_FINANCIALS,18,7,11,38.89,1.0326,-0.014,0.2568,25.68,7.0417,-4.5089,21.6998,-8.1238,814.16,788.48,-5.7443,-0.0358,-0.0979,0.0447,12.6,51,0,18,negative_expectancy(-0.014)
CGEM,Healthcare,SECTOR_HEALTHCARE,12,5,7,41.67,1.0781,-0.0142,0.4058,40.58,12.3058,-9.6212,49.0146,-15.3914,560.33,519.75,-3.5225,-0.4537,-2.1583,0.1152,11.7,36,0,12,negative_expectancy(-0.014)
FAST,Industrials,SECTOR_INDUSTRIALS,22,8,14,36.36,1.0173,-0.0144,0.146,14.6,4.0291,-2.6699,6.9806,-4.69,858.08,843.48,-2.9109,-1.0034,-2.7183,0.0502,13.9,70,0,22,negative_expectancy(-0.014)
ALHC,Healthcare,SECTOR_HEALTHCARE,24,9,15,37.5,1.0057,-0.0146,0.0551,5.51,11.7403,-6.7562,41.1043,-12.8678,979.19,973.68,-6.3691,0.2305,0.6933,0.0087,10.4,53,1,23,negative_expectancy(-0.015)
MTZ,Industrials,SECTOR_INDUSTRIALS,24,9,15,37.5,1.032,-0.0147,0.3582,35.82,11.0151,-4.8251,39.0475,-13.3631,1154.9,1119.08,-3.8888,1.6073,4.9959,0.0921,13.8,71,1,23,negative_expectancy(-0.015)
PLXS,Technology,SECTOR_TECHNOLOGY,27,12,15,44.44,0.9097,-0.0151,-1.1112,-111.12,5.1507,-4.0163,15.4648,-11.668,1119.3,1230.42,-3.6448,0.158,0.3533,-0.3049,10.9,38,0,27,low_profit_factor(0.91); negative_expectancy(-0.015)
IMVT,Healthcare,SECTOR_HEALTHCARE,18,6,12,33.33,1.0718,-0.0153,0.7175,71.75,22.8752,-8.8673,62.8827,-12.5811,1071.12,999.37,-6.6627,1.3679,9.1812,0.1077,13.7,44,0,18,negative_expectancy(-0.015)
GWRE,Technology,SECTOR_TECHNOLOGY,27,13,14,48.15,0.9156,-0.0154,-0.9425,-94.25,4.7282,-4.4937,15.9434,-8.0774,1022.14,1116.39,-4.2653,-0.1358,-0.3431,-0.221,11.3,33,0,27,low_profit_factor(0.92); negative_expectancy(-0.015)
BC,Consumer Discretionary,SECTOR_CONSUMER_DISCRETIONARY,16,5,11,31.25,1.0081,-0.0156,0.0597,5.97,10.1614,-4.3715,18.7771,-8.0459,739.27,733.3,-3.1266,0.3226,1.012,0.0191,15.9,76,1,15,negative_expectancy(-0.016)
HAFC,Financials,SECTOR_FINANCIALS,15,6,9,40.0,0.8629,-0.0159,-0.9032,-90.32,6.1656,-4.6517,13.7299,-8.9768,568.47,658.79,-3.5257,-0.775,-1.9773,-0.2562,15.1,53,1,14,low_profit_factor(0.86); negative_expectancy(-0.016)
MGEE,Utilities,SECTOR_UTILITIES,17,5,12,29.41,0.962,-0.0159,-0.2241,-22.41,5.2302,-2.033,7.2267,-3.9791,567.77,590.18,-3.2896,0.4401,1.1891,-0.0681,12.3,89,0,17,low_profit_factor(0.96); negative_expectancy(-0.016)
SWX,Utilities,SECTOR_UTILITIES,19,5,14,26.32,0.9611,-0.0167,-0.304,-30.4,7.2191,-2.4264,14.0625,-7.5265,750.21,780.61,-5.0658,0.3385,1.0288,-0.06,8.7,40,0,19,low_profit_factor(0.96); negative_expectancy(-0.017)
RNG,Technology,SECTOR_TECHNOLOGY,11,3,8,27.27,0.9164,-0.0169,-0.4753,-47.53,14.6914,-7.018,18.0333,-14.4735,521.17,568.7,-2.9382,-1.573,-3.7218,-0.1618,26.1,88,0,11,low_profit_factor(0.92); negative_expectancy(-0.017)
PLPC,Industrials,SECTOR_INDUSTRIALS,26,10,16,38.46,0.9951,-0.017,-0.045,-4.5,5.8745,-3.9755,13.3486,-10.7594,906.72,911.22,-7.0313,-0.4812,-0.9822,-0.0064,10.8,29,0,26,low_profit_factor(1.00); negative_expectancy(-0.017)
SNDR,Industrials,SECTOR_INDUSTRIALS,17,8,9,47.06,0.9331,-0.0178,-0.5631,-56.31,5.3855,-4.4143,17.5033,-12.3926,784.87,841.18,-4.0419,0.4657,0.997,-0.1393,12.5,45,0,17,low_profit_factor(0.93); negative_expectancy(-0.018)
FWONK,Communication Services,SECTOR_COMMUNICATION_SERVICES,18,8,10,44.44,0.9783,-0.0179,-0.1232,-12.32,3.8602,-3.261,8.6334,-6.822,555.13,567.45,-2.9228,-0.3453,-0.7244,-0.0422,9.3,26,0,18,low_profit_factor(0.98); negative_expectancy(-0.018)
GES,Consumer Discretionary,SECTOR_CONSUMER_DISCRETIONARY,18,5,13,27.78,0.9194,-0.0186,-0.7204,-72.04,13.17,-4.57,29.3117,-11.5563,821.55,893.59,-4.6056,0.526,1.5431,-0.1564,14.3,59,0,18,low_profit_factor(0.92); negative_expectancy(-0.019)
SYRE,Healthcare,SECTOR_HEALTHCARE,16,5,11,31.25,1.0329,-0.0195,0.2603,26.03,24.435,-11.1268,42.5217,-20.8955,817.87,791.84,-5.027,-0.0111,-0.0336,0.0518,18.1,120,1,15,negative_expectancy(-0.019)
AMZN,Consumer Discretionary,SECTOR_CONSUMER_DISCRETIONARY,27,8,19,29.63,0.9293,-0.0199,-0.6896,-68.96,6.003,-3.004,20.2444,-9.0541,906.94,975.9,-3.1261,-0.9326,-2.0741,-0.2206,12.0,60,0,27,low_profit_factor(0.93); negative_expectancy(-0.020)
AOSL,Technology,SECTOR_TECHNOLOGY,16,4,12,25.0,0.9747,-0.0204,-0.2444,-24.44,17.6782,-8.2516,39.8954,-15.9566,942.92,967.36,-4.7375,-1.9788,-7.445,-0.0516,13.4,36,0,16,low_profit_factor(0.97); negative_expectancy(-0.020)
ACLX,Healthcare,SECTOR_HEALTHCARE,4,1,3,25.0,1.0857,-0.0207,0.1352,13.52,12.9746,-6.0887,12.9746,-11.0722,171.36,157.84,-1.2248,-2.0662,-4.8589,0.1104,13.0,26,0,4,too_few_trades(4); negative_expectancy(-0.021)
FLUT,Consumer Discretionary,SECTOR_CONSUMER_DISCRETIONARY,23,9,14,39.13,1.052,-0.0208,0.3608,36.08,5.8376,-4.0092,22.2233,-13.9991,729.73,693.65,-3.292,-0.3519,-0.6973,0.1096,13.1,64,1,22,negative_expectancy(-0.021)
RSI,Consumer Discretionary,SECTOR_CONSUMER_DISCRETIONARY,25,12,13,48.0,0.9312,-0.0209,-0.6612,-66.12,6.4266,-7.6741,16.7147,-12.0505,894.38,960.5,-4.9458,-1.6691,-4.164,-0.1337,11.5,38,0,25,low_profit_factor(0.93); negative_expectancy(-0.021)
CNC,Healthcare,SECTOR_HEALTHCARE,15,3,12,20.0,0.9472,-0.0216,-0.4584,-45.84,19.1286,-3.439,45.5982,-6.7112,823.1,868.94,-6.68,1.3238,7.927,-0.0686,13.7,92,1,14,low_profit_factor(0.95); negative_expectancy(-0.022)
HLMN,Industrials,SECTOR_INDUSTRIALS,20,6,14,30.0,0.9354,-0.0222,-0.5127,-51.27,8.9434,-4.1579,24.6173,-9.2734,742.1,793.37,-4.2624,-0.4271,-1.0814,-0.1203,12.0,37,0,20,low_profit_factor(0.94); negative_expectancy(-0.022)
MOG-A,Industrials,SECTOR_INDUSTRIALS,28,8,20,28.57,0.946,-0.0223,-0.5634,-56.34,6.5275,-2.7881,16.8446,-5.7563,986.71,1043.05,-7.4849,-0.3854,-1.1411,-0.0753,9.1,24,1,27,low_profit_factor(0.95); negative_expectancy(-0.022)
LPX,Industrials,SECTOR_INDUSTRIALS,22,10,12,45.45,0.9873,-0.0224,-0.1039,-10.39,4.7305,-4.4275,12.2892,-7.4248,808.74,819.13,-4.0893,-0.7583,-1.6586,-0.0254,11.7,26,0,22,low_profit_factor(0.99); negative_expectancy(-0.022)
AEIS,Industrials,SECTOR_INDUSTRIALS,27,10,17,37.04,0.9578,-0.023,-0.4403,-44.03,7.4612,-4.6039,19.2095,-9.4922,998.23,1042.26,-3.7119,-0.2906,-0.7782,-0.1186,8.3,23,0,27,low_profit_factor(0.96); negative_expectancy(-0.023)
VREX,Healthcare,SECTOR_HEALTHCARE,18,6,12,33.33,0.9636,-0.0237,-0.3649,-36.49,13.2355,-5.9316,31.25,-9.938,965.53,1002.02,-5.6261,0.649,2.6386,-0.0649,11.3,33,0,18,low_profit_factor(0.96); negative_expectancy(-0.024)
DBX,Technology,SECTOR_TECHNOLOGY,24,10,14,41.67,0.9613,-0.0242,-0.3808,-38.08,4.2304,-3.7641,18.2247,-8.5076,944.76,982.84,-3.3971,-1.2812,-3.0995,-0.1121,12.0,53,0,24,low_profit_factor(0.96); negative_expectancy(-0.024)
WLK,Materials,SECTOR_MATERIALS,16,5,11,31.25,0.9671,-0.0245,-0.2028,-20.28,7.648,-3.5884,15.0255,-8.7645,596.67,616.95,-3.5993,-0.1919,-0.3874,-0.0563,10.7,30,0,16,low_profit_factor(0.97); negative_expectancy(-0.025)
ZS,Technology,SECTOR_TECHNOLOGY,22,9,13,40.91,0.9899,-0.0246,-0.1149,-11.49,10.3951,-7.6082,40.0018,-19.1669,1121.98,1133.47,-3.7429,-0.294,-0.7636,-0.0307,12.5,45,0,22,low_profit_factor(0.99); negative_expectancy(-0.025)
DMAC,Healthcare,SECTOR_HEALTHCARE,21,6,15,28.57,0.7945,-0.0247,-2.4218,-242.18,30.2054,-10.3794,170.0,-15.0607,936.12,1178.3,-6.3946,0.4925,5.0332,-0.3787,12.6,137,2,19,low_profit_factor(0.79); negative_expectancy(-0.025)
CBU,Financials,SECTOR_FINANCIALS,19,5,14,26.32,0.9037,-0.0252,-0.8838,-88.38,9.4269,-3.7069,23.607,-7.1836,829.43,917.81,-4.0418,-0.5073,-1.7814,-0.2187,11.7,31,0,19,low_profit_factor(0.90); negative_expectancy(-0.025)
CWST,Industrials,SECTOR_INDUSTRIALS,22,9,13,40.91,0.9308,-0.0252,-0.5949,-59.49,4.6165,-3.4058,14.3826,-7.3097,800.27,859.76,-4.4431,-0.387,-1.0573,-0.1339,11.3,34,0,22,low_profit_factor(0.93); negative_expectancy(-0.025)
KURA,Healthcare,SECTOR_HEALTHCARE,18,6,12,33.33,0.953,-0.0258,-0.491,-49.1,18.2028,-8.9072,46.9772,-14.0804,996.16,1045.26,-6.2167,0.1233,0.5276,-0.079,13.4,51,2,16,low_profit_factor(0.95); negative_expectancy(-0.026)
STEL,Financials,SECTOR_FINANCIALS,21,7,14,33.33,0.9448,-0.0258,-0.4857,-48.57,6.3937,-3.8008,14.635,-8.9459,831.47,880.04,-3.7041,-1.0425,-2.7932,-0.1311,12.9,62,0,21,low_profit_factor(0.94); negative_expectancy(-0.026)
GM,Consumer Discretionary,SECTOR_CONSUMER_DISCRETIONARY,24,7,17,29.17,0.9822,-0.0259,-0.1657,-16.57,7.4206,-3.3746,12.4528,-8.7573,911.74,928.31,-4.9883,-0.6024,-1.3186,-0.0332,12.5,43,0,24,low_profit_factor(0.98); negative_expectancy(-0.026)
VELO,Technology,SECTOR_TECHNOLOGY,9,1,8,11.11,0.7496,-0.0267,-2.566,-256.6,189.7271,-21.091,189.7271,-28.0195,768.3,1024.9,-10.249,0.5258,7.034,-0.2504,29.9,81,2,7,low_profit_factor(0.75); negative_expectancy(-0.027)
HRB,Consumer Discretionary,SECTOR_CONSUMER_DISCRETIONARY,15,6,9,40.0,0.9575,-0.0269,-0.2451,-24.51,3.7688,-3.1692,14.9985,-5.17,552.06,576.57,-4.0456,-1.245,-3.6765,-0.0606,9.8,34,2,13,low_profit_factor(0.96); negative_expectancy(-0.027)
AEE,Utilities,SECTOR_UTILITIES,19,9,10,47.37,0.9681,-0.0269,-0.2175,-21.75,2.8922,-2.3837,14.8423,-10.1284,660.95,682.7,-2.828,0.4018,0.6395,-0.0769,13.2,128,0,19,low_profit_factor(0.97); negative_expectancy(-0.027)
UAA,Consumer Discretionary,SECTOR_CONSUMER_DISCRETIONARY,15,4,11,26.67,0.8686,-0.0278,-1.2324,-123.24,19.5779,-6.9361,49.3268,-18.0124,814.9,938.14,-6.4127,0.13,0.4381,-0.1922,15.2,63,0,15,low_profit_factor(0.87); negative_expectancy(-0.028)
BALL,Consumer Discretionary,SECTOR_CONSUMER_DISCRETIONARY,18,7,11,38.89,0.8938,-0.028,-0.8881,-88.81,5.802,-3.8708,12.9688,-9.3127,747.42,836.23,-4.8692,-0.2815,-0.5858,-0.1824,14.9,38,0,18,low_profit_factor(0.89); negative_expectancy(-0.028)
EFSC,Financials,SECTOR_FINANCIALS,15,5,10,33.33,1.0168,-0.0281,0.104,10.4,6.4852,-3.2971,12.9834,-6.4702,627.66,617.26,-1.7815,-0.1,-0.2746,0.0584,10.3,33,0,15,negative_expectancy(-0.028)
APD,Materials,SECTOR_MATERIALS,24,9,15,37.5,0.9342,-0.0285,-0.7748,-77.48,5.9207,-3.2089,25.1315,-7.3192,1100.3,1177.78,-7.1746,0.5208,1.5406,-0.108,9.5,36,1,23,low_profit_factor(0.93); negative_expectancy(-0.029)
NVST,Healthcare,SECTOR_HEALTHCARE,13,4,9,30.77,0.978,-0.0287,-0.1414,-14.14,12.337,-4.438,20.6794,-7.5449,629.28,643.42,-2.9488,1.2675,5.2923,-0.048,17.7,60,1,12,low_profit_factor(0.98); negative_expectancy(-0.029)
THQ,Financials,SECTOR_FINANCIALS,17,7,10,41.18,0.9025,-0.0288,-0.812,-81.2,3.4607,-2.8477,10.5137,-5.0089,752.04,833.24,-6.1342,-0.9812,-2.4082,-0.1324,22.5,90,1,16,low_profit_factor(0.90); negative_expectancy(-0.029)
CRM,Technology,SECTOR_TECHNOLOGY,22,8,14,36.36,0.983,-0.0291,-0.1817,-18.17,6.7973,-5.3119,19.2548,-10.5961,1053.53,1071.7,-3.6668,-1.9262,-4.8371,-0.0496,11.5,34,0,22,low_profit_factor(0.98); negative_expectancy(-0.029)
MTG,Financials,SECTOR_FINANCIALS,28,12,16,42.86,0.9023,-0.0291,-1.0406,-104.06,3.4213,-2.8117,12.4629,-6.5554,960.7,1064.76,-4.7909,-0.5204,-1.2801,-0.2172,9.3,26,0,28,low_profit_factor(0.90); negative_expectancy(-0.029)
HY,Industrials,SECTOR_INDUSTRIALS,19,4,15,21.05,0.9915,-0.0295,-0.1005,-10.05,19.8459,-6.1764,40.0655,-9.531,1166.56,1176.61,-5.1016,-0.8035,-4.4044,-0.0197,13.4,44,1,18,low_profit_factor(0.99); negative_expectancy(-0.029)
CHH,Consumer Discretionary,SECTOR_CONSUMER_DISCRETIONARY,16,7,9,43.75,0.8475,-0.0299,-0.7783,-77.83,3.3167,-2.7398,6.0231,-5.838,432.42,510.25,-3.4338,-0.3927,-0.7355,-0.2267,12.5,29,0,16,low_profit_factor(0.85); negative_expectancy(-0.030)
TKR,Industrials,SECTOR_INDUSTRIALS,27,11,16,40.74,0.9706,-0.0301,-0.3085,-30.85,5.5741,-3.4976,13.0424,-7.7781,1017.64,1048.49,-4.5342,0.5641,1.5319,-0.068,9.6,45,0,27,low_profit_factor(0.97); negative_expectancy(-0.030)
CPK,Utilities,SECTOR_UTILITIES,15,6,9,40.0,0.9568,-0.0303,-0.244,-24.4,4.3795,-3.0535,11.882,-6.4706,540.49,564.89,-2.8301,-0.2684,-0.6656,-0.0862,14.5,118,0,15,low_profit_factor(0.96); negative_expectancy(-0.030)
PLTR,Technology,SECTOR_TECHNOLOGY,32,14,18,43.75,0.8605,-0.0304,-2.283,-228.3,9.9577,-9.2129,38.4543,-21.0046,1408.78,1637.08,-11.2727,-1.0049,-2.7944,-0.2025,10.8,40,2,30,low_profit_factor(0.86); negative_expectancy(-0.030)
MTH,Consumer Discretionary,SECTOR_CONSUMER_DISCRETIONARY,21,8,13,38.1,0.9335,-0.031,-0.5833,-58.33,6.2805,-4.4535,14.8404,-8.5728,818.24,876.57,-3.3364,-0.9378,-2.3244,-0.1748,12.8,35,0,21,low_profit_factor(0.93); negative_expectancy(-0.031)
PAXS,Financials,SECTOR_FINANCIALS,15,7,8,46.67,1.0701,-0.031,0.3157,31.57,1.3412,-1.9774,2.7078,-4.2,481.61,450.04,-3.1707,-3.1685,-4.2326,0.0996,7.5,16,0,15,negative_expectancy(-0.031)
CNO,Financials,SECTOR_FINANCIALS,21,7,14,33.33,1.0298,-0.0316,0.2352,23.52,5.0835,-2.5917,11.2752,-4.9614,812.5,788.98,-2.8509,-0.1189,-0.3365,0.0825,10.7,29,0,21,negative_expectancy(-0.032)
CXT,Industrials,SECTOR_INDUSTRIALS,25,9,16,36.0,0.8999,-0.032,-0.9659,-96.59,5.8077,-3.0838,10.6887,-5.9305,868.59,965.18,-4.6721,0.3574,1.0144,-0.2067,9.7,45,1,24,low_profit_factor(0.90); negative_expectancy(-0.032)
BAC,Financials,SECTOR_FINANCIALS,29,12,17,41.38,0.8556,-0.0323,-1.4739,-147.39,4.1009,-2.7766,17.2969,-6.431,872.99,1020.38,-2.7558,0.2268,0.5516,-0.5348,10.3,44,1,28,low_profit_factor(0.86); negative_expectancy(-0.032)
CMC,Materials,SECTOR_MATERIALS,9,4,5,44.44,0.9243,-0.0324,-0.2905,-29.05,6.4051,-4.4668,11.6576,-6.1836,354.7,383.75,-1.4485,0.8412,3.5298,-0.2006,12.9,49,0,9,low_profit_factor(0.92); negative_expectancy(-0.032)
GGN,Financials,SECTOR_FINANCIALS,24,9,15,37.5,0.9778,-0.0324,-0.1993,-19.93,2.7245,-1.8323,10.3226,-4.0552,877.63,897.56,-3.2669,-0.6095,-1.7251,-0.061,11.2,53,0,24,low_profit_factor(0.98); negative_expectancy(-0.032)
WEN,Consumer Discretionary,SECTOR_CONSUMER_DISCRETIONARY,13,5,8,38.46,0.921,-0.0326,-0.5151,-51.51,6.4122,-3.8742,9.892,-5.9726,600.61,652.12,-3.6261,0.2313,0.8634,-0.1421,12.5,42,0,13,low_profit_factor(0.92); negative_expectancy(-0.033)
MYGN,Healthcare,SECTOR_HEALTHCARE,15,5,10,33.33,1.0394,-0.0327,0.3367,33.67,16.8077,-9.414,37.4488,-30.4113,888.03,854.36,-6.3195,-0.6297,-1.1708,0.0533,15.3,51,2,13,negative_expectancy(-0.033)
HOMB,Financials,SECTOR_FINANCIALS,20,6,14,30.0,1.0275,-0.0328,0.2119,21.19,6.096,-2.7707,12.6484,-5.9535,790.54,769.35,-2.4716,-0.3395,-1.0406,0.0857,9.8,33,0,20,negative_expectancy(-0.033)
DCO,Industrials,SECTOR_INDUSTRIALS,23,5,18,21.74,0.9489,-0.0329,-0.6711,-67.11,14.6238,-3.9039,46.7926,-6.4556,1245.3,1312.41,-7.8779,0.1751,1.1191,-0.0852,10.2,60,0,23,low_profit_factor(0.95); negative_expectancy(-0.033)
TBLA,Communication Services,SECTOR_COMMUNICATION_SERVICES,18,5,13,27.78,0.9076,-0.033,-0.6936,-69.36,16.338,-4.8235,50.9804,-10.3297,681.54,750.9,-5.4916,1.1858,5.0906,-0.1263,10.0,50,0,18,low_profit_factor(0.91); negative_expectancy(-0.033)
HMN,Financials,SECTOR_FINANCIALS,14,6,8,42.86,0.9465,-0.0332,-0.3959,-39.59,4.6094,-4.1611,8.8108,-6.6362,700.08,739.67,-3.12,-1.2176,-3.6258,-0.1269,12.9,39,0,14,low_profit_factor(0.95); negative_expectancy(-0.033)
TECX,Healthcare,SECTOR_HEALTHCARE,17,4,13,23.53,0.8106,-0.034,-2.0022,-200.22,24.378,-12.8519,74.1319,-25.9542,856.86,1057.08,-5.6042,-2.8707,-10.2252,-0.3573,12.6,29,1,16,low_profit_factor(0.81); negative_expectancy(-0.034)
OWLT,Healthcare,SECTOR_HEALTHCARE,15,4,11,26.67,0.9715,-0.0345,-0.2597,-25.97,31.4369,-13.1671,100.7177,-21.9982,885.43,911.4,-8.0883,-0.6695,-3.647,-0.0321,21.1,63,1,14,low_profit_factor(0.97); negative_expectancy(-0.035)
BFST,Financials,SECTOR_FINANCIALS,17,6,11,35.29,0.9275,-0.0346,-0.58,-58.0,7.2919,-4.564,19.6471,-7.8594,741.76,799.76,-5.1157,-0.8316,-2.6072,-0.1134,9.6,22,0,17,low_profit_factor(0.93); negative_expectancy(-0.035)
FLS,Industrials,SECTOR_INDUSTRIALS,26,9,17,34.62,0.9096,-0.0348,-0.8937,-89.37,5.4368,-2.9417,12.5134,-5.7604,899.46,988.83,-3.3809,-0.1342,-0.3991,-0.2643,11.3,45,0,26,low_profit_factor(0.91); negative_expectancy(-0.035)
MAN,Industrials,SECTOR_INDUSTRIALS,13,4,9,30.77,0.9725,-0.0354,-0.2157,-21.57,11.9186,-4.4274,20.1389,-6.8756,762.71,784.28,-5.5339,1.0735,5.8519,-0.039,14.0,35,1,12,low_profit_factor(0.97); negative_expectancy(-0.035)
SMTC,Technology,SECTOR_TECHNOLOGY,20,6,14,30.0,0.9653,-0.0355,-0.3532,-35.32,19.4759,-6.7423,61.7076,-10.3147,983.42,1018.74,-4.9501,1.0362,6.5807,-0.0714,20.4,98,3,17,low_profit_factor(0.97); negative_expectancy(-0.035)
GDYN,Technology,SECTOR_TECHNOLOGY,18,5,13,27.78,0.9525,-0.0356,-0.3817,-38.17,13.4242,-5.4621,29.4343,-10.7812,765.64,803.81,-3.3092,-0.3231,-0.9895,-0.1153,17.6,78,1,17,low_profit_factor(0.95); negative_expectancy(-0.036)
XEL,Utilities,SECTOR_UTILITIES,16,7,9,43.75,0.8089,-0.0357,-1.5651,-156.51,4.1799,-3.4896,15.7818,-7.0,662.45,818.96,-3.8509,-0.4032,-1.3321,-0.4064,12.9,55,0,16,low_profit_factor(0.81); negative_expectancy(-0.036)
EAF,Industrials,SECTOR_INDUSTRIALS,12,4,8,33.33,0.934,-0.037,-0.5361,-53.61,40.3936,-13.1367,73.8609,-23.7569,758.63,812.24,-7.1433,2.2469,13.5776,-0.075,15.8,55,2,10,low_profit_factor(0.93); negative_expectancy(-0.037)
FWONA,Communication Services,SECTOR_COMMUNICATION_SERVICES,20,8,12,40.0,0.8834,-0.0372,-1.0237,-102.37,4.8782,-3.3444,9.9259,-5.9999,775.77,878.14,-4.0547,-0.1834,-0.4254,-0.2525,9.3,26,0,20,low_profit_factor(0.88); negative_expectancy(-0.037)
AA,Materials,SECTOR_MATERIALS,19,7,12,36.84,0.9515,-0.0377,-0.512,-51.2,12.8257,-7.8969,41.641,-13.4106,1003.47,1054.67,-5.7298,-0.3123,-1.6311,-0.0894,13.5,46,2,17,low_profit_factor(0.95); negative_expectancy(-0.038)
LXU,Materials,SECTOR_MATERIALS,10,4,6,40.0,0.9787,-0.0387,-0.1177,-11.77,11.589,-7.2797,18.4049,-8.4761,541.16,552.93,-2.8868,0.3995,2.8533,-0.0408,23.8,94,0,10,low_profit_factor(0.98); negative_expectancy(-0.039)
RVT,Financials,SECTOR_FINANCIALS,20,9,11,45.0,0.8414,-0.0388,-1.1392,-113.92,2.6053,-2.694,7.2453,-6.1459,604.46,718.38,-4.0879,-1.3713,-2.2967,-0.2787,14.7,49,0,20,low_profit_factor(0.84); negative_expectancy(-0.039)
CTBI,Financials,SECTOR_FINANCIALS,17,7,10,41.18,0.8184,-0.0397,-1.2753,-127.53,4.0899,-3.7155,8.4259,-6.1782,574.63,702.16,-2.0846,-1.7409,-3.9976,-0.6118,11.1,23,0,17,low_profit_factor(0.82); negative_expectancy(-0.040)
PRI,Financials,SECTOR_FINANCIALS,28,7,21,25.0,0.8529,-0.0398,-1.6969,-169.69,5.6156,-2.417,13.8468,-5.2397,984.25,1153.94,-3.6035,-1.3895,-3.7328,-0.4709,11.1,30,1,27,low_profit_factor(0.85); negative_expectancy(-0.040)
PTC,Technology,SECTOR_TECHNOLOGY,22,7,15,31.82,0.9712,-0.0402,-0.2765,-27.65,7.4652,-3.0007,23.1703,-10.5974,931.84,959.49,-6.9019,0.7372,2.1559,-0.0401,11.5,62,0,22,low_profit_factor(0.97); negative_expectancy(-0.040)
CFG,Financials,SECTOR_FINANCIALS,24,8,16,33.33,0.9335,-0.0405,-0.6293,-62.93,6.7054,-3.3041,17.6729,-8.4146,882.9,945.83,-3.602,0.083,0.2219,-0.1747,12.2,43,1,23,low_profit_factor(0.93); negative_expectancy(-0.041)
ASH,Materials,SECTOR_MATERIALS,9,2,7,22.22,1.0793,-0.0408,0.3891,38.91,10.3123,-3.4069,19.2433,-5.9722,529.33,490.42,-3.5389,-0.7359,-2.7706,0.1099,18.0,73,1,8,negative_expectancy(-0.041)
IESC,Industrials,SECTOR_INDUSTRIALS,32,9,23,28.12,0.8806,-0.0408,-1.5798,-157.98,10.8998,-5.0929,24.972,-10.9716,1164.89,1322.87,-5.1845,-1.0952,-2.6541,-0.3047,10.6,38,0,32,low_profit_factor(0.88); negative_expectancy(-0.041)
KRT,Consumer Discretionary,SECTOR_CONSUMER_DISCRETIONARY,16,5,11,31.25,0.9733,-0.0409,-0.2107,-21.07,10.6625,-4.5611,17.4911,-8.9919,766.82,787.89,-5.6666,0.3845,1.2244,-0.0372,15.2,47,2,14,low_profit_factor(0.97); negative_expectancy(-0.041)
DVA,Healthcare,SECTOR_HEALTHCARE,19,6,13,31.58,0.8601,-0.041,-1.6433,-164.33,9.9169,-4.8006,20.5112,-16.6127,1010.19,1174.52,-5.0326,-0.2759,-0.5997,-0.3265,13.3,83,0,19,low_profit_factor(0.86); negative_expectancy(-0.041)
MAR,Consumer Discretionary,SECTOR_CONSUMER_DISCRETIONARY,28,11,17,39.29,0.9551,-0.0416,-0.3995,-39.95,3.3616,-2.4879,9.2525,-6.7462,849.99,889.94,-3.6481,-0.8184,-1.8612,-0.1095,9.6,33,0,28,low_profit_factor(0.96); negative_expectancy(-0.042)
FERG,Industrials,SECTOR_INDUSTRIALS,24,10,14,41.67,0.991,-0.0416,-0.1048,-10.48,6.0432,-3.7092,31.3188,-8.8649,1150.87,1161.35,-4.9965,0.7257,2.7106,-0.021,13.4,53,1,23,low_profit_factor(0.99); negative_expectancy(-0.042)
HIPO,Financials,SECTOR_FINANCIALS,19,4,15,21.05,0.8285,-0.0419,-1.9113,-191.13,27.7063,-8.4462,57.0764,-15.3766,923.53,1114.66,-7.9993,-0.6989,-2.9401,-0.2389,12.7,48,0,19,low_profit_factor(0.83); negative_expectancy(-0.042)
WBS,Financials,SECTOR_FINANCIALS,17,8,9,47.06,0.9644,-0.0421,-0.2783,-27.83,6.1713,-4.5813,17.1984,-11.1444,754.33,782.16,-6.24,1.037,2.7348,-0.0446,11.9,46,0,17,low_profit_factor(0.96); negative_expectancy(-0.042)
CYTK,Healthcare,SECTOR_HEALTHCARE,16,3,13,18.75,0.9183,-0.0426,-0.716,-71.6,32.276,-5.7503,90.0222,-9.6361,805.3,876.9,-5.2016,0.912,7.0476,-0.1376,10.4,37,1,15,low_profit_factor(0.92); negative_expectancy(-0.043)
BGB,Financials,SECTOR_FINANCIALS,16,7,9,43.75,0.8619,-0.0428,-0.7841,-78.41,1.235,-1.5139,3.0784,-2.7216,489.49,567.9,-3.7904,-2.7837,-4.6388,-0.2069,13.1,38,0,16,low_profit_factor(0.86); negative_expectancy(-0.043)
FCFS,Financials,SECTOR_FINANCIALS,27,10,17,37.04,0.8992,-0.0429,-0.7586,-75.86,4.05,-2.3036,17.6901,-7.1892,676.59,752.45,-3.8635,0.1682,0.4276,-0.1963,9.3,20,0,27,low_profit_factor(0.90); negative_expectancy(-0.043)
MIDD,Industrials,SECTOR_INDUSTRIALS,18,5,13,27.78,0.9134,-0.0433,-0.8102,-81.02,9.0374,-4.1156,17.3433,-6.677,854.9,935.92,-4.6348,-1.0779,-3.8909,-0.1748,11.6,43,0,18,low_profit_factor(0.91); negative_expectancy(-0.043)
PKBK,Financials,SECTOR_FINANCIALS,15,7,8,46.67,0.8741,-0.0437,-0.6921,-69.21,3.3552,-3.595,8.3516,-6.0488,480.67,549.88,-4.2303,-1.3287,-3.0246,-0.1636,14.7,78,0,15,low_profit_factor(0.87); negative_expectancy(-0.044)
SLB,Energy,SECTOR_ENERGY,12,4,8,33.33,0.9022,-0.044,-0.8022,-80.22,10.6096,-5.0417,20.8705,-6.6214,740.07,820.29,-7.2086,0.3241,2.5679,-0.1113,15.1,47,0,12,low_profit_factor(0.90); negative_expectancy(-0.044)
MTSI,Technology,SECTOR_TECHNOLOGY,28,12,16,42.86,0.9327,-0.044,-0.7583,-75.83,6.4415,-5.1211,13.393,-9.9184,1050.85,1126.68,-4.8294,-0.3895,-0.9588,-0.157,9.0,31,0,28,low_profit_factor(0.93); negative_expectancy(-0.044)
ABT,Healthcare,SECTOR_HEALTHCARE,18,5,13,27.78,0.9855,-0.0445,-0.1414,-14.14,7.5371,-3.2385,13.8661,-6.0082,962.3,976.44,-3.4085,-0.6879,-2.2674,-0.0415,12.7,45,0,18,low_profit_factor(0.99); negative_expectancy(-0.044)
GSAT,Communication Services,SECTOR_COMMUNICATION_SERVICES,19,8,11,42.11,0.8928,-0.0451,-0.6768,-67.68,7.7087,-6.0462,22.807,-11.5426,563.54,631.22,-3.0799,-0.4585,-1.0791,-0.2197,13.1,29,0,19,low_profit_factor(0.89); negative_expectancy(-0.045)
RGEN,Healthcare,SECTOR_HEALTHCARE,15,5,10,33.33,0.8896,-0.0452,-0.7958,-79.58,12.6466,-6.0851,17.1384,-10.6216,641.3,720.88,-2.5035,0.2533,0.6791,-0.3179,15.8,55,0,15,low_profit_factor(0.89); negative_expectancy(-0.045)
RIVN,Consumer Discretionary,SECTOR_CONSUMER_DISCRETIONARY,13,4,9,30.77,1.0265,-0.0454,0.1556,15.56,15.4305,-7.6639,42.2085,-15.9432,602.65,587.09,-5.1897,-0.5873,-1.7951,0.03,8.6,22,0,13,negative_expectancy(-0.045)
WTBA,Financials,SECTOR_FINANCIALS,17,7,10,41.18,0.9034,-0.0454,-0.764,-76.4,6.2283,-4.9842,16.1243,-6.8708,714.6,791.0,-3.734,-0.8614,-2.7055,-0.2046,16.9,72,0,17,low_profit_factor(0.90); negative_expectancy(-0.045)
NTGR,Technology,SECTOR_TECHNOLOGY,17,6,11,35.29,0.9096,-0.0454,-0.6157,-61.57,7.1255,-4.5475,13.3149,-9.8609,619.29,680.86,-4.6288,-1.0498,-2.5423,-0.133,9.4,25,1,16,low_profit_factor(0.91); negative_expectancy(-0.045)
TBLD,Financials,SECTOR_FINANCIALS,20,7,13,35.0,0.9214,-0.0457,-0.4669,-46.69,2.6836,-1.4648,10.1512,-4.6829,547.36,594.05,-4.7272,-0.0666,-0.1533,-0.0988,10.3,58,0,20,low_profit_factor(0.92); negative_expectancy(-0.046)
NOW,Technology,SECTOR_TECHNOLOGY,24,10,14,41.67,0.9187,-0.0462,-0.7971,-79.71,5.2663,-5.0716,16.2238,-10.7822,901.2,980.91,-3.8569,-1.8591,-3.4192,-0.2067,9.2,31,0,24,low_profit_factor(0.92); negative_expectancy(-0.046)
JACK,Consumer Discretionary,SECTOR_CONSUMER_DISCRETIONARY,17,5,12,29.41,0.9867,-0.0486,-0.1192,-11.92,12.9172,-6.2362,30.9974,-11.0307,884.48,896.4,-5.5915,-0.8543,-2.6679,-0.0213,13.5,43,2,15,low_profit_factor(0.99); negative_expectancy(-0.049)
KN,Technology,SECTOR_TECHNOLOGY,20,6,14,30.0,0.9081,-0.0494,-1.0012,-100.12,11.2161,-3.8535,41.8969,-14.4385,989.0,1089.12,-4.6659,0.96,3.1276,-0.2146,11.7,67,1,19,low_profit_factor(0.91); negative_expectancy(-0.049)
THG,Financials,SECTOR_FINANCIALS,18,6,12,33.33,0.8683,-0.0495,-0.8465,-84.65,3.6116,-2.1476,11.0222,-4.4604,558.12,642.77,-3.0322,-1.006,-3.2041,-0.2792,10.2,64,0,18,low_profit_factor(0.87); negative_expectancy(-0.050)
CNM,Industrials,SECTOR_INDUSTRIALS,26,11,15,42.31,0.9827,-0.0498,-0.2424,-24.24,6.3548,-4.7752,18.0348,-23.7698,1378.86,1403.1,-8.3494,-0.1339,-0.1882,-0.029,9.8,32,1,25,low_profit_factor(0.98); negative_expectancy(-0.050)
STT,Financials,SECTOR_FINANCIALS,24,8,16,33.33,0.8657,-0.0499,-1.2438,-124.38,5.4858,-2.5682,9.3237,-6.8428,801.99,926.37,-5.502,0.4097,1.1638,-0.2261,16.7,163,0,24,low_profit_factor(0.87); negative_expectancy(-0.050)
MTRN,Materials,SECTOR_MATERIALS,22,10,12,45.45,0.8717,-0.0503,-1.2568,-125.68,5.6935,-5.1716,19.3582,-10.3956,854.2,979.88,-7.469,-0.5257,-1.6619,-0.1683,10.0,23,1,21,low_profit_factor(0.87); negative_expectancy(-0.050)
OBDC,Financials,SECTOR_FINANCIALS,18,6,12,33.33,0.8362,-0.0504,-1.1075,-110.75,3.9779,-1.8646,10.5128,-4.5045,565.49,676.24,-3.0396,0.3582,0.8227,-0.3644,10.8,21,1,17,low_profit_factor(0.84); negative_expectancy(-0.050)
CSQ,Financials,SECTOR_FINANCIALS,23,11,12,47.83,0.9084,-0.0509,-0.6693,-66.93,1.9221,-2.3385,3.6174,-6.1314,664.07,731.0,-2.0271,-1.8143,-2.6989,-0.3302,12.9,45,0,23,low_profit_factor(0.91); negative_expectancy(-0.051)
CLH,Industrials,SECTOR_INDUSTRIALS,32,12,20,37.5,0.9736,-0.0513,-0.3416,-34.16,5.6933,-3.3897,28.7042,-12.1667,1261.09,1295.25,-5.7176,0.0379,0.0933,-0.0597,9.0,29,0,32,low_profit_factor(0.97); negative_expectancy(-0.051)
CRD-B,Financials,SECTOR_FINANCIALS,16,4,12,25.0,0.867,-0.0514,-1.0409,-104.09,11.7667,-4.8598,20.0935,-7.9122,678.31,782.4,-2.9102,-1.3765,-4.9499,-0.3577,10.2,32,0,16,low_profit_factor(0.87); negative_expectancy(-0.051)
CNP,Utilities,SECTOR_UTILITIES,20,8,12,40.0,0.8924,-0.0514,-0.651,-65.1,2.6198,-1.8213,6.7375,-4.153,539.67,604.77,-2.2997,-0.2628,-0.6254,-0.2831,9.1,21,1,19,low_profit_factor(0.89); negative_expectancy(-0.051)
IPI,Materials,SECTOR_MATERIALS,14,4,10,28.57,0.9045,-0.0521,-0.806,-80.6,13.7735,-7.4754,22.7122,-20.3349,763.24,843.84,-5.6258,-1.9539,-4.4805,-0.1433,15.4,60,0,14,low_profit_factor(0.90); negative_expectancy(-0.052)
TMDX,Healthcare,SECTOR_HEALTHCARE,30,8,22,26.67,0.8826,-0.0525,-1.323,-132.3,18.449,-5.5923,69.5361,-13.7492,994.71,1127.01,-6.2498,0.7873,3.5236,-0.2117,9.9,36,0,30,low_profit_factor(0.88); negative_expectancy(-0.052)
CF,Materials,SECTOR_MATERIALS,15,5,10,33.33,0.9821,-0.0525,-0.1368,-13.68,8.5286,-3.9583,15.2709,-7.8129,749.2,762.88,-6.3329,0.4372,1.4227,-0.0216,10.1,35,1,14,low_profit_factor(0.98); negative_expectancy(-0.052)
PDI,Financials,SECTOR_FINANCIALS,18,8,10,44.44,1.0051,-0.0526,0.0478,4.78,1.6532,-2.7826,4.9808,-3.8833,945.56,940.78,-7.613,-5.0723,-16.1556,0.0063,13.3,41,0,18,negative_expectancy(-0.053)
WHD,Energy,SECTOR_ENERGY,17,5,12,29.41,0.9036,-0.0528,-0.8669,-86.69,12.1943,-5.3531,19.622,-10.1786,812.84,899.53,-6.7593,-0.3327,-1.0987,-0.1283,11.6,34,1,16,low_profit_factor(0.90); negative_expectancy(-0.053)
XRAY,Healthcare,SECTOR_HEALTHCARE,10,4,6,40.0,0.9306,-0.0529,-0.3589,-35.89,9.0367,-5.5656,24.0014,-8.4779,481.54,517.43,-3.7575,0.4377,1.8725,-0.0955,23.1,60,2,8,low_profit_factor(0.93); negative_expectancy(-0.053)
COF,Financials,SECTOR_FINANCIALS,24,8,16,33.33,0.8596,-0.0529,-1.569,-156.9,8.1814,-4.0678,27.3389,-8.3755,960.6,1117.5,-4.2722,0.0311,0.0914,-0.3673,11.4,44,0,24,low_profit_factor(0.86); negative_expectancy(-0.053)
AMSF,Financials,SECTOR_FINANCIALS,18,5,13,27.78,0.9687,-0.0532,-0.405,-40.5,9.8134,-4.231,14.2251,-8.7689,1253.38,1293.88,-4.6471,-0.7517,-2.8151,-0.0872,12.4,38,1,17,low_profit_factor(0.97); negative_expectancy(-0.053)
TEI,Financials,SECTOR_FINANCIALS,22,7,15,31.82,0.8708,-0.0535,-1.2743,-127.43,5.2032,-2.1962,14.1129,-5.1403,858.89,986.32,-3.0244,0.5488,1.6591,-0.4213,11.6,48,0,22,low_profit_factor(0.87); negative_expectancy(-0.053)
VOYA,Financials,SECTOR_FINANCIALS,22,9,13,40.91,0.8967,-0.054,-0.8393,-83.93,3.6937,-2.894,11.7346,-5.604,728.35,812.28,-3.0946,-0.719,-1.7072,-0.2712,13.0,46,1,21,low_profit_factor(0.90); negative_expectancy(-0.054)
FUN,Consumer Discretionary,SECTOR_CONSUMER_DISCRETIONARY,15,6,9,40.0,0.8776,-0.0542,-0.8378,-83.78,7.0837,-5.6964,15.3046,-11.0693,600.44,684.22,-2.9327,-1.1714,-2.6093,-0.2857,10.1,29,1,14,low_profit_factor(0.88); negative_expectancy(-0.054)
FNF,Financials,SECTOR_FINANCIALS,18,6,12,33.33,0.887,-0.0546,-1.107,-110.7,6.7637,-3.3843,16.4762,-5.9564,868.82,979.52,-6.5481,-0.0042,-0.0161,-0.1691,15.2,70,0,18,low_profit_factor(0.89); negative_expectancy(-0.055)
ASO,Consumer Discretionary,SECTOR_CONSUMER_DISCRETIONARY,25,12,13,48.0,0.8839,-0.055,-1.1731,-117.31,5.7497,-6.2224,23.1258,-11.8248,892.77,1010.08,-2.9364,-0.9771,-2.6176,-0.3995,9.4,25,0,25,low_profit_factor(0.88); negative_expectancy(-0.055)
KMB,Consumer Staples,SECTOR_CONSUMER_STAPLES,18,4,14,22.22,0.9422,-0.0555,-0.579,-57.9,8.3882,-2.1189,12.11,-5.1163,944.53,1002.43,-7.5822,0.7048,2.4341,-0.0764,10.5,34,1,17,low_profit_factor(0.94); negative_expectancy(-0.056)
HD,Consumer Discretionary,SECTOR_CONSUMER_DISCRETIONARY,20,7,13,35.0,0.8478,-0.0564,-1.2683,-126.83,4.0538,-2.8992,12.6208,-5.4835,706.31,833.14,-4.1102,-1.6252,-4.3031,-0.3086,12.9,38,0,20,low_profit_factor(0.85); negative_expectancy(-0.056)
DUK,Utilities,SECTOR_UTILITIES,21,6,15,28.57,0.8803,-0.0565,-1.0021,-100.21,4.2403,-1.903,7.4066,-4.0393,737.19,837.4,-3.887,-0.7073,-1.8722,-0.2578,12.3,44,0,21,low_profit_factor(0.88); negative_expectancy(-0.057)
RNP,Financials,SECTOR_FINANCIALS,20,8,12,40.0,0.8999,-0.0565,-0.9011,-90.11,3.5925,-2.7917,8.9579,-5.5877,809.85,899.96,-4.8609,-0.9279,-2.3562,-0.1854,11.8,38,0,20,low_profit_factor(0.90); negative_expectancy(-0.057)
EEFT,Technology,SECTOR_TECHNOLOGY,16,6,10,37.5,0.9549,-0.0566,-0.2939,-29.39,7.1451,-3.7199,26.0767,-7.2614,622.43,651.82,-4.1526,0.6932,2.6669,-0.0708,12.0,60,1,15,low_profit_factor(0.95); negative_expectancy(-0.057)
PRU,Financials,SECTOR_FINANCIALS,23,9,14,39.13,0.8812,-0.0569,-1.2584,-125.84,4.5129,-3.439,12.4511,-6.867,933.81,1059.65,-4.9253,-1.0772,-3.0164,-0.2555,11.3,39,1,22,low_profit_factor(0.88); negative_expectancy(-0.057)
BLDR,Industrials,SECTOR_INDUSTRIALS,23,8,15,34.78,0.8883,-0.0573,-1.0864,-108.64,7.9083,-4.9201,18.5207,-8.2354,863.71,972.35,-4.7952,-0.945,-2.7191,-0.2266,11.6,42,0,23,low_profit_factor(0.89); negative_expectancy(-0.057)
RSVR,Communication Services,SECTOR_COMMUNICATION_SERVICES,15,6,9,40.0,0.8341,-0.0575,-1.0409,-104.09,9.4806,-5.9772,25.7603,-13.2202,523.44,627.53,-1.989,0.3205,0.7786,-0.5233,16.3,72,0,15,low_profit_factor(0.83); negative_expectancy(-0.058)
GIC,Industrials,SECTOR_INDUSTRIALS,20,8,12,40.0,0.9117,-0.058,-0.9731,-97.31,6.0557,-5.3505,16.4163,-7.429,1005.16,1102.47,-6.3046,-1.8436,-6.6739,-0.1543,12.8,41,1,19,low_profit_factor(0.91); negative_expectancy(-0.058)
AUR,Technology,SECTOR_TECHNOLOGY,19,6,13,31.58,0.8475,-0.0582,-1.6184,-161.84,22.0978,-11.2193,46.1818,-16.6423,899.29,1061.13,-4.0933,-0.5721,-2.1508,-0.3954,9.3,36,0,19,low_profit_factor(0.85); negative_expectancy(-0.058)
PHR,Healthcare,SECTOR_HEALTHCARE,18,4,14,22.22,0.9218,-0.0584,-0.6724,-67.24,24.4164,-5.7926,51.6093,-15.1126,792.38,859.62,-4.4947,0.8976,4.1743,-0.1496,16.9,130,1,17,low_profit_factor(0.92); negative_expectancy(-0.058)
TXT,Industrials,SECTOR_INDUSTRIALS,21,10,11,47.62,0.9313,-0.0617,-0.5708,-57.08,3.3925,-3.564,10.7669,-6.1616,774.0,831.08,-2.8952,-0.8868,-2.0993,-0.1972,14.3,52,0,21,low_profit_factor(0.93); negative_expectancy(-0.062)
HIFS,Financials,SECTOR_FINANCIALS,17,5,12,29.41,0.7812,-0.0618,-1.7448,-174.48,8.3559,-4.7886,29.8006,-7.7331,622.87,797.35,-4.676,-1.6641,-7.172,-0.3731,15.6,54,0,17,low_profit_factor(0.78); negative_expectancy(-0.062)
CRL,Healthcare,SECTOR_HEALTHCARE,16,7,9,43.75,0.9184,-0.0623,-0.5449,-54.49,6.3119,-6.083,14.6976,-8.0225,613.56,668.05,-3.981,-1.4557,-5.785,-0.1369,17.6,61,0,16,low_profit_factor(0.92); negative_expectancy(-0.062)
SF,Financials,SECTOR_FINANCIALS,27,11,16,40.74,0.8416,-0.0625,-1.8241,-182.41,4.7618,-3.5781,13.4013,-7.9226,969.16,1151.57,-6.5402,-0.5544,-1.4767,-0.2789,10.9,44,1,26,low_profit_factor(0.84); negative_expectancy(-0.062)
KYN,Financials,SECTOR_FINANCIALS,19,6,13,31.58,0.982,-0.063,-0.1442,-14.42,4.0887,-2.3119,8.25,-3.4671,788.35,802.77,-3.6799,-1.3177,-4.783,-0.0392,8.9,30,0,19,low_profit_factor(0.98); negative_expectancy(-0.063)
VIRT,Financials,SECTOR_FINANCIALS,23,9,14,39.13,0.7633,-0.0632,-2.8,-280.0,5.5316,-4.4497,14.6685,-7.0513,902.7,1182.7,-7.0564,-1.4038,-4.9886,-0.3968,11.2,28,1,22,low_profit_factor(0.76); negative_expectancy(-0.063)
FFIV,Technology,SECTOR_TECHNOLOGY,25,12,13,48.0,0.8708,-0.0637,-1.2133,-121.33,3.0399,-3.6408,10.0821,-6.4217,817.54,938.87,-3.9449,-1.6105,-3.4914,-0.3076,12.0,57,0,25,low_profit_factor(0.87); negative_expectancy(-0.064)
ALTI,Financials,SECTOR_FINANCIALS,7,2,5,28.57,0.6573,-0.0637,-0.4611,-46.11,5.2771,-3.5961,7.221,-11.0382,88.42,134.53,-1.0749,-2.9352,-3.7252,-0.429,11.0,19,0,7,low_profit_factor(0.66); negative_expectancy(-0.064)
OKTA,Technology,SECTOR_TECHNOLOGY,15,5,10,33.33,0.9413,-0.0639,-0.5109,-51.09,14.1537,-5.7725,27.145,-15.2354,819.5,870.59,-5.8256,1.2082,3.574,-0.0877,23.3,197,1,14,low_profit_factor(0.94); negative_expectancy(-0.064)
UPBD,Technology,SECTOR_TECHNOLOGY,17,5,12,29.41,0.8551,-0.0639,-1.2703,-127.03,11.0847,-6.1211,20.9739,-11.1782,749.85,876.88,-4.2577,-1.7953,-4.7651,-0.2984,13.9,61,1,16,low_profit_factor(0.86); negative_expectancy(-0.064)
AIN,Consumer Discretionary,SECTOR_CONSUMER_DISCRETIONARY,14,6,8,42.86,0.9036,-0.0642,-0.6443,-64.43,5.3487,-4.4404,8.6867,-7.3581,604.05,668.48,-6.1445,-0.7047,-2.1313,-0.1049,19.9,72,2,12,low_profit_factor(0.90); negative_expectancy(-0.064)
LUV,Industrials,SECTOR_INDUSTRIALS,21,6,15,28.57,0.9265,-0.0643,-0.9532,-95.32,12.3194,-5.598,25.1746,-9.2308,1200.72,1296.04,-5.8752,-0.756,-3.5921,-0.1622,13.2,48,3,18,low_profit_factor(0.93); negative_expectancy(-0.064)
CAG,Consumer Staples,SECTOR_CONSUMER_STAPLES,14,7,7,50.0,0.8354,-0.0649,-0.7344,-73.44,2.1844,-2.7921,5.0511,-5.958,372.69,446.13,-1.8287,-1.5424,-2.4001,-0.4016,12.0,51,0,14,low_profit_factor(0.84); negative_expectancy(-0.065)
NFE,Energy,SECTOR_ENERGY,14,5,9,35.71,0.9063,-0.0653,-0.7401,-74.01,15.7473,-10.2406,32.3335,-22.9166,716.08,790.09,-5.1551,-1.0181,-2.6936,-0.1436,16.4,61,1,13,low_profit_factor(0.91); negative_expectancy(-0.065)
EXEL,Healthcare,SECTOR_HEALTHCARE,23,7,16,30.43,0.7796,-0.0654,-2.3127,-231.27,6.0115,-3.7265,12.1698,-6.04,817.95,1049.22,-5.6485,-2.3412,-7.2948,-0.4094,9.5,25,0,23,low_profit_factor(0.78); negative_expectancy(-0.065)
CRCT,Technology,SECTOR_TECHNOLOGY,13,3,10,23.08,0.9158,-0.0655,-0.7019,-70.19,29.9597,-7.0894,83.2718,-12.2011,763.85,834.04,-6.1199,0.9267,7.8278,-0.1147,23.6,197,0,13,low_profit_factor(0.92); negative_expectancy(-0.066)
DCOM,Financials,SECTOR_FINANCIALS,19,6,13,31.58,0.8038,-0.0657,-1.7738,-177.38,9.2637,-4.918,18.9251,-7.7996,726.79,904.17,-5.1942,-0.922,-3.1112,-0.3415,13.2,71,0,19,low_profit_factor(0.80); negative_expectancy(-0.066)
MWA,Industrials,SECTOR_INDUSTRIALS,22,8,14,36.36,0.8538,-0.0662,-1.5833,-158.33,5.3572,-4.1172,15.2824,-7.9077,924.64,1082.97,-4.6742,-1.888,-4.6682,-0.3387,12.0,36,0,22,low_profit_factor(0.85); negative_expectancy(-0.066)
BXMX,Financials,SECTOR_FINANCIALS,23,9,14,39.13,0.8132,-0.0664,-1.0898,-108.98,1.5929,-0.868,4.585,-1.7141,474.48,583.46,-5.2029,0.8623,3.1942,-0.2095,12.6,68,0,23,low_profit_factor(0.81); negative_expectancy(-0.066)
ES,Utilities,SECTOR_UTILITIES,13,4,9,30.77,0.8986,-0.0664,-0.6716,-67.16,6.3476,-3.3259,8.7203,-5.8145,594.93,662.09,-4.922,-1.1052,-2.8129,-0.1364,14.7,38,0,13,low_profit_factor(0.90); negative_expectancy(-0.066)
EXC,Utilities,SECTOR_UTILITIES,12,5,7,41.67,0.9031,-0.0669,-0.6958,-69.58,4.7053,-3.7735,9.5202,-9.1703,648.37,717.95,-3.4936,-0.7491,-1.4607,-0.1992,15.0,64,0,12,low_profit_factor(0.90); negative_expectancy(-0.067)
NOC,Industrials,SECTOR_INDUSTRIALS,18,6,12,33.33,0.8583,-0.0674,-1.2429,-124.29,5.4555,-3.0754,13.2826,-8.5101,753.05,877.34,-4.3305,-0.7021,-1.9336,-0.287,11.3,30,0,18,low_profit_factor(0.86); negative_expectancy(-0.067)
TRNS,Industrials,SECTOR_INDUSTRIALS,18,5,13,27.78,0.8762,-0.0674,-0.9945,-99.45,9.4578,-4.5105,26.4701,-9.0929,704.13,803.58,-4.2616,-1.19,-3.6436,-0.2334,15.9,122,1,17,low_profit_factor(0.88); negative_expectancy(-0.067)
BHE,Technology,SECTOR_TECHNOLOGY,24,7,17,29.17,0.9111,-0.0682,-1.0117,-101.17,7.9909,-4.0761,15.5139,-12.0396,1037.05,1138.22,-4.8037,-1.3086,-3.2864,-0.2106,9.2,25,0,24,low_profit_factor(0.91); negative_expectancy(-0.068)
BOX,Technology,SECTOR_TECHNOLOGY,12,3,9,25.0,0.8186,-0.0683,-1.1347,-113.47,7.4058,-2.9871,13.471,-8.3524,511.98,625.45,-3.2169,-1.0989,-2.5197,-0.3527,10.5,19,0,12,low_profit_factor(0.82); negative_expectancy(-0.068)
CGBD,Financials,SECTOR_FINANCIALS,16,6,10,37.5,0.9576,-0.0686,-0.2545,-25.45,3.8172,-2.5133,11.146,-6.0027,575.04,600.49,-2.4006,-0.5355,-1.2127,-0.106,10.1,29,1,15,low_profit_factor(0.96); negative_expectancy(-0.069)
CRBG,Financials,SECTOR_FINANCIALS,1,0,1,0.0,0.0,-0.0694,-0.0552,-5.52,0.0,-0.3877,-0.3877,-0.3877,0.0,5.52,-0.0552,0.0,0.0,-1.0,33.0,33,0,1,too_few_trades(1); low_profit_factor(0.00); negative_expectancy(-0.069)
YUM,Consumer Discretionary,SECTOR_CONSUMER_DISCRETIONARY,17,6,11,35.29,0.8349,-0.0695,-1.2552,-125.52,4.8232,-2.6256,9.909,-5.4138,634.73,760.25,-3.6125,0.0125,0.0389,-0.3475,12.2,39,0,17,low_profit_factor(0.83); negative_expectancy(-0.070)
AMPH,Healthcare,SECTOR_HEALTHCARE,16,7,9,43.75,0.9025,-0.0696,-0.8202,-82.02,6.7054,-6.622,19.8929,-8.9468,759.05,841.07,-7.4457,-1.5435,-9.4603,-0.1102,13.1,37,1,15,low_profit_factor(0.90); negative_expectancy(-0.070)
MPB,Financials,SECTOR_FINANCIALS,20,7,13,35.0,0.7869,-0.0703,-2.3405,-234.05,7.9184,-4.7096,18.7188,-7.9451,864.14,1098.19,-4.0076,-0.6519,-2.5545,-0.584,9.9,38,0,20,low_profit_factor(0.79); negative_expectancy(-0.070)
ARLP,Energy,SECTOR_ENERGY,15,5,10,33.33,0.8808,-0.0705,-0.7272,-72.72,4.2832,-2.6382,10.4198,-4.9587,537.46,610.18,-5.0031,-1.2585,-2.7978,-0.1453,11.3,30,0,15,low_profit_factor(0.88); negative_expectancy(-0.070)
NBXG,Financials,SECTOR_FINANCIALS,27,9,18,33.33,0.7317,-0.0709,-2.6115,-261.15,4.9274,-2.1718,36.6234,-6.9841,712.32,973.47,-5.4465,0.4061,1.5575,-0.4795,12.0,102,0,27,low_profit_factor(0.73); negative_expectancy(-0.071)
SMMT,Healthcare,SECTOR_HEALTHCARE,23,7,16,30.43,0.8825,-0.071,-1.4741,-147.41,27.7768,-11.1541,111.8812,-23.2033,1106.92,1254.33,-6.4348,0.4007,1.9144,-0.2291,7.0,21,0,23,low_profit_factor(0.88); negative_expectancy(-0.071)
BRKR,Healthcare,SECTOR_HEALTHCARE,17,5,12,29.41,0.9841,-0.071,-0.1501,-15.01,13.1798,-5.9619,21.9572,-13.7041,931.8,946.81,-4.0831,-0.5263,-1.6452,-0.0368,11.8,45,1,16,low_profit_factor(0.98); negative_expectancy(-0.071)
MQY,Financials,SECTOR_FINANCIALS,14,3,11,21.43,0.8986,-0.0711,-0.7895,-78.95,5.1927,-1.6014,11.8349,-3.7216,699.78,778.73,-4.605,-0.6058,-2.0867,-0.1714,25.0,205,1,13,low_profit_factor(0.90); negative_expectancy(-0.071)
WAL,Financials,SECTOR_FINANCIALS,21,7,14,33.33,0.8685,-0.0711,-1.436,-143.6,12.447,-5.4541,27.8786,-8.3574,948.14,1091.74,-4.8794,0.7762,3.8407,-0.2943,11.9,45,1,20,low_profit_factor(0.87); negative_expectancy(-0.071)
LEN,Consumer Discretionary,SECTOR_CONSUMER_DISCRETIONARY,21,8,13,38.1,0.8647,-0.0715,-1.2748,-127.48,6.1975,-4.1628,23.3692,-7.3222,814.5,941.98,-6.2148,-0.4783,-1.4888,-0.2051,10.6,40,1,20,low_profit_factor(0.86); negative_expectancy(-0.071)
BLE,Financials,SECTOR_FINANCIALS,17,5,12,29.41,0.8667,-0.0717,-1.0923,-109.23,3.2928,-1.6652,11.5183,-3.295,710.03,819.26,-3.7413,-0.9576,-3.1367,-0.292,22.9,205,3,14,low_profit_factor(0.87); negative_expectancy(-0.072)
BST,Financials,SECTOR_FINANCIALS,21,9,12,42.86,0.8398,-0.0718,-1.2156,-121.56,2.1753,-2.5528,5.7632,-5.9785,637.09,758.65,-2.9735,-2.661,-4.155,-0.4088,12.2,39,0,21,low_profit_factor(0.84); negative_expectancy(-0.072)
ZEUS,Materials,SECTOR_MATERIALS,28,8,20,28.57,0.9106,-0.0719,-1.3013,-130.13,14.0938,-5.9793,36.381,-11.1429,1324.83,1454.96,-10.1338,-0.3388,-1.3579,-0.1284,11.0,32,1,27,low_profit_factor(0.91); negative_expectancy(-0.072)
CRH,Materials,SECTOR_MATERIALS,31,10,21,32.26,0.8388,-0.072,-2.4301,-243.01,5.985,-3.5059,12.3133,-7.9138,1264.79,1507.8,-7.4986,-1.3921,-3.5903,-0.3241,10.4,33,0,31,low_profit_factor(0.84); negative_expectancy(-0.072)
SLDP,Consumer Discretionary,SECTOR_CONSUMER_DISCRETIONARY,13,5,8,38.46,0.8862,-0.072,-0.7299,-72.99,16.084,-13.2471,43.913,-21.4984,568.66,641.65,-4.9916,-1.6739,-5.1991,-0.1462,13.5,42,1,12,low_profit_factor(0.89); negative_expectancy(-0.072)
RBA,Industrials,SECTOR_INDUSTRIALS,28,11,17,39.29,0.8219,-0.0731,-2.0407,-204.07,3.6823,-3.0443,8.8065,-5.633,941.85,1145.92,-7.2378,-1.5688,-3.679,-0.282,10.9,28,0,28,low_profit_factor(0.82); negative_expectancy(-0.073)
QRVO,Technology,SECTOR_TECHNOLOGY,17,5,12,29.41,0.9939,-0.0733,-0.0591,-5.91,11.5441,-5.3601,17.7558,-8.9875,957.85,963.76,-3.2022,-0.7153,-2.4505,-0.0185,15.2,56,1,16,low_profit_factor(0.99); negative_expectancy(-0.073)
BDJ,Financials,SECTOR_FINANCIALS,21,8,13,38.1,0.778,-0.0734,-1.5748,-157.48,2.2014,-1.3446,6.1644,-4.1266,551.91,709.39,-4.2306,0.0416,0.0967,-0.3722,14.0,76,0,21,low_profit_factor(0.78); negative_expectancy(-0.073)
GLUE,Healthcare,SECTOR_HEALTHCARE,17,5,12,29.41,0.9392,-0.0745,-0.5155,-51.55,21.5687,-11.7932,45.5814,-17.5359,795.64,847.19,-4.7543,-1.6358,-5.4107,-0.1084,14.9,87,0,17,low_profit_factor(0.94); negative_expectancy(-0.074)
PLNT,Consumer Discretionary,SECTOR_CONSUMER_DISCRETIONARY,21,4,17,19.05,0.8077,-0.0749,-1.922,-192.2,15.2481,-3.555,30.4696,-10.333,807.06,999.26,-3.9832,0.0469,0.1526,-0.4825,12.3,53,0,21,low_profit_factor(0.81); negative_expectancy(-0.075)
ATR,Healthcare,SECTOR_HEALTHCARE,18,7,11,38.89,0.745,-0.0749,-1.6091,-160.91,3.1205,-2.42,7.702,-5.3519,470.13,631.04,-4.0938,-1.1717,-2.194,-0.3931,13.4,44,0,18,low_profit_factor(0.74); negative_expectancy(-0.075)
PNC,Financials,SECTOR_FINANCIALS,23,6,17,26.09,0.831,-0.0752,-2.0577,-205.77,8.6603,-3.6005,19.9858,-6.4414,1011.81,1217.58,-5.8579,-0.9572,-3.4446,-0.3513,13.3,53,0,23,low_profit_factor(0.83); negative_expectancy(-0.075)
GRC,Industrials,SECTOR_INDUSTRIALS,21,9,12,42.86,0.7666,-0.0752,-1.5156,-151.56,2.7755,-2.8555,6.4497,-6.8542,497.66,649.22,-2.2554,-1.9515,-3.3201,-0.672,13.4,95,0,21,low_profit_factor(0.77); negative_expectancy(-0.075)
CBT,Materials,SECTOR_MATERIALS,3,1,2,33.33,0.8862,-0.0753,-0.2232,-22.32,9.7947,-5.1815,9.7947,-5.7897,173.88,196.2,-1.962,-0.3469,-3.4962,-0.1138,22.7,34,1,2,too_few_trades(3); low_profit_factor(0.89); negative_expectancy(-0.075)
KOP,Materials,SECTOR_MATERIALS,17,5,12,29.41,1.0061,-0.0756,0.0552,5.52,11.3029,-5.0542,26.7086,-8.6368,907.95,902.43,-3.2556,-0.4103,-1.4366,0.017,12.1,44,0,17,negative_expectancy(-0.076)
CSV,Consumer Discretionary,SECTOR_CONSUMER_DISCRETIONARY,16,5,11,31.25,0.8004,-0.0762,-1.2465,-124.65,7.7299,-2.8223,20.2472,-6.065,499.79,624.44,-2.7207,1.1596,3.9888,-0.4582,23.0,148,0,16,low_profit_factor(0.80); negative_expectancy(-0.076)
GBTG,Consumer Discretionary,SECTOR_CONSUMER_DISCRETIONARY,12,5,7,41.67,0.864,-0.0766,-0.7179,-71.79,6.7276,-4.7829,11.6168,-8.7631,456.05,527.84,-2.1609,0.0307,0.0876,-0.3322,13.4,32,1,11,low_profit_factor(0.86); negative_expectancy(-0.077)
SGU,Energy,SECTOR_ENERGY,21,6,15,28.57,0.7387,-0.0766,-2.1394,-213.94,6.7844,-3.1206,29.7806,-7.3046,604.88,818.82,-5.3671,-0.6124,-2.1689,-0.3986,8.9,30,0,21,low_profit_factor(0.74); negative_expectancy(-0.077)
GHY,Financials,SECTOR_FINANCIALS,22,7,15,31.82,0.7608,-0.0768,-2.0168,-201.68,2.4137,-1.2607,8.0808,-3.1621,641.46,843.14,-5.8045,-0.581,-1.5085,-0.3475,13.1,63,0,22,low_profit_factor(0.76); negative_expectancy(-0.077)
IOVA,Healthcare,SECTOR_HEALTHCARE,13,2,11,15.38,0.9281,-0.0768,-0.6847,-68.47,62.7728,-12.2829,66.1376,-16.3188,883.71,952.18,-4.7593,-0.4101,-2.7587,-0.1439,21.3,72,0,13,low_profit_factor(0.93); negative_expectancy(-0.077)
NXP,Financials,SECTOR_FINANCIALS,14,4,10,28.57,0.8738,-0.0769,-0.9513,-95.13,3.6726,-1.6629,5.4478,-2.8757,658.39,753.52,-4.9377,-0.7845,-2.9062,-0.1927,13.4,46,0,14,low_profit_factor(0.87); negative_expectancy(-0.077)
MET,Financials,SECTOR_FINANCIALS,21,7,14,33.33,0.7969,-0.0769,-1.9605,-196.05,5.3169,-2.5336,13.1803,-6.3959,769.37,965.42,-5.42,0.2669,0.8145,-0.3617,12.2,39,2,19,low_profit_factor(0.80); negative_expectancy(-0.077)
EW,Healthcare,SECTOR_HEALTHCARE,17,4,13,23.53,0.9443,-0.077,-0.4756,-47.56,9.5029,-3.5603,25.9801,-6.1548,806.86,854.42,-3.8748,-0.9983,-3.7069,-0.1227,16.5,70,2,15,low_profit_factor(0.94); negative_expectancy(-0.077)
EOG,Energy,SECTOR_ENERGY,13,5,8,38.46,0.7918,-0.0782,-1.009,-100.9,3.5513,-2.5756,9.5762,-4.1146,383.7,484.6,-3.7781,-0.8891,-2.6808,-0.2671,12.8,59,0,13,low_profit_factor(0.79); negative_expectancy(-0.078)
GAIN,Financials,SECTOR_FINANCIALS,15,7,8,46.67,0.775,-0.0798,-1.1554,-115.54,2.316,-2.7607,9.5633,-6.633,398.01,513.55,-2.5194,-1.6807,-3.1443,-0.4586,13.9,31,0,15,low_profit_factor(0.78); negative_expectancy(-0.080)
MUR,Energy,SECTOR_ENERGY,15,6,9,40.0,0.7904,-0.0798,-1.6555,-165.55,6.6147,-5.8458,18.9638,-8.8365,624.32,789.87,-5.8843,-1.7532,-5.209,-0.2813,11.2,32,0,15,low_profit_factor(0.79); negative_expectancy(-0.080)
LWLG,Materials,SECTOR_MATERIALS,13,2,11,15.38,0.9133,-0.0799,-0.8311,-83.11,68.3355,-11.7602,94.4444,-17.4674,875.24,958.35,-5.8827,0.2787,3.0436,-0.1413,11.3,56,1,12,low_profit_factor(0.91); negative_expectancy(-0.080)
CLX,Consumer Staples,SECTOR_CONSUMER_STAPLES,16,4,12,25.0,0.8945,-0.0806,-0.9005,-90.05,9.0399,-3.5739,13.4589,-6.4098,763.6,853.65,-4.8758,-1.094,-3.7754,-0.1847,16.9,64,0,16,low_profit_factor(0.89); negative_expectancy(-0.081)
ROCK,Industrials,SECTOR_INDUSTRIALS,23,8,15,34.78,0.7961,-0.0807,-2.2224,-222.24,6.6379,-4.6073,10.7158,-9.5454,867.68,1089.92,-3.8021,-1.6959,-3.7686,-0.5845,12.2,58,0,23,low_profit_factor(0.80); negative_expectancy(-0.081)
MSM,Industrials,SECTOR_INDUSTRIALS,22,8,14,36.36,0.8445,-0.0809,-1.3226,-132.26,4.037,-2.6551,7.8978,-5.6768,718.41,850.67,-5.453,-0.8997,-1.9174,-0.2425,9.9,26,0,22,low_profit_factor(0.84); negative_expectancy(-0.081)
ONTO,Technology,SECTOR_TECHNOLOGY,24,8,16,33.33,0.8694,-0.0815,-1.3653,-136.53,8.5856,-5.5981,21.7786,-10.9947,908.48,1045.01,-5.7688,-1.727,-4.7925,-0.2367,9.7,27,1,23,low_profit_factor(0.87); negative_expectancy(-0.082)
DBI,Consumer Discretionary,SECTOR_CONSUMER_DISCRETIONARY,19,5,14,26.32,0.9602,-0.0817,-0.6193,-61.93,33.053,-12.0995,72.4537,-26.2351,1495.18,1557.11,-10.8812,-0.1415,-0.5074,-0.0569,11.5,59,0,19,low_profit_factor(0.96); negative_expectancy(-0.082)
MCFT,Consumer Discretionary,SECTOR_CONSUMER_DISCRETIONARY,17,6,11,35.29,1.0045,-0.0834,0.0384,3.84,10.4692,-6.4325,16.4446,-9.83,864.3,860.46,-6.5712,-0.8459,-3.0603,0.0058,15.9,53,0,17,negative_expectancy(-0.083)
H,Consumer Discretionary,SECTOR_CONSUMER_DISCRETIONARY,25,7,18,28.0,0.8662,-0.0839,-1.5894,-158.94,8.5493,-3.3919,15.8423,-5.0829,1028.84,1187.78,-5.744,-0.1226,-0.6018,-0.2767,9.0,46,0,25,low_profit_factor(0.87); negative_expectancy(-0.084)
TRIN,Financials,SECTOR_FINANCIALS,22,10,12,45.45,0.782,-0.084,-2.1372,-213.72,3.3584,-3.5561,10.415,-7.8091,766.77,980.49,-5.6508,-1.4139,-2.8893,-0.3782,9.8,31,0,22,low_profit_factor(0.78); negative_expectancy(-0.084)
AROC,Energy,SECTOR_ENERGY,29,9,20,31.03,0.8573,-0.084,-2.0721,-207.21,7.6945,-4.114,21.7143,-6.029,1244.68,1451.89,-6.844,-1.0629,-4.8461,-0.3028,7.1,22,0,29,low_profit_factor(0.86); negative_expectancy(-0.084)
NBH,Financials,SECTOR_FINANCIALS,16,5,11,31.25,0.7876,-0.0841,-1.7428,-174.28,3.0936,-1.8997,8.1568,-3.912,646.24,820.52,-5.9279,-1.7781,-4.0648,-0.294,12.3,35,0,16,low_profit_factor(0.79); negative_expectancy(-0.084)
HPE,Technology,SECTOR_TECHNOLOGY,24,8,16,33.33,0.8048,-0.0845,-2.2165,-221.65,8.3272,-3.7249,24.7095,-10.9827,913.58,1135.23,-6.4334,0.5995,1.7177,-0.3445,10.8,53,2,22,low_profit_factor(0.80); negative_expectancy(-0.085)
INVX,Energy,SECTOR_ENERGY,14,5,9,35.71,0.8223,-0.085,-0.9406,-94.06,6.8811,-4.7857,18.7336,-8.7024,435.3,529.36,-3.3672,-1.3312,-3.5275,-0.2793,17.4,61,0,14,low_profit_factor(0.82); negative_expectancy(-0.085)
BHB,Financials,SECTOR_FINANCIALS,21,9,12,42.86,0.6842,-0.0851,-2.1803,-218.03,3.2843,-3.8257,9.0739,-9.5613,472.33,690.36,-2.7631,-2.6045,-4.045,-0.7891,9.2,23,0,21,low_profit_factor(0.68); negative_expectancy(-0.085)
CALX,Technology,SECTOR_TECHNOLOGY,20,6,14,30.0,0.9152,-0.0852,-0.9133,-91.33,13.5619,-5.5522,40.552,-14.9352,985.72,1077.05,-6.0898,0.2401,0.8542,-0.15,16.4,55,2,18,low_profit_factor(0.92); negative_expectancy(-0.085)
ACA,Industrials,SECTOR_INDUSTRIALS,23,6,17,26.09,0.8725,-0.0854,-1.464,-146.4,10.2591,-3.8822,23.9411,-8.9322,1001.55,1147.95,-7.1408,-0.4032,-1.34,-0.205,11.0,49,1,22,low_profit_factor(0.87); negative_expectancy(-0.085)
ETG,Financials,SECTOR_FINANCIALS,24,9,15,37.5,0.7929,-0.0855,-1.6858,-168.58,2.8685,-1.9861,10.2445,-6.7534,645.33,813.91,-3.3164,-0.761,-1.3291,-0.5083,12.8,40,1,23,low_profit_factor(0.79); negative_expectancy(-0.086)
HGV,Consumer Discretionary,SECTOR_CONSUMER_DISCRETIONARY,22,7,15,31.82,0.8081,-0.0856,-1.8115,-181.15,6.4545,-3.9892,12.5403,-8.2657,762.97,944.12,-3.1454,-1.7871,-4.3056,-0.5759,11.2,42,1,21,low_profit_factor(0.81); negative_expectancy(-0.086)
RHI,Industrials,SECTOR_INDUSTRIALS,8,4,4,50.0,0.9053,-0.086,-0.7645,-76.45,8.7362,-10.1723,11.5033,-16.8574,730.5,806.95,-3.0498,-1.0456,-1.9685,-0.2507,18.0,41,0,8,low_profit_factor(0.91); negative_expectancy(-0.086)
UMBF,Financials,SECTOR_FINANCIALS,22,9,13,40.91,0.7619,-0.0866,-2.021,-202.1,4.4435,-4.1346,11.2017,-9.1703,646.64,848.74,-4.4652,-1.9377,-3.595,-0.4526,10.9,25,0,22,low_profit_factor(0.76); negative_expectancy(-0.087)
MXF,Financials,SECTOR_FINANCIALS,24,7,17,29.17,0.8495,-0.0876,-1.8709,-187.09,6.0502,-2.6278,13.0303,-5.112,1056.33,1243.42,-5.5813,-0.3142,-1.1001,-0.3352,9.6,40,0,24,low_profit_factor(0.85); negative_expectancy(-0.088)
LCII,Consumer Discretionary,SECTOR_CONSUMER_DISCRETIONARY,23,6,17,26.09,0.8468,-0.0877,-1.7487,-174.87,10.2962,-4.7678,15.7409,-9.2174,966.47,1141.34,-10.2762,-1.7287,-4.8535,-0.1702,10.7,52,1,22,low_profit_factor(0.85); negative_expectancy(-0.088)
OSK,Industrials,SECTOR_INDUSTRIALS,27,8,19,29.63,0.8697,-0.0883,-1.8649,-186.49,8.5926,-4.1722,15.1542,-7.0449,1244.72,1431.21,-6.2002,-0.9583,-3.5015,-0.3008,10.0,35,1,26,low_profit_factor(0.87); negative_expectancy(-0.088)
BOH,Financials,SECTOR_FINANCIALS,17,4,13,23.53,0.7441,-0.0887,-2.3155,-231.55,15.0824,-4.0444,46.3558,-12.404,673.34,904.89,-4.6498,0.5737,2.2598,-0.498,15.7,120,0,17,low_profit_factor(0.74); negative_expectancy(-0.089)
CCK,Consumer Discretionary,SECTOR_CONSUMER_DISCRETIONARY,17,9,8,52.94,0.776,-0.0889,-1.4056,-140.56,2.4035,-3.8475,8.6029,-6.8739,487.06,627.62,-3.403,-2.1371,-4.0789,-0.413,16.3,75,1,16,low_profit_factor(0.78); negative_expectancy(-0.089)
FIP,Industrials,SECTOR_INDUSTRIALS,5,2,3,40.0,0.9076,-0.0889,-0.2675,-26.75,16.9661,-11.6758,25.1473,-12.339,262.83,289.58,-2.8473,-0.2078,-3.6158,-0.0939,15.2,37,0,5,low_profit_factor(0.91); negative_expectancy(-0.089)
RDVT,Technology,SECTOR_TECHNOLOGY,20,7,13,35.0,0.8644,-0.089,-1.3614,-136.14,11.2842,-6.2716,25.5952,-11.2985,868.0,1004.14,-5.3939,-0.1982,-0.7923,-0.2524,9.2,24,0,20,low_profit_factor(0.86); negative_expectancy(-0.089)
LB,Energy,SECTOR_ENERGY,2,1,1,50.0,0.5501,-0.0893,-0.1694,-16.94,1.8167,-4.1854,1.8167,-4.1854,20.71,37.65,-0.3757,-4.4299,0.0,-0.4509,13.0,17,0,2,too_few_trades(2); low_profit_factor(0.55); negative_expectancy(-0.089)
CSCO,Technology,SECTOR_TECHNOLOGY,24,8,16,33.33,0.8149,-0.0896,-1.9066,-190.66,4.2918,-2.3022,11.6751,-4.5524,839.58,1030.24,-3.6392,-0.4149,-1.2671,-0.5239,10.8,41,1,23,low_profit_factor(0.81); negative_expectancy(-0.090)
DHIL,Financials,SECTOR_FINANCIALS,14,6,8,42.86,0.753,-0.09,-1.519,-151.9,4.1282,-3.2428,9.6453,-4.8928,463.08,614.98,-4.5774,-0.2862,-0.8238,-0.3318,18.1,52,1,13,low_profit_factor(0.75); negative_expectancy(-0.090)
FFIC,Financials,SECTOR_FINANCIALS,14,4,10,28.57,0.8508,-0.09,-1.3818,-138.18,13.4132,-6.2232,20.9894,-9.5273,787.81,925.99,-6.4066,-1.0002,-5.3558,-0.2157,23.2,98,0,14,low_profit_factor(0.85); negative_expectancy(-0.090)
MP,Materials,SECTOR_MATERIALS,18,5,13,27.78,0.7911,-0.0901,-2.0084,-200.84,20.1744,-7.8653,47.9354,-13.6984,760.4,961.24,-5.6604,-0.0764,-0.2919,-0.3548,14.8,42,0,18,low_profit_factor(0.79); negative_expectancy(-0.090)
FTV,Technology,SECTOR_TECHNOLOGY,22,9,13,40.91,0.818,-0.0905,-2.1751,-217.51,4.6147,-3.785,11.5907,-5.9378,977.79,1195.3,-3.7827,-1.1482,-3.3902,-0.575,11.0,23,2,20,low_profit_factor(0.82); negative_expectancy(-0.090)
HAL,Energy,SECTOR_ENERGY,17,7,10,41.18,0.7783,-0.0908,-1.9759,-197.59,6.4622,-5.0061,15.749,-7.5252,693.8,891.39,-5.375,-0.6667,-2.0885,-0.3676,10.5,27,0,17,low_profit_factor(0.78); negative_expectancy(-0.091)
WRB,Financials,SECTOR_FINANCIALS,23,10,13,43.48,0.8147,-0.091,-1.6089,-160.89,2.4967,-2.4359,6.5796,-3.8502,707.4,868.29,-3.9951,-1.5548,-4.4485,-0.4027,9.2,40,0,23,low_profit_factor(0.81); negative_expectancy(-0.091)
XPEL,Consumer Discretionary,SECTOR_CONSUMER_DISCRETIONARY,21,6,15,28.57,0.8037,-0.0914,-2.5865,-258.65,17.1145,-7.9897,42.0265,-22.8544,1058.93,1317.58,-7.6606,-0.8706,-2.1958,-0.3376,19.7,95,1,20,low_profit_factor(0.80); negative_expectancy(-0.091)
PFE,Healthcare,SECTOR_HEALTHCARE,12,4,8,33.33,0.8655,-0.0914,-0.8004,-80.04,5.5965,-3.1886,8.6007,-4.5289,515.23,595.27,-4.0743,-0.862,-2.3517,-0.1965,19.8,84,1,11,low_profit_factor(0.87); negative_expectancy(-0.091)
ABG,Consumer Discretionary,SECTOR_CONSUMER_DISCRETIONARY,24,10,14,41.67,0.8209,-0.0918,-1.5312,-153.12,4.885,-4.4436,13.6875,-11.7199,701.82,854.94,-4.8983,-1.4971,-2.6528,-0.3126,11.2,43,0,24,low_profit_factor(0.82); negative_expectancy(-0.092)
BBCP,Industrials,SECTOR_INDUSTRIALS,19,7,12,36.84,0.8346,-0.0919,-1.166,-116.6,6.5182,-4.478,15.8238,-9.7902,588.48,705.08,-3.1494,-1.0259,-2.3579,-0.3702,9.9,30,1,18,low_profit_factor(0.83); negative_expectancy(-0.092)
PG,Consumer Staples,SECTOR_CONSUMER_STAPLES,19,7,12,36.84,0.8314,-0.0926,-1.4631,-146.31,3.6676,-2.3301,11.1095,-3.9887,721.7,868.01,-6.0596,-0.4641,-1.4517,-0.2415,11.9,36,0,19,low_profit_factor(0.83); negative_expectancy(-0.093)
LMND,Financials,SECTOR_FINANCIALS,22,5,17,22.73,0.7891,-0.0929,-2.8544,-285.44,27.1637,-10.0225,84.8909,-17.8571,1067.72,1353.16,-8.364,-1.119,-5.2659,-0.3413,11.5,55,1,21,low_profit_factor(0.79); negative_expectancy(-0.093)
AFG,Financials,SECTOR_FINANCIALS,15,4,11,26.67,0.8505,-0.0938,-1.2533,-125.33,6.8301,-2.8183,13.8117,-7.3008,713.23,838.56,-4.9157,-0.7479,-1.9732,-0.255,13.1,76,1,14,low_profit_factor(0.85); negative_expectancy(-0.094)
PRGS,Technology,SECTOR_TECHNOLOGY,10,4,6,40.0,0.8077,-0.0941,-0.6411,-64.11,3.5682,-2.4486,8.1855,-5.0348,269.28,333.39,-1.7679,-0.1747,-0.3965,-0.3626,12.0,34,0,10,low_profit_factor(0.81); negative_expectancy(-0.094)
PDLB,Financials,SECTOR_FINANCIALS,22,11,11,50.0,0.7115,-0.0943,-2.1845,-218.45,2.8078,-2.9225,6.9903,-6.4351,538.65,757.1,-3.6737,-0.2577,-0.5008,-0.5946,9.9,23,0,22,low_profit_factor(0.71); negative_expectancy(-0.094)
DKNG,Consumer Discretionary,SECTOR_CONSUMER_DISCRETIONARY,22,9,13,40.91,0.732,-0.0944,-2.4317,-243.17,6.7865,-5.7826,27.5791,-12.7653,664.05,907.22,-5.4144,-1.1976,-3.0326,-0.4491,12.0,48,0,22,low_profit_factor(0.73); negative_expectancy(-0.094)
CSTL,Healthcare,SECTOR_HEALTHCARE,21,4,17,19.05,0.8626,-0.0948,-1.8085,-180.85,25.8638,-8.1837,56.6216,-13.6226,1135.75,1316.6,-8.9933,-1.5757,-7.2728,-0.2011,14.0,74,1,20,low_profit_factor(0.86); negative_expectancy(-0.095)
MC,Financials,SECTOR_FINANCIALS,25,8,17,32.0,0.79,-0.095,-2.7494,-274.94,7.9848,-5.2712,23.0855,-10.3939,1034.37,1309.31,-5.1651,-2.0422,-5.5908,-0.5323,10.8,38,0,25,low_profit_factor(0.79); negative_expectancy(-0.095)
U,Technology,SECTOR_TECHNOLOGY,17,7,10,41.18,0.8943,-0.0953,-0.8921,-89.21,12.9106,-11.4988,26.8587,-16.3268,754.55,843.76,-4.9565,-1.6041,-6.1652,-0.18,15.0,65,1,16,low_profit_factor(0.89); negative_expectancy(-0.095)
USPH,Healthcare,SECTOR_HEALTHCARE,17,6,11,35.29,0.8008,-0.0955,-1.3754,-137.54,5.3266,-4.0867,11.9189,-8.0833,552.84,690.38,-3.2584,-2.1884,-5.0975,-0.4221,16.5,55,0,17,low_profit_factor(0.80); negative_expectancy(-0.096)
MSA,Industrials,SECTOR_INDUSTRIALS,20,8,12,40.0,0.9088,-0.0959,-0.7839,-78.39,4.3892,-3.4992,11.1857,-6.7361,780.7,859.09,-2.7843,-1.1572,-2.6295,-0.2815,11.9,33,0,20,low_profit_factor(0.91); negative_expectancy(-0.096)
GRPN,Communication Services,SECTOR_COMMUNICATION_SERVICES,17,6,11,35.29,0.7943,-0.096,-1.8886,-188.86,17.3849,-11.1825,38.4146,-23.8468,729.08,917.94,-5.3541,-1.0266,-2.4459,-0.3527,12.1,33,0,17,low_profit_factor(0.79); negative_expectancy(-0.096)
BKH,Utilities,SECTOR_UTILITIES,17,7,10,41.18,0.7019,-0.0967,-1.8896,-188.96,2.854,-2.1475,6.3703,-4.2524,444.9,633.86,-4.3159,-0.4594,-1.0244,-0.4378,17.5,129,0,17,low_profit_factor(0.70); negative_expectancy(-0.097)
EQBK,Financials,SECTOR_FINANCIALS,18,7,11,38.89,0.6984,-0.0969,-2.334,-233.4,5.1581,-3.891,12.4916,-7.7512,540.48,773.88,-3.8761,-1.0871,-2.9615,-0.6021,13.2,49,0,18,low_profit_factor(0.70); negative_expectancy(-0.097)
SKY,Consumer Discretionary,SECTOR_CONSUMER_DISCRETIONARY,21,9,12,42.86,0.8461,-0.0973,-1.3463,-134.63,5.8313,-5.2729,16.916,-16.3131,740.14,874.77,-6.7426,-1.1073,-1.9581,-0.1997,12.1,37,0,21,low_profit_factor(0.85); negative_expectancy(-0.097)
PKG,Consumer Discretionary,SECTOR_CONSUMER_DISCRETIONARY,26,11,15,42.31,0.8367,-0.0974,-1.5703,-157.03,3.023,-2.556,10.4489,-8.7895,804.85,961.88,-4.5563,-0.8003,-1.2961,-0.3446,10.3,49,0,26,low_profit_factor(0.84); negative_expectancy(-0.097)
STC,Financials,SECTOR_FINANCIALS,19,6,13,31.58,0.852,-0.0974,-1.5213,-152.13,7.6441,-4.5695,28.3174,-7.2064,875.82,1027.95,-5.2475,-1.3777,-5.5726,-0.2899,16.0,66,0,19,low_profit_factor(0.85); negative_expectancy(-0.097)
EQT,Energy,SECTOR_ENERGY,18,7,11,38.89,0.8251,-0.0991,-1.1499,-114.99,5.2423,-4.0525,10.8679,-9.0306,542.46,657.45,-4.357,-1.2816,-2.7647,-0.2639,10.2,35,0,18,low_profit_factor(0.83); negative_expectancy(-0.099)
PVH,Consumer Discretionary,SECTOR_CONSUMER_DISCRETIONARY,19,6,13,31.58,0.883,-0.1,-1.7152,-171.52,15.4241,-7.2503,44.1062,-20.4481,1293.97,1465.49,-10.3328,-0.0987,-0.2454,-0.166,11.5,44,1,18,low_profit_factor(0.88); negative_expectancy(-0.100)
HOLX,Healthcare,SECTOR_HEALTHCARE,20,8,12,40.0,0.7495,-0.1001,-1.7918,-179.18,2.3435,-2.5666,7.7775,-5.605,536.01,715.19,-4.4032,-3.0933,-6.1336,-0.4069,10.3,37,0,20,low_profit_factor(0.75); negative_expectancy(-0.100)
BRC,Industrials,SECTOR_INDUSTRIALS,23,6,17,26.09,0.8427,-0.1002,-1.6969,-169.69,6.0144,-2.9249,11.1443,-5.6011,909.05,1078.74,-4.7018,-2.014,-5.3547,-0.3609,10.2,33,1,22,low_profit_factor(0.84); negative_expectancy(-0.100)
FHN,Financials,SECTOR_FINANCIALS,18,7,11,38.89,0.7534,-0.1006,-2.0703,-207.03,5.4805,-3.9883,13.8686,-7.2973,632.41,839.44,-2.7247,-0.8522,-2.1378,-0.7598,11.9,40,1,17,low_profit_factor(0.75); negative_expectancy(-0.101)
UGI,Utilities,SECTOR_UTILITIES,20,7,13,35.0,0.7983,-0.1014,-2.0183,-201.83,5.3571,-3.7002,9.3823,-5.819,799.04,1000.87,-7.5477,-1.6849,-5.148,-0.2674,9.9,22,1,19,low_profit_factor(0.80); negative_expectancy(-0.101)
ENR,Industrials,SECTOR_INDUSTRIALS,18,5,13,27.78,0.8723,-0.1016,-1.4931,-149.31,10.2924,-4.813,19.3187,-9.0779,1020.35,1169.66,-7.3768,-1.1502,-3.7312,-0.2024,11.3,36,1,17,low_profit_factor(0.87); negative_expectancy(-0.102)
EVTC,Technology,SECTOR_TECHNOLOGY,15,6,9,40.0,0.8057,-0.102,-1.4203,-142.03,4.834,-4.097,9.4345,-5.4591,588.77,730.8,-3.7734,-1.6158,-5.2966,-0.3764,10.8,22,0,15,low_profit_factor(0.81); negative_expectancy(-0.102)
CHDN,Consumer Discretionary,SECTOR_CONSUMER_DISCRETIONARY,17,7,10,41.18,0.8021,-0.1021,-1.3252,-132.52,4.028,-3.3924,7.9819,-6.3918,536.97,669.49,-4.9626,-1.2116,-2.8946,-0.267,14.1,70,0,17,low_profit_factor(0.80); negative_expectancy(-0.102)
FMAO,Financials,SECTOR_FINANCIALS,12,3,9,25.0,0.8228,-0.1028,-1.0566,-105.66,11.6429,-5.3918,22.1833,-9.8899,490.77,596.43,-3.052,-1.9385,-4.6664,-0.3462,15.9,50,0,12,low_profit_factor(0.82); negative_expectancy(-0.103)
FND,Consumer Discretionary,SECTOR_CONSUMER_DISCRETIONARY,22,6,16,27.27,0.7481,-0.1029,-2.6071,-260.71,10.093,-5.1284,22.3047,-11.9268,774.3,1035.01,-5.7656,-1.7551,-4.2879,-0.4522,10.6,25,0,22,low_profit_factor(0.75); negative_expectancy(-0.103)
CLB,Energy,SECTOR_ENERGY,15,3,12,20.0,0.8709,-0.1032,-1.3866,-138.66,26.8826,-8.1735,38.7539,-12.1902,935.69,1074.35,-6.7887,-1.119,-6.436,-0.2043,17.9,94,0,15,low_profit_factor(0.87); negative_expectancy(-0.103)
CWEN,Utilities,SECTOR_UTILITIES,16,6,10,37.5,0.7612,-0.1034,-1.6147,-161.47,4.8346,-3.502,8.3302,-5.2366,514.81,676.28,-3.838,-1.2448,-2.9569,-0.4207,11.0,24,0,16,low_profit_factor(0.76); negative_expectancy(-0.103)
FBK,Financials,SECTOR_FINANCIALS,20,7,13,35.0,0.727,-0.104,-2.6186,-261.86,6.0268,-4.6825,13.3421,-8.3786,697.48,959.34,-3.367,-2.4157,-8.5046,-0.7777,9.9,24,0,20,low_profit_factor(0.73); negative_expectancy(-0.104)
LDP,Financials,SECTOR_FINANCIALS,19,5,14,26.32,0.7842,-0.1042,-1.9258,-192.58,3.6077,-1.5418,7.518,-3.0943,699.62,892.2,-2.9895,-1.0687,-2.8375,-0.6442,16.5,72,2,17,low_profit_factor(0.78); negative_expectancy(-0.104)
KR,Consumer Staples,SECTOR_CONSUMER_STAPLES,18,6,12,33.33,0.8092,-0.1043,-1.6866,-168.66,3.9134,-3.2703,18.0213,-6.6478,715.19,883.85,-7.5178,-2.6302,-8.704,-0.2243,8.2,35,0,18,low_profit_factor(0.81); negative_expectancy(-0.104)
LH,Healthcare,SECTOR_HEALTHCARE,20,9,11,45.0,0.7857,-0.1051,-2.1154,-211.54,3.8976,-3.8086,12.7959,-6.6355,775.77,987.31,-4.2519,-1.1347,-4.2535,-0.4975,11.8,56,0,20,low_profit_factor(0.79); negative_expectancy(-0.105)
BLW,Financials,SECTOR_FINANCIALS,14,4,10,28.57,0.691,-0.1051,-2.1164,-211.64,3.1613,-1.2587,7.7465,-2.6764,473.19,684.83,-3.6046,0.0243,0.079,-0.5871,16.4,63,1,13,low_profit_factor(0.69); negative_expectancy(-0.105)
NCV,Financials,SECTOR_FINANCIALS,19,10,9,52.63,0.7366,-0.1054,-1.9578,-195.78,2.0191,-3.5593,6.1662,-6.801,547.54,743.32,-4.2511,-2.9073,-4.8514,-0.4605,15.2,42,0,19,low_profit_factor(0.74); negative_expectancy(-0.105)
R,Industrials,SECTOR_INDUSTRIALS,29,7,22,24.14,0.81,-0.1055,-2.3319,-233.19,7.5289,-3.0635,18.2727,-7.3887,994.16,1227.35,-7.9349,-1.4524,-4.2249,-0.2939,9.8,47,0,29,low_profit_factor(0.81); negative_expectancy(-0.105)
GEF,Consumer Discretionary,SECTOR_CONSUMER_DISCRETIONARY,22,8,14,36.36,0.755,-0.1058,-2.2281,-222.81,4.5896,-3.3277,13.9294,-6.2751,686.48,909.29,-5.6985,-1.3804,-3.981,-0.391,10.1,31,0,22,low_profit_factor(0.76); negative_expectancy(-0.106)
FDS,Financials,SECTOR_FINANCIALS,18,7,11,38.89,0.8344,-0.1061,-1.3004,-130.04,4.433,-3.1583,12.3831,-5.3796,655.14,785.18,-6.0997,-0.6772,-2.2291,-0.2132,9.4,36,0,18,low_profit_factor(0.83); negative_expectancy(-0.106)
NSC,Industrials,SECTOR_INDUSTRIALS,23,7,16,30.43,0.7176,-0.1061,-2.2981,-229.81,4.2641,-2.2154,8.7213,-4.8253,584.01,813.82,-5.2659,-1.0464,-2.383,-0.4364,9.1,25,0,23,low_profit_factor(0.72); negative_expectancy(-0.106)
GLP,Energy,SECTOR_ENERGY,2,1,1,50.0,0.7943,-0.1065,-0.1997,-19.97,5.3783,-7.9843,5.3783,-7.9843,77.12,97.09,-0.9709,-2.1891,0.0,-0.2057,13.0,17,0,2,too_few_trades(2); low_profit_factor(0.79); negative_expectancy(-0.106)
IRTC,Healthcare,SECTOR_HEALTHCARE,16,7,9,43.75,0.7837,-0.1066,-1.4729,-147.29,7.3487,-6.822,15.3588,-12.9544,533.52,680.81,-3.1298,-1.188,-2.6524,-0.4706,11.8,26,0,16,low_profit_factor(0.78); negative_expectancy(-0.107)
BYD,Consumer Discretionary,SECTOR_CONSUMER_DISCRETIONARY,24,9,15,37.5,0.7597,-0.1067,-2.3821,-238.21,4.4285,-3.1596,12.3911,-8.3169,753.28,991.49,-5.3615,-1.0562,-2.4245,-0.4443,11.5,40,0,24,low_profit_factor(0.76); negative_expectancy(-0.107)
LC,Financials,SECTOR_FINANCIALS,19,4,15,21.05,0.7931,-0.1076,-2.1267,-212.67,19.151,-6.8294,33.124,-11.5466,815.38,1028.05,-5.5934,-1.686,-6.5414,-0.3802,11.4,46,0,19,low_profit_factor(0.79); negative_expectancy(-0.108)
VRNS,Technology,SECTOR_TECHNOLOGY,21,6,15,28.57,0.8712,-0.1079,-1.2729,-127.29,10.5226,-4.8893,25.3545,-12.2222,860.77,988.06,-4.4987,-0.7914,-2.1453,-0.2829,16.6,169,2,19,low_profit_factor(0.87); negative_expectancy(-0.108)
REYN,Consumer Discretionary,SECTOR_CONSUMER_DISCRETIONARY,15,5,10,33.33,0.7525,-0.108,-2.4137,-241.37,6.1041,-3.7481,11.7418,-5.5013,734.04,975.41,-5.232,-1.3807,-5.5255,-0.4613,10.9,49,0,15,low_profit_factor(0.75); negative_expectancy(-0.108)
HXL,Industrials,SECTOR_INDUSTRIALS,25,8,17,32.0,0.7493,-0.1082,-2.6246,-262.46,5.1787,-3.4527,11.1388,-7.8032,784.36,1046.82,-3.3214,-2.2962,-6.0452,-0.7902,10.5,40,0,25,low_profit_factor(0.75); negative_expectancy(-0.108)
BFH,Financials,SECTOR_FINANCIALS,18,4,14,22.22,0.8332,-0.1082,-1.514,-151.4,16.0325,-5.1405,30.429,-10.4134,756.41,907.81,-3.987,-0.6682,-2.1142,-0.3797,17.7,90,0,18,low_profit_factor(0.83); negative_expectancy(-0.108)
KHC,Consumer Staples,SECTOR_CONSUMER_STAPLES,13,6,7,46.15,0.8263,-0.1084,-0.8519,-85.19,2.6108,-2.9324,5.4047,-4.9759,405.37,490.56,-2.3382,-1.7473,-3.6904,-0.3643,13.7,34,0,13,low_profit_factor(0.83); negative_expectancy(-0.108)
HESM,Energy,SECTOR_ENERGY,17,7,10,41.18,0.7021,-0.1085,-1.7827,-178.27,2.3022,-2.5675,6.9466,-4.2744,420.24,598.51,-4.1451,-2.9774,-6.305,-0.4301,10.2,22,0,17,low_profit_factor(0.70); negative_expectancy(-0.108)
CLOV,Healthcare,SECTOR_HEALTHCARE,15,7,8,46.67,0.8268,-0.1086,-1.5148,-151.48,12.573,-14.5744,25.4717,-26.9241,722.92,874.4,-3.9942,-1.9483,-5.1305,-0.3792,17.0,42,1,14,low_profit_factor(0.83); negative_expectancy(-0.109)
OXLC,Financials,SECTOR_FINANCIALS,11,4,7,36.36,0.8587,-0.1087,-0.9997,-99.97,4.8855,-4.3865,12.4528,-6.434,607.75,707.72,-3.8765,-2.8842,-10.5676,-0.2579,10.7,24,1,10,low_profit_factor(0.86); negative_expectancy(-0.109)
ZION,Financials,SECTOR_FINANCIALS,20,7,13,35.0,0.7054,-0.1088,-2.6892,-268.92,9.824,-4.4161,44.912,-7.7652,643.76,912.68,-3.7563,0.7897,4.0464,-0.7159,18.2,154,1,19,low_profit_factor(0.71); negative_expectancy(-0.109)
CRC,Energy,SECTOR_ENERGY,19,7,12,36.84,0.7485,-0.1088,-2.1513,-215.13,5.9904,-4.1428,14.1336,-7.9792,640.13,855.26,-4.4065,-1.051,-3.0987,-0.4882,8.9,45,1,18,low_profit_factor(0.75); negative_expectancy(-0.109)
HVT,Consumer Discretionary,SECTOR_CONSUMER_DISCRETIONARY,20,8,12,40.0,0.7832,-0.1088,-1.6722,-167.22,4.7996,-4.5041,11.5145,-8.6573,604.05,771.27,-5.7797,-2.181,-4.5709,-0.2893,12.7,37,0,20,low_profit_factor(0.78); negative_expectancy(-0.109)
STRT,Consumer Discretionary,SECTOR_CONSUMER_DISCRETIONARY,20,7,13,35.0,0.7409,-0.1091,-2.3821,-238.21,9.5768,-5.9963,20.2988,-10.5156,681.26,919.47,-3.8848,-0.9774,-2.901,-0.6132,9.8,25,0,20,low_profit_factor(0.74); negative_expectancy(-0.109)
XOMA,Healthcare,SECTOR_HEALTHCARE,18,7,11,38.89,0.8884,-0.1094,-0.8424,-84.24,10.6101,-8.0294,20.9132,-13.4438,670.47,754.71,-4.1317,-1.1798,-3.5,-0.2039,8.8,22,0,18,low_profit_factor(0.89); negative_expectancy(-0.109)
JPC,Financials,SECTOR_FINANCIALS,22,8,14,36.36,0.7003,-0.1102,-2.4488,-244.88,1.8505,-1.434,6.9482,-3.0959,572.14,817.02,-2.8272,-1.6811,-3.4007,-0.8662,14.2,84,0,22,low_profit_factor(0.70); negative_expectancy(-0.110)
WTFC,Financials,SECTOR_FINANCIALS,18,7,11,38.89,0.8279,-0.1103,-1.3584,-135.84,5.8123,-3.5359,17.2394,-5.6191,653.3,789.14,-4.9613,0.2582,1.0756,-0.2738,10.9,43,0,18,low_profit_factor(0.83); negative_expectancy(-0.110)
SYM,Industrials,SECTOR_INDUSTRIALS,22,7,15,31.82,0.7319,-0.1105,-3.9447,-394.47,21.0915,-12.5237,56.8515,-29.7998,1076.74,1471.21,-8.2903,-1.4434,-3.9594,-0.4758,10.7,33,0,22,low_profit_factor(0.73); negative_expectancy(-0.111)
TRS,Consumer Discretionary,SECTOR_CONSUMER_DISCRETIONARY,20,8,12,40.0,0.8864,-0.112,-1.3637,-136.37,7.0647,-5.5961,23.9713,-12.2041,1064.56,1200.93,-7.2412,-1.0328,-2.7448,-0.1883,15.0,44,0,20,low_profit_factor(0.89); negative_expectancy(-0.112)
OTIS,Industrials,SECTOR_INDUSTRIALS,23,7,16,30.43,0.8471,-0.112,-1.6939,-169.39,5.1512,-2.4633,9.0416,-4.276,938.4,1107.79,-4.7291,-0.5654,-2.4279,-0.3582,9.4,27,0,23,low_profit_factor(0.85); negative_expectancy(-0.112)
NFG,Energy,SECTOR_ENERGY,18,3,15,16.67,0.7837,-0.1125,-1.893,-189.3,8.5414,-2.2,17.2869,-4.8032,686.03,875.33,-3.7677,-1.2625,-4.8811,-0.5024,11.6,43,0,18,low_profit_factor(0.78); negative_expectancy(-0.113)
ANDE,Consumer Staples,SECTOR_CONSUMER_STAPLES,22,11,11,50.0,0.789,-0.1126,-1.8791,-187.91,3.6622,-4.9862,9.2527,-8.5529,702.6,890.51,-5.9164,-2.0525,-4.0545,-0.3176,10.9,42,1,21,low_profit_factor(0.79); negative_expectancy(-0.113)
NPK,Industrials,SECTOR_INDUSTRIALS,26,10,16,38.46,0.7469,-0.1129,-3.0602,-306.02,5.4563,-3.6959,20.9991,-7.819,903.03,1209.05,-6.3393,-0.4432,-1.4991,-0.4827,12.4,72,0,26,low_profit_factor(0.75); negative_expectancy(-0.113)
HPI,Financials,SECTOR_FINANCIALS,19,5,14,26.32,0.8155,-0.1133,-2.0191,-201.91,4.0181,-2.3666,6.5846,-3.6585,892.43,1094.34,-6.7271,-3.367,-10.0035,-0.3001,14.6,53,1,18,low_profit_factor(0.82); negative_expectancy(-0.113)
ICHR,Technology,SECTOR_TECHNOLOGY,19,5,14,26.32,0.7288,-0.1135,-2.9243,-292.43,15.6314,-6.9285,44.545,-17.2772,786.02,1078.45,-7.3259,-1.1581,-3.419,-0.3992,12.2,53,0,19,low_profit_factor(0.73); negative_expectancy(-0.114)
UFPI,Materials,SECTOR_MATERIALS,21,8,13,38.1,0.8117,-0.1137,-1.6041,-160.41,5.0728,-3.8489,16.5793,-7.12,691.33,851.74,-6.4507,-1.2598,-3.3016,-0.2487,10.9,32,1,20,low_profit_factor(0.81); negative_expectancy(-0.114)
SLRC,Financials,SECTOR_FINANCIALS,19,6,13,31.58,0.8111,-0.114,-1.4779,-147.79,3.6575,-2.216,7.0482,-4.4159,634.65,782.44,-2.5547,-1.7177,-3.5317,-0.5785,14.6,61,0,19,low_profit_factor(0.81); negative_expectancy(-0.114)
GOGO,Communication Services,SECTOR_COMMUNICATION_SERVICES,14,4,10,28.57,0.7461,-0.1142,-1.846,-184.6,11.8615,-6.7491,15.2189,-10.7391,542.42,727.02,-4.4081,-2.4583,-7.7383,-0.4188,10.9,25,0,14,low_profit_factor(0.75); negative_expectancy(-0.114)
TOL,Consumer Discretionary,SECTOR_CONSUMER_DISCRETIONARY,28,7,21,25.0,0.8043,-0.1158,-3.3033,-330.33,11.4256,-5.038,23.9,-9.4597,1357.44,1687.77,-8.9273,-1.7679,-6.6262,-0.37,10.9,40,0,28,low_profit_factor(0.80); negative_expectancy(-0.116)
IGR,Financials,SECTOR_FINANCIALS,15,5,10,33.33,0.8009,-0.1161,-1.9251,-192.51,6.3769,-4.2094,9.2593,-7.7287,774.17,966.68,-6.1113,-1.9772,-7.8129,-0.315,18.9,41,0,15,low_profit_factor(0.80); negative_expectancy(-0.116)
NOVT,Technology,SECTOR_TECHNOLOGY,19,7,12,36.84,0.7371,-0.1162,-2.0949,-209.49,5.6291,-4.365,14.957,-10.303,587.23,796.72,-5.5972,-1.7372,-3.7697,-0.3743,8.4,19,0,19,low_profit_factor(0.74); negative_expectancy(-0.116)
EHC,Healthcare,SECTOR_HEALTHCARE,26,8,18,30.77,0.7445,-0.1163,-2.3306,-233.06,4.267,-2.2974,9.8185,-6.3341,679.27,912.33,-4.6658,-1.2074,-2.613,-0.4995,9.0,31,0,26,low_profit_factor(0.74); negative_expectancy(-0.116)
AMRX,Healthcare,SECTOR_HEALTHCARE,26,8,18,30.77,0.8039,-0.1168,-2.5123,-251.23,11.4625,-6.4511,43.1953,-17.4917,1029.9,1281.13,-7.4565,-1.2844,-3.3465,-0.3369,10.9,35,1,25,low_profit_factor(0.80); negative_expectancy(-0.117)
BGR,Financials,SECTOR_FINANCIALS,17,4,13,23.53,0.7323,-0.1174,-1.9872,-198.72,4.5812,-1.8077,8.7596,-5.0039,543.53,742.25,-6.0473,-1.3376,-3.553,-0.3286,7.8,36,0,17,low_profit_factor(0.73); negative_expectancy(-0.117)
MVF,Financials,SECTOR_FINANCIALS,13,4,9,30.77,0.8161,-0.1176,-1.0111,-101.11,2.6107,-1.5114,8.6022,-3.2898,448.64,549.75,-3.7952,-1.2897,-3.1383,-0.2664,21.9,125,0,13,low_profit_factor(0.82); negative_expectancy(-0.118)
INTU,Technology,SECTOR_TECHNOLOGY,20,7,13,35.0,0.7398,-0.1186,-2.2262,-222.62,6.0886,-3.6398,16.2622,-7.9244,632.9,855.52,-5.4536,-0.6303,-1.5666,-0.4082,10.6,45,0,20,low_profit_factor(0.74); negative_expectancy(-0.119)
ZYME,Healthcare,SECTOR_HEALTHCARE,24,10,14,41.67,0.7702,-0.1188,-2.5754,-257.54,9.2944,-8.0312,43.7216,-14.2244,863.22,1120.76,-4.7083,-1.0688,-3.341,-0.547,11.7,70,1,23,low_profit_factor(0.77); negative_expectancy(-0.119)
UWMC,Financials,SECTOR_FINANCIALS,21,6,15,28.57,0.7758,-0.1189,-2.4249,-242.49,11.8426,-5.5923,24.2126,-10.1266,839.07,1081.56,-5.3592,-1.0163,-3.7048,-0.4525,10.8,27,0,21,low_profit_factor(0.78); negative_expectancy(-0.119)
EMD,Financials,SECTOR_FINANCIALS,26,8,18,30.77,0.7568,-0.119,-2.5232,-252.32,3.3717,-1.8269,11.3716,-4.4669,785.35,1037.67,-4.7331,-1.052,-2.9122,-0.5331,12.0,55,2,24,low_profit_factor(0.76); negative_expectancy(-0.119)
CXW,Industrials,SECTOR_INDUSTRIALS,16,6,10,37.5,0.7804,-0.1193,-1.6296,-162.96,6.4783,-4.7338,16.8942,-7.5773,579.18,742.14,-4.2098,-1.1378,-5.0394,-0.3871,11.6,32,0,16,low_profit_factor(0.78); negative_expectancy(-0.119)
KELYA,Industrials,SECTOR_INDUSTRIALS,16,4,12,25.0,0.7262,-0.1196,-2.1045,-210.45,8.1358,-3.4811,16.7869,-6.7281,558.28,768.73,-4.397,-1.478,-4.0102,-0.4786,11.8,76,1,15,low_profit_factor(0.73); negative_expectancy(-0.120)
PKE,Industrials,SECTOR_INDUSTRIALS,28,8,20,28.57,0.742,-0.1201,-3.0592,-305.92,6.1543,-3.4143,20.5722,-6.7293,879.7,1185.62,-8.5538,-1.8174,-5.7818,-0.3576,8.6,26,0,28,low_profit_factor(0.74); negative_expectancy(-0.120)
VERX,Technology,SECTOR_TECHNOLOGY,23,10,13,43.48,0.7047,-0.1207,-2.3005,-230.05,4.5045,-5.4677,12.8782,-10.9403,549.12,779.17,-2.9004,-2.8273,-4.6987,-0.7932,13.5,45,2,21,low_profit_factor(0.70); negative_expectancy(-0.121)
APPF,Technology,SECTOR_TECHNOLOGY,21,9,12,42.86,0.7169,-0.1211,-2.5111,-251.11,5.0783,-5.4976,13.3487,-10.1956,635.99,887.1,-5.2928,-2.4747,-6.6603,-0.4744,12.5,53,0,21,low_profit_factor(0.72); negative_expectancy(-0.121)
EWTX,Healthcare,SECTOR_HEALTHCARE,17,7,10,41.18,0.8041,-0.1212,-1.8551,-185.51,14.5546,-12.1693,36.1734,-13.5752,761.35,946.86,-4.0485,-1.1908,-13.6403,-0.4582,18.5,123,1,16,low_profit_factor(0.80); negative_expectancy(-0.121)
LILA,Communication Services,SECTOR_COMMUNICATION_SERVICES,17,3,14,17.65,0.8857,-0.1214,-1.5237,-152.37,31.5329,-6.7123,45.2514,-15.1295,1180.59,1332.96,-6.4582,0.0366,0.1703,-0.2359,14.7,55,1,16,low_profit_factor(0.89); negative_expectancy(-0.121)
ITRI,Technology,SECTOR_TECHNOLOGY,22,8,14,36.36,0.756,-0.1224,-2.5283,-252.83,6.1207,-4.8963,13.116,-14.4984,783.56,1036.39,-4.0534,-2.073,-3.89,-0.6237,13.8,53,2,20,low_profit_factor(0.76); negative_expectancy(-0.122)
FUBO,Communication Services,SECTOR_COMMUNICATION_SERVICES,10,3,7,30.0,0.8264,-0.1226,-1.2262,-122.62,33.7252,-13.6974,99.3711,-17.5488,583.61,706.23,-4.705,0.2379,3.2279,-0.2606,28.6,149,0,10,low_profit_factor(0.83); negative_expectancy(-0.123)
GABC,Financials,SECTOR_FINANCIALS,18,9,9,50.0,0.6804,-0.1229,-2.2788,-227.88,2.8305,-4.151,12.5174,-7.1372,485.04,712.92,-2.3833,-2.1683,-5.2424,-0.9562,10.5,38,0,18,low_profit_factor(0.68); negative_expectancy(-0.123)
PGC,Financials,SECTOR_FINANCIALS,14,6,8,42.86,0.6899,-0.1232,-2.1683,-216.83,6.1286,-5.9326,14.1817,-8.2674,482.37,699.2,-4.0234,-1.7451,-5.1161,-0.5389,13.1,49,0,14,low_profit_factor(0.69); negative_expectancy(-0.123)
PCTY,Technology,SECTOR_TECHNOLOGY,18,5,13,27.78,0.8719,-0.1242,-1.2941,-129.41,12.4375,-5.6846,25.1526,-9.6421,880.57,1009.98,-3.7966,-1.0887,-4.5448,-0.3409,13.4,58,1,17,low_profit_factor(0.87); negative_expectancy(-0.124)
WSBF,Financials,SECTOR_FINANCIALS,19,6,13,31.58,0.7905,-0.1246,-2.1894,-218.94,7.2562,-4.3596,22.7915,-6.282,826.07,1045.01,-5.1721,-1.5412,-6.4116,-0.4233,13.7,40,1,18,low_profit_factor(0.79); negative_expectancy(-0.125)
J,Industrials,SECTOR_INDUSTRIALS,28,8,20,28.57,0.7354,-0.1249,-3.1117,-311.17,4.1415,-2.4872,9.0851,-6.5012,864.88,1176.05,-4.2801,-2.5321,-5.2623,-0.727,11.5,93,0,28,low_profit_factor(0.74); negative_expectancy(-0.125)
GPC,Consumer Discretionary,SECTOR_CONSUMER_DISCRETIONARY,11,3,8,27.27,0.8108,-0.1249,-1.0555,-105.55,6.7026,-3.4227,10.5066,-5.2706,452.19,557.74,-4.5537,-2.0079,-5.3126,-0.2318,16.6,68,0,11,low_profit_factor(0.81); negative_expectancy(-0.125)
TTWO,Communication Services,SECTOR_COMMUNICATION_SERVICES,22,7,15,31.82,0.6768,-0.126,-3.1728,-317.28,4.6549,-3.6673,18.05,-9.214,664.44,981.72,-6.1842,-2.8334,-5.5856,-0.513,14.2,76,1,21,low_profit_factor(0.68); negative_expectancy(-0.126)
ARCB,Industrials,SECTOR_INDUSTRIALS,19,8,11,42.11,0.7721,-0.1261,-2.1306,-213.06,6.8793,-6.7738,21.7381,-9.3179,721.85,934.91,-5.9467,-1.971,-11.1115,-0.3583,10.8,32,0,19,low_profit_factor(0.77); negative_expectancy(-0.126)
POST,Consumer Staples,SECTOR_CONSUMER_STAPLES,21,8,13,38.1,0.7066,-0.1262,-2.6037,-260.37,3.0231,-2.7048,10.528,-3.9912,626.98,887.35,-5.5543,-2.327,-7.9465,-0.4688,9.0,27,0,21,low_profit_factor(0.71); negative_expectancy(-0.126)
MMM,Industrials,SECTOR_INDUSTRIALS,19,6,13,31.58,0.6964,-0.1266,-2.8542,-285.42,4.9814,-3.507,12.202,-6.5859,654.67,940.09,-4.0485,-2.5171,-6.2098,-0.705,14.6,59,1,18,low_profit_factor(0.70); negative_expectancy(-0.127)
BFAM,Consumer Discretionary,SECTOR_CONSUMER_DISCRETIONARY,20,7,13,35.0,0.655,-0.1275,-2.9623,-296.23,5.3633,-3.8222,10.6415,-8.3605,562.35,858.58,-4.4563,-1.7769,-3.734,-0.6647,11.3,38,0,20,low_profit_factor(0.66); negative_expectancy(-0.128)
OBK,Financials,SECTOR_FINANCIALS,17,8,9,47.06,0.7534,-0.1293,-1.5629,-156.29,3.0464,-4.7119,6.808,-9.6886,477.37,633.66,-4.239,-3.59,-6.7491,-0.3687,13.8,28,0,17,low_profit_factor(0.75); negative_expectancy(-0.129)
USA,Financials,SECTOR_FINANCIALS,19,8,11,42.11,0.7865,-0.1294,-1.9933,-199.33,2.9364,-3.2486,5.6836,-6.25,734.24,933.57,-4.9809,-2.81,-5.622,-0.4002,16.1,44,0,19,low_profit_factor(0.79); negative_expectancy(-0.129)
WASH,Financials,SECTOR_FINANCIALS,18,7,11,38.89,0.7592,-0.1296,-2.4275,-242.75,6.5271,-5.5363,18.3172,-8.4157,765.3,1008.05,-5.1365,-1.8435,-8.449,-0.4726,14.0,58,1,17,low_profit_factor(0.76); negative_expectancy(-0.130)
CVS,Healthcare,SECTOR_HEALTHCARE,15,6,9,40.0,0.8459,-0.1298,-1.2293,-122.93,6.6737,-4.5925,25.2187,-8.4295,674.66,797.59,-2.9474,-0.1676,-0.6823,-0.4171,13.3,44,1,14,low_profit_factor(0.85); negative_expectancy(-0.130)
DDS,Consumer Discretionary,SECTOR_CONSUMER_DISCRETIONARY,18,7,11,38.89,0.6887,-0.1303,-1.8906,-189.06,5.402,-4.2784,12.1487,-8.3136,418.34,607.4,-3.2592,-1.3774,-3.5831,-0.5801,8.9,29,0,18,low_profit_factor(0.69); negative_expectancy(-0.130)
CSWC,Financials,SECTOR_FINANCIALS,23,9,14,39.13,0.7083,-0.1303,-3.1544,-315.44,3.5674,-2.9211,9.4134,-5.2791,765.88,1081.32,-5.6534,-1.6081,-4.2923,-0.558,14.1,48,1,22,low_profit_factor(0.71); negative_expectancy(-0.130)
TWI,Industrials,SECTOR_INDUSTRIALS,11,3,8,27.27,0.8464,-0.1305,-0.8535,-85.35,12.7319,-6.1055,21.9952,-14.5695,470.29,555.64,-4.3919,-1.503,-3.433,-0.1943,12.9,38,2,9,low_profit_factor(0.85); negative_expectancy(-0.131)
BNTC,Healthcare,SECTOR_HEALTHCARE,15,5,10,33.33,0.7642,-0.1306,-1.4908,-149.08,19.0689,-11.1471,59.164,-28.1556,483.1,632.18,-2.7436,-0.8253,-1.9268,-0.5434,20.7,133,0,15,low_profit_factor(0.76); negative_expectancy(-0.131)
HTH,Financials,SECTOR_FINANCIALS,21,8,13,38.1,0.6882,-0.131,-2.8516,-285.16,4.193,-3.9355,8.1232,-7.6969,629.37,914.53,-4.7458,-2.7703,-5.3056,-0.6009,9.4,20,0,21,low_profit_factor(0.69); negative_expectancy(-0.131)
NFJ,Financials,SECTOR_FINANCIALS,20,7,13,35.0,0.6099,-0.1316,-2.9637,-296.37,2.0043,-1.7275,5.641,-4.6439,463.44,759.81,-3.3093,-2.6029,-4.3824,-0.8956,14.8,54,0,20,low_profit_factor(0.61); negative_expectancy(-0.132)
HTD,Financials,SECTOR_FINANCIALS,20,7,13,35.0,0.751,-0.1317,-2.2348,-223.48,2.6326,-2.0488,6.6944,-5.1353,673.95,897.43,-4.0785,-2.2023,-4.3724,-0.5479,13.7,88,1,19,low_profit_factor(0.75); negative_expectancy(-0.132)
LQDT,Consumer Discretionary,SECTOR_CONSUMER_DISCRETIONARY,21,7,14,33.33,0.6392,-0.1327,-2.9739,-297.39,5.6128,-4.0114,15.631,-10.2626,526.91,824.3,-4.8629,-2.0557,-3.8523,-0.6116,10.3,20,2,19,low_profit_factor(0.64); negative_expectancy(-0.133)
EA,Communication Services,SECTOR_COMMUNICATION_SERVICES,26,10,16,38.46,0.7326,-0.1331,-2.8781,-287.81,3.0266,-2.5211,9.7701,-8.5585,788.54,1076.35,-7.3401,-1.6657,-2.9822,-0.3921,10.9,31,0,26,low_profit_factor(0.73); negative_expectancy(-0.133)
AOD,Financials,SECTOR_FINANCIALS,23,8,15,34.78,0.715,-0.1332,-2.4292,-242.92,2.2721,-1.4275,8.0729,-3.8576,609.41,852.33,-3.3951,-0.9008,-2.1072,-0.7155,11.2,61,0,23,low_profit_factor(0.71); negative_expectancy(-0.133)
CASS,Industrials,SECTOR_INDUSTRIALS,19,8,11,42.11,0.6303,-0.1333,-2.9901,-299.01,3.7378,-3.6751,15.4604,-7.8027,509.82,808.83,-4.2865,-1.6854,-3.7838,-0.6976,15.6,76,1,18,low_profit_factor(0.63); negative_expectancy(-0.133)
PII,Consumer Discretionary,SECTOR_CONSUMER_DISCRETIONARY,13,6,7,46.15,0.8101,-0.1333,-1.2936,-129.36,9.1256,-6.6855,38.6998,-11.7451,551.8,681.16,-3.8431,0.7658,3.6799,-0.3366,17.0,69,0,13,low_profit_factor(0.81); negative_expectancy(-0.133)
XPOF,Consumer Discretionary,SECTOR_CONSUMER_DISCRETIONARY,7,3,4,42.86,0.7972,-0.1334,-0.823,-82.3,12.4293,-13.2356,15.4397,-15.5054,323.61,405.91,-2.5136,-2.5432,-19.0686,-0.3274,21.1,39,0,7,low_profit_factor(0.80); negative_expectancy(-0.133)
SIBN,Healthcare,SECTOR_HEALTHCARE,18,7,11,38.89,0.6298,-0.1342,-3.0381,-303.81,8.534,-6.7901,20.4828,-11.4368,516.95,820.76,-4.1541,-1.4838,-4.1286,-0.7313,12.9,64,0,18,low_profit_factor(0.63); negative_expectancy(-0.134)
ASLE,Industrials,SECTOR_INDUSTRIALS,15,5,10,33.33,0.7611,-0.1346,-2.2926,-229.26,13.243,-6.9471,24.4364,-11.9275,730.41,959.67,-6.3063,-0.3184,-1.544,-0.3635,16.9,73,3,12,low_profit_factor(0.76); negative_expectancy(-0.135)
EPAC,Industrials,SECTOR_INDUSTRIALS,26,11,15,42.31,0.7274,-0.1347,-3.4781,-347.81,4.7785,-3.8786,25.7157,-14.1496,928.12,1275.93,-7.5323,-0.4861,-0.8351,-0.4618,8.8,28,0,26,low_profit_factor(0.73); negative_expectancy(-0.135)
GPRE,Materials,SECTOR_MATERIALS,8,3,5,37.5,0.6409,-0.1348,-1.9426,-194.26,17.229,-11.0186,47.7032,-15.3385,346.68,540.94,-4.1206,-0.3297,-1.8585,-0.4714,13.9,44,2,6,low_profit_factor(0.64); negative_expectancy(-0.135)
ARRY,Technology,SECTOR_TECHNOLOGY,18,5,13,27.78,0.8617,-0.1349,-1.2856,-128.56,29.0148,-9.7469,115.735,-15.33,801.17,929.73,-6.8006,0.5401,3.4619,-0.189,11.1,60,1,17,low_profit_factor(0.86); negative_expectancy(-0.135)
BKD,Healthcare,SECTOR_HEALTHCARE,24,7,17,29.17,0.8144,-0.1361,-2.319,-231.9,8.8248,-5.9929,32.0423,-11.0032,1017.32,1249.22,-10.1282,-2.8603,-7.9283,-0.229,8.9,24,0,24,low_profit_factor(0.81); negative_expectancy(-0.136)
AVA,Utilities,SECTOR_UTILITIES,18,7,11,38.89,0.6704,-0.1369,-2.737,-273.7,2.8098,-3.2392,4.6823,-5.6528,556.68,830.38,-5.6875,-4.1336,-7.9834,-0.4812,7.8,23,0,18,low_profit_factor(0.67); negative_expectancy(-0.137)
AIG,Financials,SECTOR_FINANCIALS,25,11,14,44.0,0.6483,-0.1374,-3.9335,-393.35,3.4074,-3.1565,14.6873,-5.345,725.17,1118.52,-6.3496,-0.9605,-2.6923,-0.6195,10.7,30,1,24,low_profit_factor(0.65); negative_expectancy(-0.137)
AAON,Industrials,SECTOR_INDUSTRIALS,29,9,20,31.03,0.8379,-0.1381,-2.7721,-277.21,11.8556,-5.7919,28.3144,-25.7143,1433.27,1710.48,-7.9068,-0.4944,-0.9831,-0.3506,9.1,45,1,28,low_profit_factor(0.84); negative_expectancy(-0.138)
EGBN,Financials,SECTOR_FINANCIALS,16,4,12,25.0,0.7871,-0.1389,-2.129,-212.9,15.5765,-6.4763,25.3047,-11.3744,786.92,999.82,-6.8678,-1.4401,-6.4259,-0.31,15.2,42,1,15,low_profit_factor(0.79); negative_expectancy(-0.139)
SLAB,Technology,SECTOR_TECHNOLOGY,19,6,13,31.58,0.5973,-0.1391,-3.0287,-302.87,6.8559,-4.3755,29.1443,-8.0136,449.16,752.03,-3.5193,-1.607,-5.1127,-0.8606,10.6,54,0,19,low_profit_factor(0.60); negative_expectancy(-0.139)
IQI,Financials,SECTOR_FINANCIALS,19,5,14,26.32,0.7382,-0.1394,-2.1569,-215.69,2.6197,-1.3367,8.4765,-3.0609,608.33,824.02,-3.8946,-1.8479,-4.9683,-0.5538,15.8,127,0,19,low_profit_factor(0.74); negative_expectancy(-0.139)
RMD,Healthcare,SECTOR_HEALTHCARE,21,5,16,23.81,0.7916,-0.1395,-2.0393,-203.93,8.5391,-3.3365,16.5965,-7.359,774.79,978.72,-4.2154,-1.3435,-3.8577,-0.4838,11.6,47,0,21,low_profit_factor(0.79); negative_expectancy(-0.140)
HAS,Consumer Discretionary,SECTOR_CONSUMER_DISCRETIONARY,22,9,13,40.91,0.6924,-0.1399,-2.6493,-264.93,3.2399,-3.8064,7.8788,-6.3662,596.32,861.25,-3.7298,-3.3806,-6.1499,-0.7103,10.2,53,1,21,low_profit_factor(0.69); negative_expectancy(-0.140)
JBLU,Industrials,SECTOR_INDUSTRIALS,16,4,12,25.0,0.8247,-0.1412,-1.7129,-171.29,17.4741,-7.4701,34.1615,-11.2727,805.65,976.94,-4.5738,-1.5029,-6.143,-0.3745,17.5,54,1,15,low_profit_factor(0.82); negative_expectancy(-0.141)
PBT,Energy,SECTOR_ENERGY,12,4,8,33.33,0.7576,-0.142,-1.3914,-139.14,7.779,-5.7014,21.902,-8.8363,434.98,574.12,-3.9301,-2.2184,-7.4206,-0.354,11.5,42,1,11,low_profit_factor(0.76); negative_expectancy(-0.142)
GOOG,Communication Services,SECTOR_COMMUNICATION_SERVICES,27,9,18,33.33,0.6886,-0.1422,-4.1112,-411.12,4.7293,-3.7294,17.2836,-7.1352,909.17,1320.29,-7.9034,-2.8133,-7.3378,-0.5202,10.4,23,0,27,low_profit_factor(0.69); negative_expectancy(-0.142)
PRAA,Financials,SECTOR_FINANCIALS,13,4,9,30.77,0.7654,-0.1427,-1.8033,-180.33,12.2982,-6.926,21.3449,-10.8511,588.32,768.65,-4.4742,-1.5183,-5.3732,-0.403,17.5,64,2,11,low_profit_factor(0.77); negative_expectancy(-0.143)
CLM,Financials,SECTOR_FINANCIALS,19,6,13,31.58,0.7008,-0.1429,-3.2709,-327.09,3.7373,-2.6859,6.2415,-6.588,766.04,1093.13,-6.6459,-2.8802,-5.4451,-0.4922,12.2,47,1,18,low_profit_factor(0.70); negative_expectancy(-0.143)
BBUC,Financials,SECTOR_FINANCIALS,17,5,12,29.41,0.799,-0.1443,-1.8513,-185.13,9.9904,-4.9272,28.5796,-10.7735,736.01,921.14,-4.7014,-0.9389,-2.9872,-0.3938,9.4,24,1,16,low_profit_factor(0.80); negative_expectancy(-0.144)
WMK,Consumer Staples,SECTOR_CONSUMER_STAPLES,12,5,7,41.67,0.6433,-0.1452,-2.0393,-203.93,3.838,-4.3933,7.5725,-6.1646,367.84,571.77,-2.9814,-3.1677,-7.6613,-0.684,11.4,27,0,12,low_profit_factor(0.64); negative_expectancy(-0.145)
CLDX,Healthcare,SECTOR_HEALTHCARE,16,7,9,43.75,0.6444,-0.1453,-2.1992,-219.92,6.4097,-6.7775,10.9482,-14.6803,398.56,618.48,-3.6842,-2.0725,-3.4018,-0.5969,14.0,74,0,16,low_profit_factor(0.64); negative_expectancy(-0.145)
PRAX,Healthcare,SECTOR_HEALTHCARE,23,6,17,26.09,0.8662,-0.1456,-1.729,-172.9,25.7257,-13.2745,86.6062,-48.0969,1119.16,1292.06,-7.6726,-1.9906,-4.5887,-0.2253,12.6,47,3,20,low_profit_factor(0.87); negative_expectancy(-0.146)
EIM,Financials,SECTOR_FINANCIALS,13,4,9,30.77,0.7223,-0.1458,-1.5883,-158.83,2.1915,-1.5317,5.8568,-3.9321,413.02,571.85,-3.1738,-2.4934,-4.7799,-0.5004,23.5,189,0,13,low_profit_factor(0.72); negative_expectancy(-0.146)
DIOD,Technology,SECTOR_TECHNOLOGY,15,6,9,40.0,0.7662,-0.1468,-1.8107,-181.07,8.0807,-6.3767,18.8913,-8.127,593.37,774.44,-4.2036,-1.0586,-5.1199,-0.4307,14.9,44,1,14,low_profit_factor(0.77); negative_expectancy(-0.147)
VRSK,Industrials,SECTOR_INDUSTRIALS,25,10,15,40.0,0.6843,-0.1469,-3.6991,-369.91,3.6974,-3.1776,12.9765,-11.1242,801.83,1171.74,-7.2694,-1.4372,-2.295,-0.5089,9.7,32,0,25,low_profit_factor(0.68); negative_expectancy(-0.147)
LSTR,Industrials,SECTOR_INDUSTRIALS,19,6,13,31.58,0.7135,-0.1469,-2.5024,-250.24,5.2774,-3.6507,12.4132,-6.2265,623.07,873.31,-3.8691,-2.5266,-6.3336,-0.6468,10.2,44,0,19,low_profit_factor(0.71); negative_expectancy(-0.147)
LNG,Energy,SECTOR_ENERGY,15,5,10,33.33,0.6781,-0.1469,-2.0139,-201.39,3.5686,-2.7815,7.7933,-4.7169,424.29,625.68,-2.5442,-2.7066,-7.7828,-0.7916,7.6,22,0,15,low_profit_factor(0.68); negative_expectancy(-0.147)
CIEN,Technology,SECTOR_TECHNOLOGY,24,8,16,33.33,0.8083,-0.1471,-2.9507,-295.07,11.1637,-6.2317,41.9644,-13.3065,1244.37,1539.44,-8.2925,-0.5959,-1.8445,-0.3558,10.4,34,0,24,low_profit_factor(0.81); negative_expectancy(-0.147)
HCA,Healthcare,SECTOR_HEALTHCARE,26,11,15,42.31,0.651,-0.1476,-3.119,-311.9,2.7065,-3.6471,5.9671,-12.1206,581.76,893.66,-4.1249,-3.6317,-4.8617,-0.7561,12.4,44,1,25,low_profit_factor(0.65); negative_expectancy(-0.148)
L,Financials,SECTOR_FINANCIALS,28,9,19,32.14,0.619,-0.1476,-3.5881,-358.81,1.982,-1.6145,4.4283,-3.3981,582.86,941.67,-5.8752,-3.696,-8.8951,-0.6107,9.6,31,0,28,low_profit_factor(0.62); negative_expectancy(-0.148)
OLED,Technology,SECTOR_TECHNOLOGY,21,6,15,28.57,0.7732,-0.1478,-2.711,-271.1,10.2245,-5.5759,23.5694,-9.2402,924.28,1195.38,-6.3503,-1.8278,-7.3957,-0.4269,12.8,62,0,21,low_profit_factor(0.77); negative_expectancy(-0.148)
EVGO,Consumer Discretionary,SECTOR_CONSUMER_DISCRETIONARY,15,4,11,26.67,0.7848,-0.1479,-2.0247,-202.47,23.9448,-11.9656,51.1111,-15.8416,738.49,940.96,-6.8262,-1.9438,-8.4152,-0.2966,14.2,84,0,15,low_profit_factor(0.78); negative_expectancy(-0.148)
ALRM,Technology,SECTOR_TECHNOLOGY,16,5,11,31.25,0.849,-0.1482,-1.482,-148.2,8.1669,-5.5092,13.5846,-9.9836,833.22,981.42,-6.2477,-2.5789,-8.5967,-0.2372,18.5,110,1,15,low_profit_factor(0.85); negative_expectancy(-0.148)
ADV,Communication Services,SECTOR_COMMUNICATION_SERVICES,15,3,12,20.0,0.7962,-0.1487,-1.7731,-177.31,30.3721,-9.2132,51.5152,-17.3393,692.61,869.92,-5.0396,-1.053,-4.0627,-0.3518,13.1,49,2,13,low_profit_factor(0.80); negative_expectancy(-0.149)
TSN,Consumer Staples,SECTOR_CONSUMER_STAPLES,17,7,10,41.18,0.7421,-0.1491,-2.5156,-251.56,4.1123,-3.5881,8.9609,-9.0423,723.93,975.49,-4.5736,-1.4512,-3.2038,-0.55,12.4,29,1,16,low_profit_factor(0.74); negative_expectancy(-0.149)
CYRX,Industrials,SECTOR_INDUSTRIALS,12,3,9,25.0,0.8546,-0.1492,-0.983,-98.3,28.8988,-10.735,56.1764,-16.2029,577.75,676.05,-4.333,-0.612,-2.8577,-0.2269,27.2,120,3,9,low_profit_factor(0.85); negative_expectancy(-0.149)
LEA,Consumer Discretionary,SECTOR_CONSUMER_DISCRETIONARY,16,6,10,37.5,0.7109,-0.1495,-2.336,-233.6,7.0997,-4.66,23.6353,-8.3923,574.31,807.91,-5.472,-0.5054,-1.4135,-0.4269,11.4,51,0,16,low_profit_factor(0.71); negative_expectancy(-0.149)
EL,Consumer Staples,SECTOR_CONSUMER_STAPLES,14,4,10,28.57,0.8324,-0.1497,-1.5027,-150.27,16.0058,-6.4014,42.4287,-8.7145,746.46,896.73,-5.0997,0.0008,0.0052,-0.2947,22.9,121,2,12,low_profit_factor(0.83); negative_expectancy(-0.150)
MSB,Materials,SECTOR_MATERIALS,16,3,13,18.75,0.7123,-0.1498,-2.3992,-239.92,16.0145,-5.12,17.9759,-13.1613,593.89,833.81,-3.9047,-2.0147,-5.2503,-0.6144,8.7,31,0,16,low_profit_factor(0.71); negative_expectancy(-0.150)
URG,Energy,SECTOR_ENERGY,14,3,11,21.43,0.7638,-0.1509,-1.6187,-161.87,17.2932,-6.8999,27.193,-13.0856,523.5,685.37,-4.8119,-2.3431,-7.2181,-0.3364,11.9,31,0,14,low_profit_factor(0.76); negative_expectancy(-0.151)
BBN,Financials,SECTOR_FINANCIALS,17,6,11,35.29,0.6992,-0.1511,-2.5999,-259.99,2.5825,-2.3254,5.9164,-4.8661,604.26,864.25,-4.2328,-3.1838,-6.3323,-0.6142,14.2,46,0,17,low_profit_factor(0.70); negative_expectancy(-0.151)
NC,Energy,SECTOR_ENERGY,15,5,10,33.33,0.6873,-0.1514,-1.9613,-196.13,6.1659,-4.5352,11.673,-7.5457,431.1,627.23,-4.2815,-2.6392,-6.8908,-0.4581,11.5,72,0,15,low_profit_factor(0.69); negative_expectancy(-0.151)
REX,Materials,SECTOR_MATERIALS,20,5,15,25.0,0.7387,-0.1514,-3.1244,-312.44,9.2607,-5.152,21.2584,-7.7893,883.08,1195.52,-7.0854,-3.1087,-9.8276,-0.441,7.1,31,0,20,low_profit_factor(0.74); negative_expectancy(-0.151)
FORM,Technology,SECTOR_TECHNOLOGY,23,8,15,34.78,0.7324,-0.1514,-3.5107,-351.07,9.5239,-6.681,30.4104,-24.1589,960.86,1311.93,-10.0407,-1.507,-3.0324,-0.3496,11.0,54,1,22,low_profit_factor(0.73); negative_expectancy(-0.151)
DJCO,Technology,SECTOR_TECHNOLOGY,22,7,15,31.82,0.6884,-0.1516,-2.9117,-291.17,4.2615,-3.5396,9.8719,-7.3503,643.38,934.55,-5.1842,-3.8209,-8.7041,-0.5616,10.9,83,0,22,low_profit_factor(0.69); negative_expectancy(-0.152)
PFIS,Financials,SECTOR_FINANCIALS,16,5,11,31.25,0.5419,-0.1516,-3.698,-369.8,6.4783,-4.4148,15.925,-9.3577,437.4,807.2,-6.3816,-2.4878,-5.6758,-0.5795,9.6,43,1,15,low_profit_factor(0.54); negative_expectancy(-0.152)
PRA,Financials,SECTOR_FINANCIALS,15,7,8,46.67,0.6807,-0.1516,-2.4124,-241.24,4.6108,-4.7081,16.6997,-6.8944,514.39,755.63,-4.195,-0.8461,-2.3195,-0.5751,14.6,49,2,13,low_profit_factor(0.68); negative_expectancy(-0.152)
CODI,Industrials,SECTOR_INDUSTRIALS,16,6,10,37.5,0.7384,-0.1522,-2.3285,-232.85,8.5216,-6.4183,20.9945,-14.1564,657.26,890.11,-3.8789,-1.4329,-3.7503,-0.6003,15.8,60,2,14,low_profit_factor(0.74); negative_expectancy(-0.152)
KIO,Financials,SECTOR_FINANCIALS,21,6,15,28.57,0.5828,-0.1526,-3.5153,-351.53,2.0494,-1.345,5.7548,-3.2684,491.11,842.64,-5.5505,-2.8547,-5.614,-0.6333,12.1,66,2,19,low_profit_factor(0.58); negative_expectancy(-0.153)
CHRW,Industrials,SECTOR_INDUSTRIALS,20,9,11,45.0,0.7851,-0.1529,-2.162,-216.2,4.3389,-4.4925,15.2119,-9.045,790.08,1006.28,-7.4234,-1.4034,-3.6513,-0.2912,12.5,41,0,20,low_profit_factor(0.79); negative_expectancy(-0.153)
PRSU,Consumer Discretionary,SECTOR_CONSUMER_DISCRETIONARY,18,4,14,22.22,0.8306,-0.1531,-1.9911,-199.11,21.1319,-5.9923,33.6698,-11.6263,976.01,1175.12,-5.8847,0.0438,0.2185,-0.3384,12.1,54,0,18,low_profit_factor(0.83); negative_expectancy(-0.153)
SIGA,Healthcare,SECTOR_HEALTHCARE,22,6,16,27.27,0.6679,-0.1531,-3.5981,-359.81,18.6469,-6.1573,36.0124,-11.7103,723.74,1083.55,-4.5652,0.6726,2.6757,-0.7882,12.4,90,2,20,low_profit_factor(0.67); negative_expectancy(-0.153)
FTNT,Technology,SECTOR_TECHNOLOGY,17,7,10,41.18,0.814,-0.1533,-2.0526,-205.26,7.5709,-6.7954,17.441,-17.1517,898.52,1103.78,-4.6604,-1.6062,-3.1791,-0.4404,11.5,33,2,15,low_profit_factor(0.81); negative_expectancy(-0.153)
BGY,Financials,SECTOR_FINANCIALS,21,7,14,33.33,0.6512,-0.1534,-2.4756,-247.56,2.0492,-1.373,5.5441,-3.7235,462.18,709.74,-4.5255,-1.6792,-3.2912,-0.547,9.3,31,0,21,low_profit_factor(0.65); negative_expectancy(-0.153)
TY,Financials,SECTOR_FINANCIALS,22,9,13,40.91,0.5276,-0.1539,-3.3929,-339.29,1.1388,-1.6901,1.6955,-4.1466,378.87,718.16,-4.9703,-4.5429,-5.5878,-0.6826,14.9,44,1,21,low_profit_factor(0.53); negative_expectancy(-0.154)
EOS,Financials,SECTOR_FINANCIALS,24,9,15,37.5,0.6345,-0.1539,-3.3656,-336.56,2.1056,-2.2037,4.9105,-5.7276,584.23,920.79,-3.6757,-3.423,-5.2913,-0.9156,15.8,91,1,23,low_profit_factor(0.63); negative_expectancy(-0.154)
LKFN,Financials,SECTOR_FINANCIALS,17,4,13,23.53,0.756,-0.154,-2.1712,-217.12,9.6526,-4.2781,21.1672,-8.0394,672.63,889.75,-4.3912,-2.1882,-7.2091,-0.4944,10.1,38,0,17,low_profit_factor(0.76); negative_expectancy(-0.154)
URGN,Healthcare,SECTOR_HEALTHCARE,15,7,8,46.67,0.6465,-0.154,-2.0624,-206.24,7.4786,-9.5854,11.0103,-16.0788,377.12,583.36,-2.7016,-2.5901,-4.4711,-0.7634,10.1,26,0,15,low_profit_factor(0.65); negative_expectancy(-0.154)
DORM,Consumer Discretionary,SECTOR_CONSUMER_DISCRETIONARY,18,7,11,38.89,0.7838,-0.1541,-1.9672,-196.72,5.5741,-4.9364,18.3918,-6.9206,713.37,910.09,-5.4789,-2.0745,-9.7901,-0.3591,11.3,21,1,17,low_profit_factor(0.78); negative_expectancy(-0.154)
BSX,Healthcare,SECTOR_HEALTHCARE,31,11,20,35.48,0.6851,-0.1545,-4.3619,-436.19,3.0561,-2.5332,6.4536,-4.8706,948.91,1385.1,-4.85,-2.8043,-7.1638,-0.8994,9.5,38,0,31,low_profit_factor(0.69); negative_expectancy(-0.154)
NAVI,Financials,SECTOR_FINANCIALS,14,5,9,35.71,0.6943,-0.1547,-2.3089,-230.89,6.7262,-4.7043,10.5911,-7.1114,524.33,755.22,-5.6483,-1.6317,-5.556,-0.4088,13.5,44,0,14,low_profit_factor(0.69); negative_expectancy(-0.155)
HURN,Industrials,SECTOR_INDUSTRIALS,29,9,20,31.03,0.6165,-0.1549,-4.1087,-410.87,4.3634,-3.1021,10.6206,-6.5589,660.54,1071.41,-5.9498,-2.9358,-6.2243,-0.6906,8.1,20,0,29,low_profit_factor(0.62); negative_expectancy(-0.155)
DELL,Technology,SECTOR_TECHNOLOGY,28,8,20,28.57,0.7447,-0.1551,-3.6526,-365.26,8.8874,-4.7168,24.2982,-15.251,1065.58,1430.84,-5.8357,-1.679,-3.8554,-0.6259,11.3,90,1,27,low_profit_factor(0.74); negative_expectancy(-0.155)
LZB,Consumer Discretionary,SECTOR_CONSUMER_DISCRETIONARY,19,6,13,31.58,0.7293,-0.1554,-2.6021,-260.21,6.6781,-4.5013,10.9369,-8.3759,701.08,961.29,-4.7575,-2.6584,-7.0649,-0.5469,13.0,51,0,19,low_profit_factor(0.73); negative_expectancy(-0.155)
DGX,Healthcare,SECTOR_HEALTHCARE,21,6,15,28.57,0.6649,-0.1559,-3.2189,-321.89,4.5712,-2.455,13.8627,-4.981,638.69,960.58,-4.2121,-1.6143,-4.8698,-0.7642,9.6,27,0,21,low_profit_factor(0.66); negative_expectancy(-0.156)
IOSP,Materials,SECTOR_MATERIALS,11,4,7,36.36,0.7082,-0.1569,-1.6572,-165.72,4.1512,-3.654,10.2539,-6.5407,402.2,567.92,-5.4999,-2.6543,-6.16,-0.3013,11.9,33,0,11,low_profit_factor(0.71); negative_expectancy(-0.157)
BR,Technology,SECTOR_TECHNOLOGY,28,7,21,25.0,0.7243,-0.157,-3.7915,-379.15,5.7241,-2.6256,17.3855,-5.0656,996.0,1375.15,-7.231,-1.7861,-6.032,-0.5243,11.2,34,1,27,low_profit_factor(0.72); negative_expectancy(-0.157)
NPFD,Financials,SECTOR_FINANCIALS,18,5,13,27.78,0.6628,-0.1576,-2.4351,-243.51,1.7946,-1.2955,4.0729,-3.085,478.73,722.24,-4.8487,-3.6699,-6.9738,-0.5022,16.4,87,1,17,low_profit_factor(0.66); negative_expectancy(-0.158)
SUN,Energy,SECTOR_ENERGY,21,6,15,28.57,0.6494,-0.1578,-2.6552,-265.52,3.5133,-2.1577,4.5872,-4.7043,491.82,757.34,-5.2965,-2.892,-6.5437,-0.5013,7.9,18,0,21,low_profit_factor(0.65); negative_expectancy(-0.158)
IBOC,Financials,SECTOR_FINANCIALS,22,6,16,27.27,0.5745,-0.1587,-3.6244,-362.44,4.7307,-2.7172,8.0729,-5.6661,489.3,851.74,-5.4009,-2.8143,-6.4632,-0.6711,9.7,36,0,22,low_profit_factor(0.57); negative_expectancy(-0.159)
MKC,Consumer Staples,SECTOR_CONSUMER_STAPLES,15,6,9,40.0,0.6647,-0.1587,-2.7471,-274.71,4.0547,-3.8633,7.6459,-7.8516,544.7,819.41,-4.3888,-2.4669,-6.0947,-0.6259,16.6,59,1,14,low_profit_factor(0.66); negative_expectancy(-0.159)
HPS,Financials,SECTOR_FINANCIALS,16,4,12,25.0,0.7584,-0.1588,-2.379,-237.9,4.1396,-2.5447,6.1295,-5.7692,746.95,984.85,-6.5926,-4.1064,-9.7986,-0.3609,16.0,47,0,16,low_profit_factor(0.76); negative_expectancy(-0.159)
BTO,Financials,SECTOR_FINANCIALS,19,8,11,42.11,0.5923,-0.159,-3.0616,-306.16,2.6702,-4.4171,6.4643,-8.1132,444.74,750.9,-6.0262,-5.0928,-8.0302,-0.508,12.4,29,0,19,low_profit_factor(0.59); negative_expectancy(-0.159)
WERN,Industrials,SECTOR_INDUSTRIALS,16,7,9,43.75,0.646,-0.1598,-2.7175,-271.75,4.6599,-4.6223,11.674,-6.377,495.84,767.59,-4.7925,-1.6183,-5.6366,-0.567,11.1,31,0,16,low_profit_factor(0.65); negative_expectancy(-0.160)
TMP,Financials,SECTOR_FINANCIALS,21,6,15,28.57,0.6155,-0.1598,-4.4221,-442.21,8.3685,-4.4201,19.5851,-8.4409,708.0,1150.21,-8.0649,-1.7058,-5.8898,-0.5483,14.5,64,1,20,low_profit_factor(0.62); negative_expectancy(-0.160)
HLIT,Technology,SECTOR_TECHNOLOGY,19,7,12,36.84,0.7198,-0.1601,-2.8411,-284.11,7.6185,-5.9618,18.5458,-10.4808,729.89,1014.0,-5.3707,-1.9521,-6.1519,-0.529,10.6,31,1,18,low_profit_factor(0.72); negative_expectancy(-0.160)
LRMR,Healthcare,SECTOR_HEALTHCARE,18,5,13,27.78,0.7902,-0.1601,-2.5484,-254.84,26.7885,-13.9331,88.3838,-24.2481,959.71,1214.55,-7.1189,-1.6165,-6.9958,-0.358,13.0,46,0,18,low_profit_factor(0.79); negative_expectancy(-0.160)
PML,Financials,SECTOR_FINANCIALS,15,3,12,20.0,0.7887,-0.1603,-2.2255,-222.55,6.9247,-2.5078,9.7812,-4.4994,830.8,1053.35,-5.9516,-2.3779,-8.4683,-0.3739,15.1,69,1,14,low_profit_factor(0.79); negative_expectancy(-0.160)
DOX,Technology,SECTOR_TECHNOLOGY,11,4,7,36.36,0.6849,-0.1612,-1.9366,-193.66,3.7297,-2.9052,7.9118,-7.634,421.03,614.69,-5.9059,-1.7734,-3.2649,-0.3279,12.6,40,0,11,low_profit_factor(0.68); negative_expectancy(-0.161)
BG,Consumer Staples,SECTOR_CONSUMER_STAPLES,16,5,11,31.25,0.7534,-0.1613,-2.1765,-217.65,7.2273,-4.2815,15.135,-7.7409,664.81,882.46,-7.1032,-1.6456,-4.7115,-0.3064,11.5,32,2,14,low_profit_factor(0.75); negative_expectancy(-0.161)
CE,Materials,SECTOR_MATERIALS,15,5,10,33.33,0.7344,-0.1615,-2.0294,-202.94,6.7598,-5.6141,20.2101,-17.8138,561.24,764.18,-4.3056,-2.8226,-4.6821,-0.4713,15.6,66,3,12,low_profit_factor(0.73); negative_expectancy(-0.162)
AIP,Technology,SECTOR_TECHNOLOGY,19,6,13,31.58,0.7483,-0.1616,-2.4157,-241.57,13.9869,-9.4455,37.6782,-15.7416,718.3,959.87,-4.8416,-2.4012,-7.0915,-0.4989,10.7,40,0,19,low_profit_factor(0.75); negative_expectancy(-0.162)
ALCO,Consumer Staples,SECTOR_CONSUMER_STAPLES,19,5,14,26.32,0.7226,-0.1622,-2.8502,-285.02,6.4949,-4.1531,16.1417,-7.7248,742.52,1027.54,-5.2744,-3.6567,-9.4889,-0.5404,10.5,29,0,19,low_profit_factor(0.72); negative_expectancy(-0.162)
BSTZ,Financials,SECTOR_FINANCIALS,22,7,15,31.82,0.7041,-0.1631,-3.1956,-319.56,4.1225,-3.2088,11.5906,-7.2054,760.56,1080.12,-5.5634,-3.2156,-7.3237,-0.5744,14.0,66,0,22,low_profit_factor(0.70); negative_expectancy(-0.163)
BXSL,Financials,SECTOR_FINANCIALS,23,7,16,30.43,0.5047,-0.1631,-4.0041,-400.41,2.2704,-1.5617,5.8749,-4.7653,407.95,808.36,-5.3025,-2.7332,-5.4055,-0.7551,9.3,37,0,23,low_profit_factor(0.50); negative_expectancy(-0.163)
ROAD,Industrials,SECTOR_INDUSTRIALS,31,11,20,35.48,0.7064,-0.1633,-4.0035,-400.35,6.7785,-5.5767,30.8491,-14.7196,963.42,1363.77,-5.5581,-2.1269,-5.05,-0.7203,8.5,29,1,30,low_profit_factor(0.71); negative_expectancy(-0.163)
GOOGL,Communication Services,SECTOR_COMMUNICATION_SERVICES,27,9,18,33.33,0.6546,-0.1641,-4.5596,-455.96,4.5698,-3.8136,16.099,-7.2209,864.18,1320.14,-8.0364,-3.232,-8.3223,-0.5674,10.0,23,0,27,low_profit_factor(0.65); negative_expectancy(-0.164)
CION,Financials,SECTOR_FINANCIALS,3,1,2,33.33,0.6713,-0.1641,-0.5896,-58.96,4.8276,-4.4356,4.8276,-4.9916,120.4,179.36,-1.7723,-3.9794,-27.2149,-0.3327,30.7,62,0,3,too_few_trades(3); low_profit_factor(0.67); negative_expectancy(-0.164)
HE,Utilities,SECTOR_UTILITIES,14,4,10,28.57,0.6512,-0.1649,-3.14,-314.0,13.3398,-5.7376,26.3374,-9.3571,586.14,900.14,-6.2118,-0.4455,-1.5408,-0.5055,18.9,81,1,13,low_profit_factor(0.65); negative_expectancy(-0.165)
CENTA,Consumer Staples,SECTOR_CONSUMER_STAPLES,14,6,8,42.86,0.6873,-0.165,-2.1227,-212.27,4.6424,-5.3154,12.9919,-7.0077,466.64,678.91,-3.1303,-2.7807,-8.8002,-0.6781,17.7,46,0,14,low_profit_factor(0.69); negative_expectancy(-0.165)
EVN,Financials,SECTOR_FINANCIALS,19,6,13,31.58,0.5823,-0.1655,-3.2673,-326.73,1.8974,-1.5887,6.6738,-3.5623,455.57,782.3,-3.6898,-3.3017,-5.912,-0.8855,20.7,193,1,18,low_profit_factor(0.58); negative_expectancy(-0.166)
TDOC,Healthcare,SECTOR_HEALTHCARE,10,2,8,20.0,0.8411,-0.1657,-1.2195,-121.95,31.3601,-10.793,51.9608,-14.8962,645.65,767.6,-6.6805,-1.8444,-18.4208,-0.1825,30.7,108,3,7,low_profit_factor(0.84); negative_expectancy(-0.166)
BLND,Technology,SECTOR_TECHNOLOGY,13,2,11,15.38,0.7924,-0.1661,-1.6116,-161.16,52.2759,-9.7324,91.129,-27.8481,615.08,776.24,-4.9762,-0.1052,-0.3901,-0.3239,19.2,121,0,13,low_profit_factor(0.79); negative_expectancy(-0.166)
ERII,Industrials,SECTOR_INDUSTRIALS,21,8,13,38.1,0.6812,-0.1662,-3.3951,-339.51,5.7161,-5.4465,18.6687,-26.3862,725.57,1065.08,-8.937,-2.2327,-2.8805,-0.3799,11.0,67,0,21,low_profit_factor(0.68); negative_expectancy(-0.166)
FFIN,Financials,SECTOR_FINANCIALS,16,3,13,18.75,0.794,-0.1664,-1.7859,-178.59,11.1385,-3.9526,12.5484,-8.4642,688.27,866.86,-3.652,-2.7508,-7.6335,-0.489,14.1,67,0,16,low_profit_factor(0.79); negative_expectancy(-0.166)
MVST,Consumer Discretionary,SECTOR_CONSUMER_DISCRETIONARY,15,4,11,26.67,0.8624,-0.1666,-1.3361,-133.61,29.8974,-17.1053,60.6825,-29.0323,837.05,970.66,-6.6033,-2.9836,-11.7694,-0.2023,8.3,28,1,14,low_profit_factor(0.86); negative_expectancy(-0.167)
PTLO,Consumer Discretionary,SECTOR_CONSUMER_DISCRETIONARY,15,5,10,33.33,0.6912,-0.1668,-2.8975,-289.75,12.4834,-7.0181,22.0084,-10.6306,648.7,938.45,-6.5042,-0.7662,-4.6834,-0.4455,10.1,31,0,15,low_profit_factor(0.69); negative_expectancy(-0.167)
YORW,Utilities,SECTOR_UTILITIES,14,5,9,35.71,0.707,-0.1677,-2.234,-223.4,4.4504,-3.6913,9.6226,-5.4204,539.13,762.53,-4.332,-2.7828,-11.3138,-0.5157,12.8,50,1,13,low_profit_factor(0.71); negative_expectancy(-0.168)
CC,Materials,SECTOR_MATERIALS,16,6,10,37.5,0.6675,-0.1688,-2.7669,-276.69,7.9742,-6.3621,16.387,-9.9809,555.41,832.1,-5.5634,-1.95,-5.1495,-0.4973,15.6,64,0,16,low_profit_factor(0.67); negative_expectancy(-0.169)
VCTR,Financials,SECTOR_FINANCIALS,29,10,19,34.48,0.6096,-0.169,-5.3463,-534.63,4.6941,-4.0975,14.2819,-8.4488,834.83,1369.46,-6.3717,-3.2208,-8.4242,-0.8391,9.4,37,0,29,low_profit_factor(0.61); negative_expectancy(-0.169)
ACEL,Consumer Discretionary,SECTOR_CONSUMER_DISCRETIONARY,18,6,12,33.33,0.6281,-0.1691,-3.3787,-337.87,4.8907,-4.2983,12.5243,-7.4627,570.74,908.61,-5.3267,-3.5742,-8.3354,-0.6343,13.8,72,0,18,low_profit_factor(0.63); negative_expectancy(-0.169)
GEN,Technology,SECTOR_TECHNOLOGY,20,6,14,30.0,0.717,-0.1699,-2.8333,-283.33,6.202,-3.281,19.9472,-6.2501,717.7,1001.03,-4.6044,-1.128,-3.8001,-0.6153,13.3,52,2,18,low_profit_factor(0.72); negative_expectancy(-0.170)
BROS,Consumer Discretionary,SECTOR_CONSUMER_DISCRETIONARY,20,7,13,35.0,0.6541,-0.1711,-2.9188,-291.88,6.9387,-5.6115,19.0552,-12.01,551.91,843.79,-4.059,-2.5047,-5.2236,-0.7191,10.9,43,1,19,low_profit_factor(0.65); negative_expectancy(-0.171)
NB,Materials,SECTOR_MATERIALS,11,2,9,18.18,0.8073,-0.1721,-1.3376,-133.76,41.3543,-11.5811,48.423,-16.6871,560.4,694.16,-3.4088,-1.4063,-6.3334,-0.3924,6.1,24,0,11,low_profit_factor(0.81); negative_expectancy(-0.172)
DEC,Energy,SECTOR_ENERGY,6,1,5,16.67,0.6103,-0.1723,-0.8318,-83.18,9.8473,-2.7558,9.8473,-6.9486,130.29,213.47,-2.1072,-1.7861,-3.4097,-0.3947,6.3,15,0,6,low_profit_factor(0.61); negative_expectancy(-0.172)
NJR,Utilities,SECTOR_UTILITIES,13,5,8,38.46,0.6178,-0.1728,-2.353,-235.3,2.8064,-2.8459,4.4112,-4.6966,380.36,615.66,-3.6037,-3.4344,-8.1067,-0.6529,10.8,27,0,13,low_profit_factor(0.62); negative_expectancy(-0.173)
BAH,Industrials,SECTOR_INDUSTRIALS,17,3,14,17.65,0.7807,-0.1736,-2.2964,-229.64,10.7747,-3.9817,16.945,-9.6311,817.55,1047.19,-8.6572,-3.1738,-7.4566,-0.2653,9.9,40,0,17,low_profit_factor(0.78); negative_expectancy(-0.174)
AES,Utilities,SECTOR_UTILITIES,18,6,12,33.33,0.7224,-0.1739,-3.0563,-305.63,8.1343,-5.61,19.0327,-8.2912,795.19,1100.82,-7.3771,-2.1133,-8.6152,-0.4143,14.5,77,1,17,low_profit_factor(0.72); negative_expectancy(-0.174)
CERT,Healthcare,SECTOR_HEALTHCARE,15,6,9,40.0,0.706,-0.1745,-2.3597,-235.97,9.778,-8.6406,27.9706,-14.4365,566.63,802.6,-2.62,-1.7257,-6.2234,-0.9006,15.5,58,0,15,low_profit_factor(0.71); negative_expectancy(-0.174)
MTX,Materials,SECTOR_MATERIALS,20,6,14,30.0,0.7689,-0.1752,-2.7559,-275.59,8.599,-4.8891,23.4535,-7.2786,917.05,1192.64,-5.1083,-1.7505,-6.6275,-0.5395,12.8,42,1,19,low_profit_factor(0.77); negative_expectancy(-0.175)
HTLD,Industrials,SECTOR_INDUSTRIALS,17,6,11,35.29,0.6928,-0.1754,-2.8089,-280.89,6.2389,-5.1775,12.782,-8.3112,633.46,914.35,-6.0853,-2.8961,-9.0089,-0.4616,15.8,56,1,16,low_profit_factor(0.69); negative_expectancy(-0.175)
BLK,Financials,SECTOR_FINANCIALS,30,8,22,26.67,0.7899,-0.176,-2.7124,-271.24,6.3033,-3.1496,19.9131,-6.634,1019.8,1291.04,-6.2641,-1.7783,-6.7093,-0.433,8.4,34,0,30,low_profit_factor(0.79); negative_expectancy(-0.176)
GTLB,Technology,SECTOR_TECHNOLOGY,15,5,10,33.33,0.6897,-0.1761,-2.6767,-267.67,12.0592,-7.9969,35.2431,-12.6095,594.87,862.54,-5.0282,-1.6379,-7.3144,-0.5323,11.1,22,0,15,low_profit_factor(0.69); negative_expectancy(-0.176)
A,Healthcare,SECTOR_HEALTHCARE,23,9,14,39.13,0.6367,-0.1764,-4.0497,-404.97,4.4317,-4.4612,14.5778,-7.2029,709.78,1114.75,-5.1201,-2.9623,-9.4901,-0.7909,10.3,32,0,23,low_profit_factor(0.64); negative_expectancy(-0.176)
TGT,Consumer Staples,SECTOR_CONSUMER_STAPLES,18,6,12,33.33,0.7488,-0.1765,-2.5044,-250.44,6.6151,-4.7295,12.4499,-8.1541,746.63,997.07,-6.2068,-2.4026,-6.9379,-0.4035,12.8,50,1,17,low_profit_factor(0.75); negative_expectancy(-0.176)
SNDX,Healthcare,SECTOR_HEALTHCARE,19,5,14,26.32,0.8038,-0.1765,-2.5694,-256.94,22.1983,-9.5559,56.4885,-23.972,1052.37,1309.31,-9.101,-1.0206,-3.3254,-0.2823,12.1,34,0,19,low_profit_factor(0.80); negative_expectancy(-0.176)
PEG,Utilities,SECTOR_UTILITIES,21,6,15,28.57,0.6413,-0.1775,-3.6366,-363.66,3.8594,-2.6374,8.4691,-5.4089,650.24,1013.9,-4.666,-3.3772,-8.1873,-0.7794,10.3,66,0,21,low_profit_factor(0.64); negative_expectancy(-0.177)
LOCO,Consumer Discretionary,SECTOR_CONSUMER_DISCRETIONARY,15,5,10,33.33,0.7045,-0.1777,-2.3578,-235.78,7.8576,-4.7957,12.3232,-8.0098,562.04,797.82,-5.7387,-1.3639,-4.3603,-0.4109,11.9,32,0,15,low_profit_factor(0.70); negative_expectancy(-0.178)
VECO,Technology,SECTOR_TECHNOLOGY,22,7,15,31.82,0.6615,-0.1781,-3.9057,-390.57,7.0774,-5.6397,19.4311,-10.5213,763.2,1153.77,-4.2507,-3.3043,-7.9526,-0.9188,10.7,31,0,22,low_profit_factor(0.66); negative_expectancy(-0.178)
BOE,Financials,SECTOR_FINANCIALS,23,6,17,26.09,0.4986,-0.1781,-3.6727,-367.27,2.1651,-1.0893,9.4054,-3.2456,365.18,732.45,-4.1213,-1.5897,-3.8269,-0.8911,11.0,61,1,22,low_profit_factor(0.50); negative_expectancy(-0.178)
MTUS,Materials,SECTOR_MATERIALS,13,4,9,30.77,0.6907,-0.1781,-2.0453,-204.53,8.6625,-4.8152,18.0328,-8.9634,456.66,661.19,-4.6372,-1.3178,-3.7908,-0.4411,10.9,40,0,13,low_profit_factor(0.69); negative_expectancy(-0.178)
KMI,Energy,SECTOR_ENERGY,25,7,18,28.0,0.6095,-0.179,-4.1158,-411.58,3.0504,-2.1834,9.1391,-4.5373,642.3,1053.88,-5.367,-3.7069,-8.8558,-0.7669,7.8,20,0,25,low_profit_factor(0.61); negative_expectancy(-0.179)
IAUX,Materials,SECTOR_MATERIALS,16,4,12,25.0,0.774,-0.179,-2.6069,-260.69,24.2865,-10.5766,34.8571,-11.7783,893.06,1153.75,-7.0384,-1.7726,-19.2293,-0.3704,13.1,33,0,16,low_profit_factor(0.77); negative_expectancy(-0.179)
MIY,Financials,SECTOR_FINANCIALS,18,2,16,11.11,0.6694,-0.1801,-2.7401,-274.01,6.3071,-1.1198,11.33,-3.0639,554.7,828.71,-5.1065,-1.5182,-5.183,-0.5366,13.6,94,2,16,low_profit_factor(0.67); negative_expectancy(-0.180)
FELE,Industrials,SECTOR_INDUSTRIALS,22,6,16,27.27,0.6854,-0.1806,-3.6717,-367.17,6.5403,-3.2889,18.2146,-6.7566,800.06,1167.23,-5.5639,-1.7386,-5.7698,-0.6599,9.8,40,0,22,low_profit_factor(0.69); negative_expectancy(-0.181)
CACC,Financials,SECTOR_FINANCIALS,18,7,11,38.89,0.5697,-0.1808,-2.9549,-295.49,4.1413,-5.0105,9.6331,-9.4965,391.21,686.7,-3.6597,-4.2117,-7.8979,-0.8074,10.3,39,0,18,low_profit_factor(0.57); negative_expectancy(-0.181)
ADM,Consumer Staples,SECTOR_CONSUMER_STAPLES,10,3,7,30.0,0.8017,-0.1812,-1.374,-137.4,8.6783,-5.1799,10.8161,-12.1739,555.51,692.91,-5.8461,-2.2025,-4.5938,-0.235,26.3,164,1,9,low_profit_factor(0.80); negative_expectancy(-0.181)
BXC,Industrials,SECTOR_INDUSTRIALS,11,3,8,27.27,0.7404,-0.1813,-1.4656,-146.56,9.8596,-6.207,23.5487,-9.3105,418.06,564.62,-5.0716,-3.0607,-10.65,-0.289,12.5,32,0,11,low_profit_factor(0.74); negative_expectancy(-0.181)
NUV,Financials,SECTOR_FINANCIALS,18,6,12,33.33,0.6697,-0.1823,-2.9886,-298.86,1.9938,-1.4392,5.8548,-3.0282,605.94,904.8,-2.9886,-2.1709,-5.2323,-1.0,12.5,46,0,18,low_profit_factor(0.67); negative_expectancy(-0.182)
PAYC,Technology,SECTOR_TECHNOLOGY,17,5,12,29.41,0.6543,-0.1827,-3.3443,-334.43,9.1958,-6.365,34.5,-9.7529,633.09,967.52,-6.8938,-2.7261,-12.1917,-0.4851,16.0,88,1,16,low_profit_factor(0.65); negative_expectancy(-0.183)
HEI-A,Industrials,SECTOR_INDUSTRIALS,24,8,16,33.33,0.6175,-0.1832,-3.6112,-361.12,3.2984,-2.7541,7.7537,-5.904,582.93,944.05,-4.9302,-3.2763,-7.3937,-0.7325,9.0,32,0,24,low_profit_factor(0.62); negative_expectancy(-0.183)
KWR,Materials,SECTOR_MATERIALS,17,6,11,35.29,0.7011,-0.1834,-2.9491,-294.91,8.8011,-5.8706,19.7264,-9.8828,691.63,986.54,-6.0675,-1.3014,-5.878,-0.486,9.1,32,1,16,low_profit_factor(0.70); negative_expectancy(-0.183)
BLMN,Consumer Discretionary,SECTOR_CONSUMER_DISCRETIONARY,14,5,9,35.71,0.7055,-0.184,-2.0848,-208.48,6.5465,-7.3797,12.3168,-13.1177,499.35,707.83,-4.5702,-4.8212,-9.8432,-0.4562,11.3,34,2,12,low_profit_factor(0.71); negative_expectancy(-0.184)
LBRDK,Communication Services,SECTOR_COMMUNICATION_SERVICES,15,5,10,33.33,0.7153,-0.1848,-2.7687,-276.87,8.9807,-5.6273,17.0201,-9.0897,695.57,972.44,-4.3677,-1.4465,-5.0886,-0.6339,12.7,32,1,14,low_profit_factor(0.72); negative_expectancy(-0.185)
HTO,Utilities,SECTOR_UTILITIES,13,3,10,23.08,0.6374,-0.1858,-2.9279,-292.79,9.8896,-3.972,17.1053,-6.338,514.7,807.49,-6.7121,-1.7644,-6.7227,-0.4362,23.2,77,1,12,low_profit_factor(0.64); negative_expectancy(-0.186)
ORN,Industrials,SECTOR_INDUSTRIALS,25,10,15,40.0,0.6087,-0.186,-4.8769,-487.69,8.2254,-8.6616,19.5755,-21.0479,758.52,1246.21,-5.942,-3.0287,-5.8576,-0.8208,10.5,31,0,25,low_profit_factor(0.61); negative_expectancy(-0.186)
ENOV,Healthcare,SECTOR_HEALTHCARE,15,5,10,33.33,0.7385,-0.1861,-2.1695,-216.95,7.52,-6.2987,16.2979,-9.806,612.57,829.52,-6.4037,-3.5298,-11.8612,-0.3388,16.3,58,0,15,low_profit_factor(0.74); negative_expectancy(-0.186)
VLGEA,Consumer Staples,SECTOR_CONSUMER_STAPLES,23,7,16,30.43,0.4909,-0.1864,-4.291,-429.1,3.1434,-2.3725,6.6196,-4.9802,413.8,842.9,-7.6848,-3.5752,-6.8987,-0.5584,8.7,26,0,23,low_profit_factor(0.49); negative_expectancy(-0.186)
TCMD,Healthcare,SECTOR_HEALTHCARE,23,10,13,43.48,0.7075,-0.1878,-4.3232,-432.32,9.2497,-9.702,33.1897,-36.4698,1045.88,1478.2,-10.5323,-1.7617,-2.6912,-0.4105,14.3,58,0,23,low_profit_factor(0.71); negative_expectancy(-0.188)
CCOI,Communication Services,SECTOR_COMMUNICATION_SERVICES,21,7,14,33.33,0.7512,-0.1881,-2.8761,-287.61,7.157,-5.6834,17.7735,-25.6137,868.2,1155.81,-5.1188,-2.5985,-3.6721,-0.5619,14.0,60,2,19,low_profit_factor(0.75); negative_expectancy(-0.188)
QLYS,Technology,SECTOR_TECHNOLOGY,16,5,11,31.25,0.7485,-0.1883,-1.8245,-182.45,6.0015,-3.8468,16.5361,-7.6291,542.99,725.44,-5.3707,-2.0945,-6.6401,-0.3397,13.3,52,1,15,low_profit_factor(0.75); negative_expectancy(-0.188)
BFC,Financials,SECTOR_FINANCIALS,16,7,9,43.75,0.4466,-0.189,-3.0213,-302.13,2.1252,-3.4019,4.6042,-6.0625,243.79,545.92,-3.7537,-4.6648,-7.2128,-0.8049,8.7,21,0,16,low_profit_factor(0.45); negative_expectancy(-0.189)
NKX,Financials,SECTOR_FINANCIALS,16,4,12,25.0,0.6724,-0.1896,-3.1469,-314.69,4.1222,-1.9059,6.0998,-3.5183,645.94,960.63,-4.8909,-2.1264,-6.6267,-0.6434,17.2,101,1,15,low_profit_factor(0.67); negative_expectancy(-0.190)
AFB,Financials,SECTOR_FINANCIALS,22,5,17,22.73,0.6868,-0.1896,-3.645,-364.5,3.4478,-1.4894,11.1111,-3.6379,799.26,1163.76,-6.2342,-1.9266,-5.3944,-0.5847,16.8,128,0,22,low_profit_factor(0.69); negative_expectancy(-0.190)
MBUU,Consumer Discretionary,SECTOR_CONSUMER_DISCRETIONARY,16,6,10,37.5,0.8025,-0.1904,-1.947,-194.7,10.585,-8.0282,17.2535,-20.1908,791.11,985.81,-5.2035,-1.6049,-3.6259,-0.3742,16.8,70,1,15,low_profit_factor(0.80); negative_expectancy(-0.190)
PSNL,Healthcare,SECTOR_HEALTHCARE,21,5,16,23.81,0.7455,-0.1909,-3.3057,-330.57,27.3548,-13.5427,58.0,-19.483,968.12,1298.69,-9.4774,-2.861,-9.7667,-0.3488,7.9,37,0,21,low_profit_factor(0.75); negative_expectancy(-0.191)
OC,Industrials,SECTOR_INDUSTRIALS,27,7,20,25.93,0.5883,-0.1911,-4.8054,-480.54,5.5257,-3.4094,12.4324,-9.0326,686.8,1167.34,-5.9469,-3.5145,-8.1701,-0.808,11.0,33,1,26,low_profit_factor(0.59); negative_expectancy(-0.191)
IRMD,Healthcare,SECTOR_HEALTHCARE,25,8,17,32.0,0.5422,-0.1911,-4.9786,-497.86,5.7242,-4.1633,20.8667,-8.8417,589.72,1087.58,-8.5229,-2.51,-8.8045,-0.5841,8.0,31,0,25,low_profit_factor(0.54); negative_expectancy(-0.191)
BFK,Financials,SECTOR_FINANCIALS,15,3,12,20.0,0.7042,-0.1914,-2.3247,-232.47,3.8402,-1.6949,8.2441,-4.7515,553.55,786.02,-4.1618,-3.0946,-6.668,-0.5586,24.1,203,0,15,low_profit_factor(0.70); negative_expectancy(-0.191)
CZNC,Financials,SECTOR_FINANCIALS,15,5,10,33.33,0.6804,-0.1921,-2.1187,-211.87,4.8049,-3.9906,8.9114,-7.2193,451.07,662.94,-3.6716,-3.3988,-7.127,-0.5771,13.1,67,0,15,low_profit_factor(0.68); negative_expectancy(-0.192)
BFLY,Healthcare,SECTOR_HEALTHCARE,21,5,16,23.81,0.7384,-0.1932,-4.1078,-410.78,32.426,-14.9362,79.8928,-26.7974,1159.73,1570.51,-9.8435,-2.2803,-12.1759,-0.4173,10.3,31,1,20,low_profit_factor(0.74); negative_expectancy(-0.193)
LMAT,Healthcare,SECTOR_HEALTHCARE,24,10,14,41.67,0.6423,-0.1939,-4.1771,-417.71,4.301,-5.3681,17.0432,-11.9029,750.04,1167.75,-5.8448,-3.3461,-7.5283,-0.7147,11.0,50,0,24,low_profit_factor(0.64); negative_expectancy(-0.194)
THRM,Consumer Discretionary,SECTOR_CONSUMER_DISCRETIONARY,15,3,12,20.0,0.7352,-0.1942,-2.725,-272.5,17.7273,-6.3057,20.3146,-9.3904,756.39,1028.89,-5.3182,-2.3205,-10.6441,-0.5124,13.1,44,1,14,low_profit_factor(0.74); negative_expectancy(-0.194)
BIIB,Healthcare,SECTOR_HEALTHCARE,13,5,8,38.46,0.7318,-0.1944,-1.985,-198.5,7.3339,-5.0674,16.0158,-6.713,541.73,740.23,-5.1071,-0.6433,-4.7548,-0.3887,23.8,101,1,12,low_profit_factor(0.73); negative_expectancy(-0.194)
M,Consumer Discretionary,SECTOR_CONSUMER_DISCRETIONARY,20,5,15,25.0,0.6988,-0.1944,-3.8237,-382.37,16.0974,-6.6493,43.6068,-12.0425,887.3,1269.67,-8.127,-1.1686,-4.0651,-0.4705,13.9,46,3,17,low_profit_factor(0.70); negative_expectancy(-0.194)
CARS,Communication Services,SECTOR_COMMUNICATION_SERVICES,21,7,14,33.33,0.6842,-0.1945,-3.669,-366.9,7.7752,-6.1484,21.7757,-13.7205,794.94,1161.84,-6.6407,-2.8863,-7.2444,-0.5525,12.7,77,1,20,low_profit_factor(0.68); negative_expectancy(-0.195)
DT,Technology,SECTOR_TECHNOLOGY,21,8,13,38.1,0.666,-0.1946,-4.1734,-417.34,5.8902,-6.7211,15.0,-11.0769,832.0,1249.34,-6.6693,-4.0706,-9.1327,-0.6258,9.9,27,0,21,low_profit_factor(0.67); negative_expectancy(-0.195)
SSP,Communication Services,SECTOR_COMMUNICATION_SERVICES,14,4,10,28.57,0.6032,-0.1953,-3.9974,-399.74,26.5072,-12.1993,74.9766,-15.3889,607.77,1007.51,-10.0751,-0.7511,-5.6064,-0.3968,21.6,63,0,14,low_profit_factor(0.60); negative_expectancy(-0.195)
HGTY,Financials,SECTOR_FINANCIALS,18,7,11,38.89,0.5497,-0.1954,-3.5903,-359.03,4.3074,-4.8584,8.099,-9.4772,438.32,797.35,-4.5506,-3.6812,-6.4365,-0.789,11.1,31,0,18,low_profit_factor(0.55); negative_expectancy(-0.195)
GEO,Industrials,SECTOR_INDUSTRIALS,23,8,15,34.78,0.5961,-0.1954,-4.8284,-482.84,8.1749,-6.4332,32.9353,-9.6842,712.49,1195.33,-7.0379,-2.2332,-7.4879,-0.6861,8.3,17,0,23,low_profit_factor(0.60); negative_expectancy(-0.195)
COCO,Consumer Staples,SECTOR_CONSUMER_STAPLES,26,9,17,34.62,0.5965,-0.1967,-4.3863,-438.63,6.4414,-5.0237,12.5473,-9.3333,648.48,1087.11,-6.743,-2.7224,-6.9356,-0.6505,8.0,17,1,25,low_profit_factor(0.60); negative_expectancy(-0.197)
MPWR,Technology,SECTOR_TECHNOLOGY,25,9,16,36.0,0.6703,-0.1969,-2.8462,-284.62,6.8989,-6.5359,13.5184,-11.1164,578.73,863.35,-4.6604,-3.6188,-9.0889,-0.6107,9.7,32,0,25,low_profit_factor(0.67); negative_expectancy(-0.197)
BIT,Financials,SECTOR_FINANCIALS,15,5,10,33.33,0.6818,-0.1974,-2.6651,-266.51,2.9075,-1.6888,8.7542,-3.4166,571.08,837.59,-4.5073,-0.8348,-2.5648,-0.5913,15.7,44,0,15,low_profit_factor(0.68); negative_expectancy(-0.197)
AUB,Financials,SECTOR_FINANCIALS,19,7,12,36.84,0.5373,-0.1975,-4.5078,-450.78,4.6818,-5.0479,12.7131,-8.7942,523.39,974.17,-5.6629,-4.0143,-9.4072,-0.796,11.4,45,1,18,low_profit_factor(0.54); negative_expectancy(-0.198)
TPH,Consumer Discretionary,SECTOR_CONSUMER_DISCRETIONARY,21,6,15,28.57,0.6107,-0.1986,-4.3879,-438.79,7.2004,-4.5446,20.0435,-8.7635,688.42,1127.21,-6.4688,-2.7721,-8.2305,-0.6783,11.2,61,1,20,low_profit_factor(0.61); negative_expectancy(-0.199)
VGM,Financials,SECTOR_FINANCIALS,16,5,11,31.25,0.6266,-0.1989,-3.0364,-303.64,2.6256,-1.5057,10.3255,-3.3202,509.46,813.1,-3.8694,-1.1029,-3.7641,-0.7847,22.4,193,1,15,low_profit_factor(0.63); negative_expectancy(-0.199)
BJRI,Consumer Discretionary,SECTOR_CONSUMER_DISCRETIONARY,21,5,16,23.81,0.5996,-0.1989,-3.8432,-384.32,9.8831,-4.5166,18.3388,-9.7381,575.64,959.96,-6.0845,-2.2594,-6.3076,-0.6316,10.4,39,1,20,low_profit_factor(0.60); negative_expectancy(-0.199)
PKOH,Industrials,SECTOR_INDUSTRIALS,18,7,11,38.89,0.596,-0.1993,-3.612,-361.2,8.6365,-7.0088,36.7419,-14.3885,532.91,894.11,-6.1892,-1.2916,-3.243,-0.5836,14.6,66,0,18,low_profit_factor(0.60); negative_expectancy(-0.199)
TSCO,Consumer Discretionary,SECTOR_CONSUMER_DISCRETIONARY,20,6,14,30.0,0.5732,-0.1993,-4.0514,-405.14,4.0973,-3.2296,10.2234,-6.0174,544.16,949.3,-4.0514,-3.8805,-8.6246,-1.0,8.2,40,0,20,low_profit_factor(0.57); negative_expectancy(-0.199)
AGX,Industrials,SECTOR_INDUSTRIALS,32,13,19,40.62,0.5634,-0.2001,-6.384,-638.4,6.6499,-4.8819,35.3913,-10.414,823.7,1462.1,-10.2188,-0.3201,-1.0094,-0.6247,8.8,33,0,32,low_profit_factor(0.56); negative_expectancy(-0.200)
SON,Consumer Discretionary,SECTOR_CONSUMER_DISCRETIONARY,15,4,11,26.67,0.6034,-0.2019,-2.7036,-270.36,4.5439,-2.6261,11.8455,-4.5881,411.35,681.71,-6.485,-2.6565,-6.6838,-0.4169,9.9,28,0,15,low_profit_factor(0.60); negative_expectancy(-0.202)
TFX,Healthcare,SECTOR_HEALTHCARE,10,3,7,30.0,0.7211,-0.2024,-1.8295,-182.95,10.6881,-5.5155,20.2763,-6.5723,472.94,655.89,-3.5419,-1.1515,-11.8062,-0.5165,28.0,129,1,9,low_profit_factor(0.72); negative_expectancy(-0.202)
ADSK,Technology,SECTOR_TECHNOLOGY,24,9,15,37.5,0.6399,-0.2024,-4.4601,-446.01,5.367,-4.6643,11.8502,-10.07,792.41,1238.42,-4.9957,-2.4158,-4.702,-0.8928,9.5,22,1,23,low_profit_factor(0.64); negative_expectancy(-0.202)
CMA,Financials,SECTOR_FINANCIALS,20,5,15,25.0,0.6031,-0.2025,-4.2586,-425.86,8.1698,-4.4278,22.8883,-12.8584,647.03,1072.89,-5.084,-2.7585,-6.5903,-0.8376,15.3,94,0,20,low_profit_factor(0.60); negative_expectancy(-0.203)
NCA,Financials,SECTOR_FINANCIALS,18,5,13,27.78,0.5603,-0.2033,-3.9244,-392.44,3.0606,-1.9241,4.8754,-3.7668,500.06,892.5,-5.7019,-3.159,-7.2719,-0.6883,13.4,64,0,18,low_profit_factor(0.56); negative_expectancy(-0.203)
FRA,Financials,SECTOR_FINANCIALS,22,5,17,22.73,0.5289,-0.2036,-4.0008,-400.08,2.1294,-1.2469,5.6239,-3.2864,449.19,849.27,-5.2851,-4.0834,-8.6561,-0.757,13.6,73,2,20,low_profit_factor(0.53); negative_expectancy(-0.204)
EVEX,Industrials,SECTOR_INDUSTRIALS,7,2,5,28.57,0.6325,-0.2048,-1.3098,-130.98,12.41,-7.673,13.7634,-11.7431,225.39,356.37,-1.9933,-2.9291,-6.8673,-0.6571,15.7,30,0,7,low_profit_factor(0.63); negative_expectancy(-0.205)
EXPD,Industrials,SECTOR_INDUSTRIALS,24,5,19,20.83,0.6076,-0.2053,-4.5799,-457.99,7.3534,-2.9336,16.0816,-5.9491,709.04,1167.03,-7.1766,-2.3889,-8.6468,-0.6382,10.2,41,0,24,low_profit_factor(0.61); negative_expectancy(-0.205)
BBWI,Consumer Discretionary,SECTOR_CONSUMER_DISCRETIONARY,19,5,14,26.32,0.6823,-0.2054,-3.5386,-353.86,13.3313,-5.7554,29.6109,-9.2635,759.92,1113.78,-5.6897,-1.0805,-4.0173,-0.6219,14.9,102,2,17,low_profit_factor(0.68); negative_expectancy(-0.205)
WWD,Industrials,SECTOR_INDUSTRIALS,28,6,22,21.43,0.5752,-0.2065,-6.226,-622.6,9.6901,-3.3182,26.9012,-10.703,842.95,1465.55,-7.1793,-1.1511,-3.6096,-0.8672,10.5,66,1,27,low_profit_factor(0.58); negative_expectancy(-0.206)
GLDD,Industrials,SECTOR_INDUSTRIALS,22,6,16,27.27,0.5652,-0.2067,-5.0245,-502.45,9.3824,-5.0396,27.6083,-17.3529,653.24,1155.69,-5.0245,-1.9538,-4.3381,-1.0,8.9,43,1,21,low_profit_factor(0.57); negative_expectancy(-0.207)
PINS,Communication Services,SECTOR_COMMUNICATION_SERVICES,17,6,11,35.29,0.6888,-0.2068,-3.5633,-356.33,11.0789,-7.0454,16.7906,-22.6631,788.55,1144.88,-5.6101,-0.9578,-1.6342,-0.6352,19.2,120,0,17,low_profit_factor(0.69); negative_expectancy(-0.207)
KFRC,Industrials,SECTOR_INDUSTRIALS,14,4,10,28.57,0.5848,-0.2069,-2.9756,-297.56,6.752,-4.1184,10.5086,-6.5007,419.17,716.73,-3.9068,-2.6957,-6.3159,-0.7616,12.2,38,0,14,low_profit_factor(0.58); negative_expectancy(-0.207)
FBIN,Industrials,SECTOR_INDUSTRIALS,19,6,13,31.58,0.5931,-0.207,-3.8743,-387.43,5.8876,-4.1928,15.0092,-8.2439,564.79,952.22,-4.4548,-2.8098,-6.8606,-0.8697,12.8,43,1,18,low_profit_factor(0.59); negative_expectancy(-0.207)
BSY,Technology,SECTOR_TECHNOLOGY,19,5,14,26.32,0.6265,-0.2075,-4.1137,-411.37,6.5518,-4.2356,15.5141,-8.6696,690.08,1101.45,-6.3887,-3.5599,-8.0706,-0.6439,10.6,41,0,19,low_profit_factor(0.63); negative_expectancy(-0.207)
IPGP,Technology,SECTOR_TECHNOLOGY,17,5,12,29.41,0.7127,-0.2077,-3.3861,-338.61,11.9257,-6.4198,16.0784,-9.9809,839.81,1178.42,-7.4502,-1.7841,-5.3845,-0.4545,16.1,64,0,17,low_profit_factor(0.71); negative_expectancy(-0.208)
CII,Financials,SECTOR_FINANCIALS,26,7,19,26.92,0.5699,-0.2078,-4.8126,-481.26,3.0018,-1.6827,7.9415,-4.7026,637.64,1118.9,-7.9308,-2.371,-5.2735,-0.6068,9.2,31,1,25,low_profit_factor(0.57); negative_expectancy(-0.208)
STLD,Materials,SECTOR_MATERIALS,14,5,9,35.71,0.3265,-0.2083,-2.651,-265.1,1.6597,-2.6207,3.3066,-6.1795,128.54,393.64,-3.1696,-6.3823,-9.2893,-0.8364,7.7,21,0,14,low_profit_factor(0.33); negative_expectancy(-0.208)
TFIN,Financials,SECTOR_FINANCIALS,20,7,13,35.0,0.4718,-0.209,-4.1125,-411.25,4.3448,-5.1961,6.8673,-10.6529,367.35,778.6,-4.6629,-5.1047,-7.4778,-0.882,17.1,97,2,18,low_profit_factor(0.47); negative_expectancy(-0.209)
NRC,Healthcare,SECTOR_HEALTHCARE,15,5,10,33.33,0.605,-0.21,-3.3252,-332.52,8.5971,-6.6846,13.6681,-11.6349,509.21,841.73,-5.452,-3.015,-7.2658,-0.6099,19.1,98,0,15,low_profit_factor(0.60); negative_expectancy(-0.210)
AVNT,Materials,SECTOR_MATERIALS,19,5,14,26.32,0.6845,-0.2103,-3.6668,-366.68,9.611,-5.202,15.9919,-14.3517,795.7,1162.38,-6.646,-2.5956,-6.0374,-0.5517,14.8,46,3,16,low_profit_factor(0.68); negative_expectancy(-0.210)
VTS,Energy,SECTOR_ENERGY,4,2,2,50.0,0.5787,-0.2107,-0.8376,-83.76,4.2034,-5.4672,6.362,-5.8504,115.06,198.82,-1.9728,-1.7109,-18.5132,-0.4246,14.5,54,0,4,too_few_trades(4); low_profit_factor(0.58); negative_expectancy(-0.211)
NX,Industrials,SECTOR_INDUSTRIALS,23,6,17,26.09,0.6209,-0.211,-4.0941,-409.41,7.8531,-4.1698,27.6944,-18.8157,670.68,1080.09,-7.9936,-1.9433,-3.5928,-0.5122,10.7,33,0,23,low_profit_factor(0.62); negative_expectancy(-0.211)
APOG,Industrials,SECTOR_INDUSTRIALS,18,5,13,27.78,0.606,-0.2112,-3.8821,-388.21,6.4556,-4.8623,11.7274,-17.9025,597.06,985.27,-7.2904,-3.8503,-5.3479,-0.5325,14.7,76,0,18,low_profit_factor(0.61); negative_expectancy(-0.211)
PTCT,Healthcare,SECTOR_HEALTHCARE,23,7,16,30.43,0.6731,-0.2114,-4.3419,-434.19,13.1012,-7.6368,34.7469,-21.6391,894.18,1328.37,-9.0583,-1.7356,-3.9736,-0.4793,12.7,110,2,21,low_profit_factor(0.67); negative_expectancy(-0.211)
IP,Consumer Discretionary,SECTOR_CONSUMER_DISCRETIONARY,16,5,11,31.25,0.6311,-0.2116,-2.9959,-299.59,6.1211,-3.6158,11.6024,-5.6562,512.62,812.21,-3.3409,-1.6584,-5.0486,-0.8967,17.3,60,1,15,low_profit_factor(0.63); negative_expectancy(-0.212)
LNTH,Healthcare,SECTOR_HEALTHCARE,18,7,11,38.89,0.6646,-0.2125,-4.2268,-422.68,9.3088,-9.07,24.8343,-22.1242,837.53,1260.21,-8.4344,-2.6232,-5.821,-0.5011,11.0,36,1,17,low_profit_factor(0.66); negative_expectancy(-0.212)
CQP,Energy,SECTOR_ENERGY,17,5,12,29.41,0.5633,-0.2128,-3.5899,-358.99,4.5174,-3.8613,8.6507,-6.5972,463.12,822.11,-4.2991,-4.7586,-9.3303,-0.835,9.7,41,0,17,low_profit_factor(0.56); negative_expectancy(-0.213)
LNC,Financials,SECTOR_FINANCIALS,18,6,12,33.33,0.5835,-0.2128,-3.8967,-389.67,7.7066,-5.2678,25.5748,-22.4818,545.82,935.49,-6.3841,-1.5757,-2.5594,-0.6104,17.3,155,2,16,low_profit_factor(0.58); negative_expectancy(-0.213)
NOV,Energy,SECTOR_ENERGY,16,4,12,25.0,0.6385,-0.2135,-3.2342,-323.42,9.0303,-4.5697,20.0116,-7.529,571.18,894.6,-7.5544,-2.5789,-7.8772,-0.4281,10.8,28,0,16,low_profit_factor(0.64); negative_expectancy(-0.213)
PGEN,Healthcare,SECTOR_HEALTHCARE,18,4,14,22.22,0.6709,-0.2137,-3.5207,-352.07,28.1217,-11.1466,66.6667,-17.625,717.84,1069.91,-7.4392,-1.7588,-13.6249,-0.4733,15.8,83,0,18,low_profit_factor(0.67); negative_expectancy(-0.214)
SLVM,Materials,SECTOR_MATERIALS,12,5,7,41.67,0.552,-0.2137,-2.5636,-256.36,4.1815,-4.5444,6.5699,-6.2317,315.91,572.27,-3.0501,-3.005,-7.929,-0.8405,13.8,53,0,12,low_profit_factor(0.55); negative_expectancy(-0.214)
ST,Technology,SECTOR_TECHNOLOGY,16,4,12,25.0,0.6924,-0.2138,-3.268,-326.8,13.1331,-5.4301,26.8949,-8.2476,735.7,1062.5,-5.1557,-1.3205,-7.6359,-0.6339,15.1,45,1,15,low_profit_factor(0.69); negative_expectancy(-0.214)
GUT,Financials,SECTOR_FINANCIALS,18,5,13,27.78,0.6586,-0.2146,-3.6945,-369.45,5.4035,-2.8295,8.4991,-5.0663,712.69,1082.14,-4.28,-2.1228,-7.0312,-0.8632,12.3,59,0,18,low_profit_factor(0.66); negative_expectancy(-0.215)
LECO,Industrials,SECTOR_INDUSTRIALS,12,4,8,33.33,0.5695,-0.2148,-1.8514,-185.14,3.0563,-3.2023,5.4763,-5.551,244.96,430.1,-2.4163,-4.8481,-7.9677,-0.7662,8.1,25,0,12,low_profit_factor(0.57); negative_expectancy(-0.215)
ACCO,Industrials,SECTOR_INDUSTRIALS,15,8,7,53.33,0.671,-0.2153,-2.4262,-242.62,4.3398,-7.1109,16.5736,-16.4875,494.93,737.55,-4.2786,-2.0744,-3.4781,-0.5671,14.4,63,0,15,low_profit_factor(0.67); negative_expectancy(-0.215)
NWSA,Communication Services,SECTOR_COMMUNICATION_SERVICES,25,9,16,36.0,0.5311,-0.2153,-5.0834,-508.34,2.7796,-3.1866,5.8363,-6.6716,575.69,1084.03,-5.3615,-4.7434,-9.0105,-0.9481,10.8,45,1,24,low_profit_factor(0.53); negative_expectancy(-0.215)
SSYS,Technology,SECTOR_TECHNOLOGY,17,6,11,35.29,0.6072,-0.2154,-3.168,-316.8,6.7735,-7.5158,25.7945,-13.2739,489.78,806.58,-4.6943,-4.15,-10.0321,-0.6749,19.3,113,0,17,low_profit_factor(0.61); negative_expectancy(-0.215)
MYE,Consumer Discretionary,SECTOR_CONSUMER_DISCRETIONARY,24,8,16,33.33,0.7066,-0.2158,-4.8297,-482.97,9.3038,-5.7637,26.652,-12.3037,1163.14,1646.11,-8.5005,-1.3027,-4.0907,-0.5682,9.7,30,1,23,low_profit_factor(0.71); negative_expectancy(-0.216)
DLX,Industrials,SECTOR_INDUSTRIALS,21,8,13,38.1,0.5679,-0.2162,-4.4972,-449.72,4.3505,-5.3828,13.9466,-8.694,590.99,1040.71,-7.0174,-4.4602,-10.976,-0.6409,12.3,35,0,21,low_profit_factor(0.57); negative_expectancy(-0.216)
CWEN-A,Utilities,SECTOR_UTILITIES,18,7,11,38.89,0.5466,-0.2177,-3.7014,-370.14,3.2552,-4.0143,8.7684,-6.5537,446.27,816.41,-4.7314,-4.2938,-8.4718,-0.7823,9.6,19,0,18,low_profit_factor(0.55); negative_expectancy(-0.218)
TDC,Technology,SECTOR_TECHNOLOGY,18,5,13,27.78,0.6602,-0.2184,-3.393,-339.3,8.0274,-4.5015,24.6154,-9.1881,659.31,998.61,-8.1327,-2.1145,-7.8529,-0.4172,15.0,74,1,17,low_profit_factor(0.66); negative_expectancy(-0.218)
CVX,Energy,SECTOR_ENERGY,14,5,9,35.71,0.611,-0.2191,-2.9612,-296.12,3.6664,-2.9282,6.7141,-5.7216,465.02,761.14,-5.0345,-2.4865,-6.941,-0.5882,11.8,45,0,14,low_profit_factor(0.61); negative_expectancy(-0.219)
DNP,Financials,SECTOR_FINANCIALS,17,2,15,11.76,0.7007,-0.2193,-2.9337,-293.37,8.6304,-1.5113,14.8886,-3.6786,686.72,980.09,-5.3779,-1.2268,-6.1221,-0.5455,8.7,58,0,17,low_profit_factor(0.70); negative_expectancy(-0.219)
BMRC,Financials,SECTOR_FINANCIALS,19,4,15,21.05,0.4467,-0.2193,-5.083,-508.3,7.9154,-3.9795,20.9846,-10.0091,410.45,918.75,-5.8728,-3.5212,-8.6727,-0.8655,11.4,33,0,19,low_profit_factor(0.45); negative_expectancy(-0.219)
SYBT,Financials,SECTOR_FINANCIALS,16,3,13,18.75,0.6038,-0.22,-3.0631,-306.31,8.9473,-3.8532,16.8458,-8.0715,466.78,773.09,-3.9099,-3.6958,-8.7515,-0.7834,11.7,40,0,16,low_profit_factor(0.60); negative_expectancy(-0.220)
COO,Healthcare,SECTOR_HEALTHCARE,18,6,12,33.33,0.6381,-0.22,-3.9131,-391.31,6.4479,-4.3209,16.2748,-17.2162,689.91,1081.22,-8.0152,-1.6222,-2.5673,-0.4882,15.1,61,1,17,low_profit_factor(0.64); negative_expectancy(-0.220)
GIS,Consumer Staples,SECTOR_CONSUMER_STAPLES,7,2,5,28.57,0.6049,-0.22,-1.6842,-168.42,5.7758,-3.6488,7.5491,-6.4279,257.89,426.31,-1.995,-3.0748,-8.4154,-0.8442,12.9,30,1,6,low_profit_factor(0.60); negative_expectancy(-0.220)
BCRX,Healthcare,SECTOR_HEALTHCARE,10,3,7,30.0,0.6621,-0.2206,-1.5862,-158.62,10.5155,-6.893,28.9731,-13.6925,310.76,469.38,-3.588,-2.245,-6.2707,-0.4421,12.0,33,0,10,low_profit_factor(0.66); negative_expectancy(-0.221)
ZD,Communication Services,SECTOR_COMMUNICATION_SERVICES,12,4,8,33.33,0.6656,-0.221,-2.5248,-252.48,8.2559,-6.4022,16.5695,-9.2748,502.47,754.95,-5.1537,-3.0359,-15.2796,-0.4899,25.2,49,2,10,low_profit_factor(0.67); negative_expectancy(-0.221)
AGIO,Healthcare,SECTOR_HEALTHCARE,19,8,11,42.11,0.6845,-0.2214,-4.1089,-410.89,9.7311,-11.1047,25.8805,-48.1523,891.43,1302.32,-5.9443,-2.4137,-2.8987,-0.6912,12.3,41,0,19,low_profit_factor(0.68); negative_expectancy(-0.221)
AVY,Consumer Discretionary,SECTOR_CONSUMER_DISCRETIONARY,19,5,14,26.32,0.6291,-0.2231,-3.76,-376.0,5.9329,-3.4805,12.9674,-7.3442,637.8,1013.8,-5.6516,-3.0784,-7.2689,-0.6653,12.0,26,0,19,low_profit_factor(0.63); negative_expectancy(-0.223)
EBF,Industrials,SECTOR_INDUSTRIALS,20,5,15,25.0,0.6085,-0.2233,-4.1244,-412.44,5.5423,-2.6067,11.875,-4.0979,641.02,1053.46,-7.5394,-2.0922,-7.6154,-0.547,13.2,39,0,20,low_profit_factor(0.61); negative_expectancy(-0.223)
TARA,Healthcare,SECTOR_HEALTHCARE,15,5,10,33.33,0.6895,-0.2235,-4.6259,-462.59,33.0741,-14.8103,96.2963,-40.1058,1027.11,1489.7,-9.7536,0.5772,1.9255,-0.4743,12.5,51,0,15,low_profit_factor(0.69); negative_expectancy(-0.224)
MORN,Financials,SECTOR_FINANCIALS,18,6,12,33.33,0.5856,-0.2241,-3.2374,-323.74,3.7595,-3.6641,7.5481,-6.891,457.5,781.24,-3.7008,-4.2937,-7.996,-0.8748,14.6,50,0,18,low_profit_factor(0.59); negative_expectancy(-0.224)
ASTE,Industrials,SECTOR_INDUSTRIALS,23,5,18,21.74,0.6013,-0.2242,-4.2964,-429.64,8.9346,-4.0764,16.1784,-7.9376,648.09,1077.73,-4.3937,-3.1135,-8.4112,-0.9778,11.5,74,0,23,low_profit_factor(0.60); negative_expectancy(-0.224)
AWF,Financials,SECTOR_FINANCIALS,20,5,15,25.0,0.443,-0.2248,-4.2856,-428.56,1.3654,-1.4354,3.5316,-3.7428,340.83,769.39,-5.7584,-6.2,-8.0079,-0.7442,12.4,40,0,20,low_profit_factor(0.44); negative_expectancy(-0.225)
NEXT,Energy,SECTOR_ENERGY,14,4,10,28.57,0.6418,-0.225,-2.9538,-295.38,12.158,-7.9241,38.1958,-9.723,529.25,824.63,-5.1308,-2.7403,-21.1787,-0.5757,7.8,33,2,12,low_profit_factor(0.64); negative_expectancy(-0.225)
CBNK,Financials,SECTOR_FINANCIALS,16,5,11,31.25,0.6719,-0.225,-2.6774,-267.74,5.3848,-3.7478,9.7164,-5.9255,548.36,816.1,-3.8117,-2.9593,-9.6606,-0.7024,12.1,41,0,16,low_profit_factor(0.67); negative_expectancy(-0.225)
SOR,Financials,SECTOR_FINANCIALS,12,3,9,25.0,0.5453,-0.2252,-2.1196,-211.96,3.1565,-2.1233,5.3784,-5.3395,254.16,466.12,-2.9013,-4.4576,-8.5057,-0.7306,14.6,65,0,12,low_profit_factor(0.55); negative_expectancy(-0.225)
WSO,Industrials,SECTOR_INDUSTRIALS,23,9,14,39.13,0.6718,-0.2253,-3.6197,-361.97,4.4144,-4.7681,9.637,-9.2126,740.88,1102.85,-4.7864,-3.5898,-7.7312,-0.7563,9.0,21,1,22,low_profit_factor(0.67); negative_expectancy(-0.225)
MGY,Energy,SECTOR_ENERGY,15,3,12,20.0,0.6892,-0.226,-3.0164,-301.64,12.0862,-4.9457,20.1848,-8.3571,669.0,970.64,-8.2125,-3.1098,-9.6961,-0.3673,9.6,37,0,15,low_profit_factor(0.69); negative_expectancy(-0.226)
TALO,Energy,SECTOR_ENERGY,9,3,6,33.33,0.5737,-0.2263,-2.1256,-212.56,7.5956,-6.2542,11.1962,-8.7783,286.0,498.56,-4.4096,-3.3843,-11.3615,-0.482,16.9,34,0,9,low_profit_factor(0.57); negative_expectancy(-0.226)
ZTR,Financials,SECTOR_FINANCIALS,19,6,13,31.58,0.5936,-0.2264,-4.251,-425.1,2.7215,-2.3657,9.5146,-4.6828,620.98,1046.08,-5.7036,-3.7509,-9.2939,-0.7453,19.9,169,1,18,low_profit_factor(0.59); negative_expectancy(-0.226)
NATL,Technology,SECTOR_TECHNOLOGY,5,1,4,20.0,0.5543,-0.2267,-1.1969,-119.69,13.2258,-4.4337,13.2258,-8.389,148.83,268.52,-1.5822,-1.7074,-4.4021,-0.7565,9.2,18,0,5,low_profit_factor(0.55); negative_expectancy(-0.227)
WTTR,Energy,SECTOR_ENERGY,5,1,4,20.0,0.6719,-0.2267,-1.1334,-113.34,17.4917,-6.6808,17.4917,-8.2765,232.14,345.48,-2.4261,-2.688,-17.8319,-0.4672,12.6,39,0,5,low_profit_factor(0.67); negative_expectancy(-0.227)
GCMG,Financials,SECTOR_FINANCIALS,18,6,12,33.33,0.5115,-0.2271,-4.1762,-417.62,3.8824,-3.5338,8.5737,-7.0132,437.32,854.94,-4.1762,-3.8702,-8.1976,-1.0,14.3,58,1,17,low_profit_factor(0.51); negative_expectancy(-0.227)
CME,Financials,SECTOR_FINANCIALS,24,7,17,29.17,0.6689,-0.2278,-3.5515,-355.15,3.3558,-2.643,9.3753,-5.6077,717.47,1072.62,-4.9574,-4.0331,-8.8728,-0.7164,8.3,35,0,24,low_profit_factor(0.67); negative_expectancy(-0.228)
LKQ,Consumer Discretionary,SECTOR_CONSUMER_DISCRETIONARY,9,3,6,33.33,0.6908,-0.228,-2.043,-204.3,6.4711,-4.6685,8.6164,-7.0232,456.5,660.8,-5.4867,-2.5953,-8.8643,-0.3724,14.3,52,1,8,low_profit_factor(0.69); negative_expectancy(-0.228)
BWB,Financials,SECTOR_FINANCIALS,20,6,14,30.0,0.5164,-0.2281,-4.497,-449.7,6.4688,-3.9439,23.9492,-8.8975,480.26,929.96,-4.9187,-1.887,-6.2724,-0.9143,12.8,98,1,19,low_profit_factor(0.52); negative_expectancy(-0.228)
ORGO,Healthcare,SECTOR_HEALTHCARE,21,5,16,23.81,0.6117,-0.2283,-4.5811,-458.11,18.534,-8.5153,41.1321,-13.6995,721.68,1179.79,-4.9025,-2.2883,-8.9822,-0.9344,7.7,30,0,21,low_profit_factor(0.61); negative_expectancy(-0.228)
HSIC,Healthcare,SECTOR_HEALTHCARE,18,7,11,38.89,0.5398,-0.2284,-3.7136,-371.36,3.3033,-3.377,9.2345,-8.0622,435.68,807.04,-6.0293,-2.9462,-5.6,-0.6159,10.4,43,0,18,low_profit_factor(0.54); negative_expectancy(-0.228)
WKC,Energy,SECTOR_ENERGY,24,5,19,20.83,0.6199,-0.2287,-4.6731,-467.31,8.1759,-3.573,17.4347,-7.8292,762.2,1229.51,-7.1296,-3.0762,-8.6451,-0.6555,9.4,68,0,24,low_profit_factor(0.62); negative_expectancy(-0.229)
LFCR,Healthcare,SECTOR_HEALTHCARE,20,4,16,20.0,0.5143,-0.2295,-5.6277,-562.77,22.7598,-6.9715,64.9194,-12.7651,595.88,1158.65,-6.2626,-0.9603,-4.8313,-0.8986,8.4,21,0,20,low_profit_factor(0.51); negative_expectancy(-0.230)
SVV,Consumer Discretionary,SECTOR_CONSUMER_DISCRETIONARY,9,4,5,44.44,0.5562,-0.2295,-1.7057,-170.57,5.4606,-8.1427,12.6949,-10.9449,213.8,384.37,-3.5764,-4.0559,-10.5639,-0.4769,16.9,43,0,9,low_profit_factor(0.56); negative_expectancy(-0.230)
NXST,Communication Services,SECTOR_COMMUNICATION_SERVICES,18,6,12,33.33,0.468,-0.2295,-3.4405,-344.05,3.2253,-3.249,9.0446,-5.9587,302.6,646.65,-4.2972,-4.5233,-10.871,-0.8006,8.7,34,0,18,low_profit_factor(0.47); negative_expectancy(-0.230)
CLF,Materials,SECTOR_MATERIALS,22,6,16,27.27,0.6003,-0.2296,-5.2173,-521.73,14.6518,-7.1516,36.9681,-15.3747,783.57,1305.3,-9.1952,-1.4656,-4.4209,-0.5674,10.5,43,1,21,low_profit_factor(0.60); negative_expectancy(-0.230)
ZETA,Technology,SECTOR_TECHNOLOGY,20,5,15,25.0,0.669,-0.2296,-4.0147,-401.47,12.0595,-7.4461,27.6316,-11.3952,811.32,1212.79,-5.7713,-4.0668,-13.7352,-0.6956,7.8,23,0,20,low_profit_factor(0.67); negative_expectancy(-0.230)
NBTB,Financials,SECTOR_FINANCIALS,17,3,14,17.65,0.547,-0.2301,-4.3373,-433.73,10.5722,-4.0653,18.9239,-7.5944,523.66,957.39,-4.3373,-3.5335,-11.3495,-1.0,10.8,29,0,17,low_profit_factor(0.55); negative_expectancy(-0.230)
HRZN,Financials,SECTOR_FINANCIALS,13,5,8,38.46,0.6256,-0.2307,-2.9502,-295.02,4.8712,-4.4298,12.9174,-5.382,492.92,787.94,-3.9573,-2.3975,-18.8461,-0.7455,21.3,53,0,13,low_profit_factor(0.63); negative_expectancy(-0.231)
CI,Healthcare,SECTOR_HEALTHCARE,15,5,10,33.33,0.5978,-0.2317,-3.0751,-307.51,4.228,-3.4993,10.639,-6.5579,457.07,764.58,-5.6852,-3.2768,-8.1212,-0.5409,9.7,35,1,14,low_profit_factor(0.60); negative_expectancy(-0.232)
LW,Consumer Staples,SECTOR_CONSUMER_STAPLES,22,7,15,31.82,0.6249,-0.232,-4.2339,-423.39,4.5366,-4.0478,8.608,-7.5454,705.23,1128.62,-7.0268,-4.4403,-10.6349,-0.6025,13.1,66,3,19,low_profit_factor(0.62); negative_expectancy(-0.232)
SIRI,Communication Services,SECTOR_COMMUNICATION_SERVICES,13,3,10,23.08,0.5461,-0.2321,-3.6491,-364.91,12.0556,-5.9127,31.9588,-9.3823,439.0,803.91,-7.6134,-2.5825,-10.0002,-0.4793,13.5,32,0,13,low_profit_factor(0.55); negative_expectancy(-0.232)
YETI,Consumer Discretionary,SECTOR_CONSUMER_DISCRETIONARY,15,6,9,40.0,0.5879,-0.2323,-3.3103,-331.03,6.5843,-7.2707,12.14,-13.392,472.15,803.18,-4.8955,-3.5031,-7.8629,-0.6762,19.1,182,0,15,low_profit_factor(0.59); negative_expectancy(-0.232)
UFPT,Healthcare,SECTOR_HEALTHCARE,3,1,2,33.33,0.6806,-0.2327,-0.5727,-57.27,13.6927,-9.1867,13.6927,-11.5309,122.04,179.31,-1.7931,-1.8462,-7.4713,-0.3194,40.0,61,0,3,too_few_trades(3); low_profit_factor(0.68); negative_expectancy(-0.233)
PLMR,Financials,SECTOR_FINANCIALS,24,9,15,37.5,0.4822,-0.2329,-4.5291,-452.91,3.7983,-5.0378,12.4907,-10.5116,421.81,874.72,-4.7055,-4.8887,-8.2397,-0.9625,11.7,43,0,24,low_profit_factor(0.48); negative_expectancy(-0.233)
NML,Financials,SECTOR_FINANCIALS,17,5,12,29.41,0.6089,-0.2329,-3.5596,-355.96,3.5067,-2.8412,5.2691,-5.4526,554.13,910.09,-5.5131,-4.7236,-12.1698,-0.6457,8.1,21,0,17,low_profit_factor(0.61); negative_expectancy(-0.233)
DKL,Energy,SECTOR_ENERGY,17,6,11,35.29,0.5155,-0.2329,-3.9327,-393.27,3.8752,-3.5927,8.3099,-11.2204,418.43,811.7,-5.7292,-3.2334,-4.9194,-0.6864,10.6,28,0,17,low_profit_factor(0.52); negative_expectancy(-0.233)
INSP,Healthcare,SECTOR_HEALTHCARE,18,5,13,27.78,0.667,-0.2337,-2.7703,-277.03,11.225,-6.6043,28.8686,-29.3333,554.94,831.97,-6.5681,-2.2397,-3.4264,-0.4218,12.4,78,2,16,low_profit_factor(0.67); negative_expectancy(-0.234)
JBSS,Consumer Staples,SECTOR_CONSUMER_STAPLES,21,7,14,33.33,0.5456,-0.2339,-4.7252,-472.52,3.7136,-3.8456,10.4392,-8.1967,567.37,1039.89,-5.6118,-4.6963,-10.1596,-0.842,10.0,23,1,20,low_profit_factor(0.55); negative_expectancy(-0.234)
NTLA,Healthcare,SECTOR_HEALTHCARE,12,3,9,25.0,0.7172,-0.2352,-2.5508,-255.08,27.118,-13.3102,49.7564,-22.7177,646.82,901.9,-9.019,-2.4925,-13.1925,-0.2828,18.7,37,0,12,low_profit_factor(0.72); negative_expectancy(-0.235)
EVV,Financials,SECTOR_FINANCIALS,21,7,14,33.33,0.4414,-0.2357,-5.545,-554.5,1.6954,-1.7003,4.8485,-3.5262,438.24,992.74,-6.1884,-4.3394,-7.6741,-0.896,11.4,37,2,19,low_profit_factor(0.44); negative_expectancy(-0.236)
CPS,Consumer Discretionary,SECTOR_CONSUMER_DISCRETIONARY,22,6,16,27.27,0.595,-0.2359,-4.9061,-490.61,15.8544,-8.5462,59.6692,-18.2703,720.85,1211.46,-7.5076,-1.8527,-5.2442,-0.6535,9.2,22,0,22,low_profit_factor(0.59); negative_expectancy(-0.236)
WST,Healthcare,SECTOR_HEALTHCARE,17,5,12,29.41,0.5261,-0.2359,-4.3187,-431.87,7.3174,-4.6916,24.1905,-7.7152,479.37,911.24,-6.7805,-2.3967,-8.0275,-0.6369,11.3,35,0,17,low_profit_factor(0.53); negative_expectancy(-0.236)
CTRA,Energy,SECTOR_ENERGY,16,4,12,25.0,0.496,-0.236,-3.5535,-355.35,3.9846,-3.0854,7.594,-6.3331,349.76,705.11,-4.4919,-5.405,-9.8447,-0.7911,9.9,33,0,16,low_profit_factor(0.50); negative_expectancy(-0.236)
KEYS,Technology,SECTOR_TECHNOLOGY,28,10,18,35.71,0.6429,-0.236,-5.3275,-532.75,5.2835,-3.9892,16.0588,-13.9298,959.27,1492.02,-8.0719,-1.7176,-3.6602,-0.66,8.8,31,0,28,low_profit_factor(0.64); negative_expectancy(-0.236)
CRGY,Energy,SECTOR_ENERGY,15,6,9,40.0,0.603,-0.2374,-3.1771,-317.71,5.71,-7.3083,14.0611,-9.3086,482.48,800.19,-4.8934,-4.5206,-14.6948,-0.6493,8.0,26,0,15,low_profit_factor(0.60); negative_expectancy(-0.237)
HIO,Financials,SECTOR_FINANCIALS,13,4,9,30.77,0.5376,-0.2374,-2.9651,-296.51,2.3883,-1.6042,6.4767,-3.202,344.73,641.24,-4.0636,-2.3669,-6.5941,-0.7297,18.1,67,1,12,low_profit_factor(0.54); negative_expectancy(-0.237)
DMLP,Energy,SECTOR_ENERGY,6,1,5,16.67,0.5346,-0.2376,-1.4174,-141.74,8.5897,-2.8184,8.5897,-3.782,162.81,304.55,-3.0455,-3.0535,-12.7693,-0.4654,8.7,15,1,5,low_profit_factor(0.53); negative_expectancy(-0.238)
TMHC,Consumer Discretionary,SECTOR_CONSUMER_DISCRETIONARY,27,8,19,29.63,0.4542,-0.2379,-6.3052,-630.52,4.2987,-3.5864,13.4844,-8.3487,524.72,1155.24,-6.3052,-4.1833,-9.4761,-1.0,9.7,32,0,27,low_profit_factor(0.45); negative_expectancy(-0.238)
MAS,Industrials,SECTOR_INDUSTRIALS,21,8,13,38.1,0.547,-0.238,-4.562,-456.2,3.6567,-3.9616,19.6533,-7.6019,550.79,1006.99,-6.964,-2.9975,-8.7184,-0.6551,10.4,39,0,21,low_profit_factor(0.55); negative_expectancy(-0.238)
ITGR,Healthcare,SECTOR_HEALTHCARE,25,8,17,32.0,0.5418,-0.2387,-6.0636,-606.36,5.5233,-4.5148,18.1287,-18.0827,717.11,1323.47,-8.6622,-3.1828,-4.9984,-0.7,9.4,29,1,24,low_profit_factor(0.54); negative_expectancy(-0.239)
BIO,Healthcare,SECTOR_HEALTHCARE,14,4,10,28.57,0.6794,-0.2389,-2.2893,-228.93,8.1636,-5.3674,21.9873,-8.8139,485.15,714.08,-5.197,-3.0004,-11.3477,-0.4405,18.9,48,2,12,low_profit_factor(0.68); negative_expectancy(-0.239)
EOLS,Healthcare,SECTOR_HEALTHCARE,15,2,13,13.33,0.5883,-0.2401,-3.7756,-377.56,21.9769,-6.7166,26.8313,-12.2829,539.6,917.16,-5.0607,-4.2436,-12.4529,-0.7461,9.0,36,1,14,low_profit_factor(0.59); negative_expectancy(-0.240)
MNRO,Consumer Discretionary,SECTOR_CONSUMER_DISCRETIONARY,11,4,7,36.36,0.5769,-0.2403,-2.9811,-298.11,8.9678,-8.4721,16.5664,-11.671,406.48,704.59,-3.6111,-3.5759,-15.2577,-0.8255,31.8,119,1,10,low_profit_factor(0.58); negative_expectancy(-0.240)
JOUT,Consumer Discretionary,SECTOR_CONSUMER_DISCRETIONARY,13,3,10,23.08,0.6401,-0.2408,-3.3401,-334.01,16.8573,-5.6679,22.8235,-7.406,594.01,928.02,-6.2494,-0.7285,-6.0194,-0.5345,14.8,45,0,13,low_profit_factor(0.64); negative_expectancy(-0.241)
TYG,Financials,SECTOR_FINANCIALS,20,6,14,30.0,0.5528,-0.2413,-4.9038,-490.38,3.2136,-2.6169,5.1896,-4.4541,606.26,1096.64,-5.0338,-4.6556,-14.7331,-0.9742,8.6,20,0,20,low_profit_factor(0.55); negative_expectancy(-0.241)
FIVN,Technology,SECTOR_TECHNOLOGY,9,2,7,22.22,0.725,-0.2418,-1.8038,-180.38,22.0735,-9.1037,25.5882,-11.3983,475.54,655.92,-3.6475,-2.475,-18.571,-0.4945,27.7,103,1,8,low_profit_factor(0.72); negative_expectancy(-0.242)
NMZ,Financials,SECTOR_FINANCIALS,18,3,15,16.67,0.5701,-0.2423,-4.301,-430.1,5.4137,-1.6544,10.9071,-3.8797,570.46,1000.56,-4.994,-2.2473,-6.415,-0.8612,15.6,74,0,18,low_profit_factor(0.57); negative_expectancy(-0.242)
SBCF,Financials,SECTOR_FINANCIALS,15,3,12,20.0,0.4739,-0.2424,-4.1109,-411.09,10.4671,-4.2764,15.0542,-9.8812,370.34,781.43,-5.0736,-2.9633,-7.3188,-0.8103,18.1,96,0,15,low_profit_factor(0.47); negative_expectancy(-0.242)
RRC,Energy,SECTOR_ENERGY,21,7,14,33.33,0.4838,-0.2429,-4.9433,-494.33,4.2372,-4.7708,7.0427,-10.9156,463.29,957.62,-6.4648,-5.4543,-9.4593,-0.7646,8.4,20,1,20,low_profit_factor(0.48); negative_expectancy(-0.243)
AIOT,Technology,SECTOR_TECHNOLOGY,2,1,1,50.0,0.3161,-0.243,-0.4855,-48.55,2.3762,-5.5357,2.3762,-5.5357,22.44,70.99,-0.7083,-4.4825,0.0,-0.6854,11.5,14,0,2,too_few_trades(2); low_profit_factor(0.32); negative_expectancy(-0.243)
DOCU,Technology,SECTOR_TECHNOLOGY,21,5,16,23.81,0.6919,-0.2441,-4.5952,-459.52,12.1072,-8.533,30.3833,-25.6485,1031.97,1491.49,-7.3929,-4.8884,-8.712,-0.6216,11.5,58,1,20,low_profit_factor(0.69); negative_expectancy(-0.244)
BILL,Technology,SECTOR_TECHNOLOGY,16,4,12,25.0,0.7936,-0.2444,-2.5015,-250.15,18.2789,-9.6596,53.6522,-29.3631,961.71,1211.86,-6.5247,-2.3833,-5.6428,-0.3834,16.2,59,2,14,low_profit_factor(0.79); negative_expectancy(-0.244)
SMC,Energy,SECTOR_ENERGY,17,6,11,35.29,0.5965,-0.2446,-3.2692,-326.92,7.0493,-7.3233,20.7162,-12.8955,483.34,810.26,-5.2124,-4.0001,-9.4863,-0.6272,13.9,46,0,17,low_profit_factor(0.60); negative_expectancy(-0.245)
GME,Consumer Discretionary,SECTOR_CONSUMER_DISCRETIONARY,17,5,12,29.41,0.6343,-0.2465,-4.0891,-408.91,16.4497,-10.5375,43.6958,-16.5164,709.27,1118.18,-7.6464,-2.6445,-7.9916,-0.5348,7.4,22,0,17,low_profit_factor(0.63); negative_expectancy(-0.246)
XFOR,Healthcare,SECTOR_HEALTHCARE,12,3,9,25.0,0.7187,-0.2472,-2.5134,-251.34,39.2999,-18.9132,48.0,-25.0,642.0,893.34,-4.4185,-2.5886,-20.5578,-0.5688,23.4,116,2,10,low_profit_factor(0.72); negative_expectancy(-0.247)
BMY,Healthcare,SECTOR_HEALTHCARE,14,4,10,28.57,0.4865,-0.2473,-4.4851,-448.51,6.4085,-3.8281,10.0469,-5.6007,424.93,873.44,-5.074,-2.7693,-12.4031,-0.8839,12.2,40,1,13,low_profit_factor(0.49); negative_expectancy(-0.247)
ESI,Materials,SECTOR_MATERIALS,22,8,14,36.36,0.5603,-0.2474,-4.6783,-467.83,4.0114,-4.0317,11.3006,-8.0525,596.22,1064.05,-6.8809,-3.6135,-7.2451,-0.6799,12.4,60,1,21,low_profit_factor(0.56); negative_expectancy(-0.247)
SITE,Industrials,SECTOR_INDUSTRIALS,22,6,16,27.27,0.5612,-0.2475,-5.0703,-507.03,7.5651,-5.2699,12.2492,-10.124,648.58,1155.61,-5.9139,-4.3134,-10.306,-0.8574,12.2,66,1,21,low_profit_factor(0.56); negative_expectancy(-0.247)
SCI,Consumer Discretionary,SECTOR_CONSUMER_DISCRETIONARY,15,3,12,20.0,0.4047,-0.2483,-3.2506,-325.06,3.0303,-1.9322,5.3538,-5.2047,221.0,546.06,-3.6817,-5.6475,-8.9801,-0.8829,8.5,20,0,15,low_profit_factor(0.40); negative_expectancy(-0.248)
MNST,Consumer Staples,SECTOR_CONSUMER_STAPLES,32,7,25,21.88,0.4104,-0.2486,-7.55,-755.0,3.1122,-2.2272,6.7426,-4.3857,525.49,1280.49,-8.9308,-6.144,-12.541,-0.8454,7.9,25,0,32,low_profit_factor(0.41); negative_expectancy(-0.249)
AVNS,Healthcare,SECTOR_HEALTHCARE,13,4,9,30.77,0.6832,-0.2507,-3.0853,-308.53,10.9081,-6.9018,33.348,-13.1074,665.5,974.03,-6.2294,-1.9414,-8.4842,-0.4953,13.8,67,1,12,low_profit_factor(0.68); negative_expectancy(-0.251)
CHE,Healthcare,SECTOR_HEALTHCARE,18,5,13,27.78,0.6011,-0.2509,-3.4301,-343.01,5.0643,-2.9104,10.6231,-6.6807,516.84,859.85,-4.4557,-2.4734,-5.9885,-0.7698,10.0,44,0,18,low_profit_factor(0.60); negative_expectancy(-0.251)
RM,Financials,SECTOR_FINANCIALS,16,3,13,18.75,0.5777,-0.2511,-3.6972,-369.72,10.6187,-5.2408,17.9595,-10.1358,505.7,875.42,-6.0941,-4.8496,-11.8683,-0.6067,12.6,39,1,15,low_profit_factor(0.58); negative_expectancy(-0.251)
BWIN,Financials,SECTOR_FINANCIALS,21,6,15,28.57,0.5316,-0.2515,-5.0919,-509.19,7.9151,-5.7796,14.8522,-12.8012,577.78,1086.97,-5.7613,-4.0343,-8.2207,-0.8838,9.9,25,1,20,low_profit_factor(0.53); negative_expectancy(-0.252)
EVT,Financials,SECTOR_FINANCIALS,16,6,10,37.5,0.224,-0.2523,-4.0347,-403.47,0.5661,-1.5514,1.9409,-5.1453,116.44,519.91,-4.1886,-7.1814,-7.5677,-0.9632,13.0,42,0,16,low_profit_factor(0.22); negative_expectancy(-0.252)
KRNY,Financials,SECTOR_FINANCIALS,18,5,13,27.78,0.6346,-0.2526,-4.1102,-411.02,8.6106,-5.4927,16.2197,-7.6027,713.97,1124.99,-5.303,-3.3504,-17.0509,-0.7751,13.4,34,0,18,low_profit_factor(0.63); negative_expectancy(-0.253)
TLS,Technology,SECTOR_TECHNOLOGY,16,2,14,12.5,0.7392,-0.2539,-3.5754,-357.54,60.4048,-11.5088,76.9634,-24.7413,1013.28,1370.82,-9.004,-1.5571,-8.3488,-0.3971,11.4,48,0,16,low_profit_factor(0.74); negative_expectancy(-0.254)
TH,Industrials,SECTOR_INDUSTRIALS,8,3,5,37.5,0.5795,-0.2542,-2.0285,-202.85,6.8093,-8.4451,15.5759,-10.8106,279.59,482.44,-4.8119,-4.7972,-20.6972,-0.4216,18.6,41,0,8,low_profit_factor(0.58); negative_expectancy(-0.254)
AZTA,Healthcare,SECTOR_HEALTHCARE,15,4,11,26.67,0.5939,-0.2545,-3.6855,-368.55,10.8801,-6.1655,19.3127,-10.4254,539.06,907.61,-4.0034,-2.9022,-9.2021,-0.9206,19.5,68,1,14,low_profit_factor(0.59); negative_expectancy(-0.255)
MUJ,Financials,SECTOR_FINANCIALS,20,5,15,25.0,0.5622,-0.2546,-5.5723,-557.23,3.1058,-1.7442,9.7701,-3.188,715.68,1272.91,-6.1063,-2.8897,-9.2238,-0.9125,11.7,45,1,19,low_profit_factor(0.56); negative_expectancy(-0.255)
NCMI,Communication Services,SECTOR_COMMUNICATION_SERVICES,12,4,8,33.33,0.4554,-0.2546,-3.7526,-375.26,11.4933,-12.8083,22.8029,-28.0,313.77,689.03,-4.1248,-5.0109,-7.9025,-0.9098,23.5,158,0,12,low_profit_factor(0.46); negative_expectancy(-0.255)
TDS,Communication Services,SECTOR_COMMUNICATION_SERVICES,22,5,17,22.73,0.551,-0.2548,-5.4638,-546.38,11.0594,-5.5159,32.3887,-10.4869,670.56,1216.94,-6.9537,-3.0354,-11.3537,-0.7857,11.2,45,2,20,low_profit_factor(0.55); negative_expectancy(-0.255)
ISD,Financials,SECTOR_FINANCIALS,24,7,17,29.17,0.4838,-0.2553,-6.0411,-604.11,1.7561,-1.6362,5.1064,-3.1809,566.29,1170.4,-6.0411,-5.1593,-9.8726,-1.0,11.8,33,0,24,low_profit_factor(0.48); negative_expectancy(-0.255)
NVR,Consumer Discretionary,SECTOR_CONSUMER_DISCRETIONARY,24,7,17,29.17,0.4791,-0.2556,-20.6945,-2069.45,3.9349,-3.3709,8.3921,-6.5452,1903.49,3972.94,-23.0247,-4.9253,-12.0057,-0.8988,9.1,32,0,24,low_profit_factor(0.48); negative_expectancy(-0.256)
RDNT,Healthcare,SECTOR_HEALTHCARE,23,5,18,21.74,0.477,-0.2558,-5.8128,-581.28,7.9362,-4.552,14.9382,-9.4875,530.21,1111.49,-6.0168,-4.6067,-9.6893,-0.9661,13.6,61,0,23,low_profit_factor(0.48); negative_expectancy(-0.256)
NIE,Financials,SECTOR_FINANCIALS,22,5,17,22.73,0.395,-0.257,-5.4801,-548.01,2.2334,-1.7064,5.6456,-5.0702,357.82,905.83,-5.4801,-5.4041,-8.3779,-1.0,12.5,44,0,22,low_profit_factor(0.40); negative_expectancy(-0.257)
SFNC,Financials,SECTOR_FINANCIALS,15,4,11,26.67,0.68,-0.2571,-2.7983,-279.83,8.129,-5.1057,14.946,-9.1437,594.65,874.48,-4.557,-3.7002,-12.8694,-0.6141,26.1,104,3,12,low_profit_factor(0.68); negative_expectancy(-0.257)
OLN,Materials,SECTOR_MATERIALS,10,4,6,40.0,0.5154,-0.2575,-2.6968,-269.68,3.6618,-6.7093,9.5504,-9.5985,286.85,556.53,-5.1362,-6.3619,-11.6402,-0.5251,14.7,45,0,10,low_profit_factor(0.52); negative_expectancy(-0.258)
YELP,Communication Services,SECTOR_COMMUNICATION_SERVICES,21,5,16,23.81,0.5986,-0.2584,-5.5323,-553.23,10.3554,-4.566,24.732,-6.5454,825.13,1378.36,-9.7953,-2.0084,-13.551,-0.5648,12.4,35,2,19,low_profit_factor(0.60); negative_expectancy(-0.258)
EPC,Consumer Staples,SECTOR_CONSUMER_STAPLES,16,5,11,31.25,0.6081,-0.2584,-3.1486,-314.86,5.1748,-3.8112,11.3032,-6.5941,488.49,803.35,-6.7989,-3.1783,-8.5792,-0.4631,9.5,44,0,16,low_profit_factor(0.61); negative_expectancy(-0.258)
ABM,Industrials,SECTOR_INDUSTRIALS,23,6,17,26.09,0.4693,-0.2584,-5.4274,-542.74,3.7504,-2.6543,8.7288,-4.926,479.98,1022.72,-6.2342,-4.4328,-9.5696,-0.8706,9.5,28,0,23,low_profit_factor(0.47); negative_expectancy(-0.258)
QQQX,Financials,SECTOR_FINANCIALS,23,5,18,21.74,0.3372,-0.2587,-5.2449,-524.49,1.985,-1.784,5.6518,-6.8268,266.88,791.37,-5.2449,-5.8314,-7.091,-1.0,11.4,28,0,23,low_profit_factor(0.34); negative_expectancy(-0.259)
CXM,Technology,SECTOR_TECHNOLOGY,12,5,7,41.67,0.6567,-0.2593,-2.8319,-283.19,7.4173,-7.0762,22.1597,-20.2793,541.64,824.83,-6.0679,-1.6351,-2.6815,-0.4667,25.2,99,1,11,low_profit_factor(0.66); negative_expectancy(-0.259)
AVK,Financials,SECTOR_FINANCIALS,21,7,14,33.33,0.5346,-0.2602,-5.0523,-505.23,2.2869,-2.9494,7.6996,-5.4038,580.36,1085.59,-7.9814,-5.8689,-10.8828,-0.633,13.6,37,1,20,low_profit_factor(0.53); negative_expectancy(-0.260)
VMI,Industrials,SECTOR_INDUSTRIALS,19,8,11,42.11,0.3821,-0.2609,-4.3995,-439.95,1.8577,-3.5769,2.9401,-6.2946,272.07,712.02,-4.8219,-6.5731,-11.466,-0.9124,12.3,63,2,17,low_profit_factor(0.38); negative_expectancy(-0.261)
IMXI,Technology,SECTOR_TECHNOLOGY,12,3,9,25.0,0.5607,-0.261,-2.5623,-256.23,4.0707,-3.8348,9.3537,-9.7096,327.03,583.26,-5.7457,-6.2376,-10.4725,-0.446,12.4,28,0,12,low_profit_factor(0.56); negative_expectancy(-0.261)
DRVN,Consumer Discretionary,SECTOR_CONSUMER_DISCRETIONARY,17,5,12,29.41,0.5405,-0.2611,-4.0037,-400.37,5.8536,-5.2813,19.3416,-9.0098,470.9,871.27,-6.0131,-4.6501,-11.7337,-0.6658,18.2,115,1,16,low_profit_factor(0.54); negative_expectancy(-0.261)
GBDC,Financials,SECTOR_FINANCIALS,20,6,14,30.0,0.5475,-0.2612,-4.7777,-477.77,2.6885,-2.2981,5.4152,-5.2061,578.02,1055.79,-4.7777,-4.553,-9.3055,-1.0,12.2,46,1,19,low_profit_factor(0.55); negative_expectancy(-0.261)
ATAI,Healthcare,SECTOR_HEALTHCARE,19,3,16,15.79,0.6023,-0.2614,-4.4319,-443.19,31.3551,-10.8155,41.1043,-27.6185,671.29,1114.48,-6.1799,-3.8383,-10.2941,-0.7171,12.8,55,0,19,low_profit_factor(0.60); negative_expectancy(-0.261)
VSAT,Technology,SECTOR_TECHNOLOGY,17,5,12,29.41,0.5456,-0.262,-4.9157,-491.57,15.3191,-10.3084,45.1772,-17.6251,590.21,1081.78,-9.1241,-2.8678,-11.0591,-0.5388,16.2,44,0,17,low_profit_factor(0.55); negative_expectancy(-0.262)
GAM,Financials,SECTOR_FINANCIALS,25,7,18,28.0,0.5106,-0.2625,-7.1127,-711.27,3.5238,-2.0309,6.9947,-9.1209,742.09,1453.36,-11.2857,-2.104,-2.8714,-0.6302,13.5,73,0,25,low_profit_factor(0.51); negative_expectancy(-0.263)
AM,Energy,SECTOR_ENERGY,26,7,19,26.92,0.384,-0.2635,-6.645,-664.5,2.7956,-2.395,5.8054,-4.2241,414.29,1078.79,-8.3072,-5.8924,-13.4122,-0.7999,7.5,21,0,26,low_profit_factor(0.38); negative_expectancy(-0.264)
DPG,Financials,SECTOR_FINANCIALS,17,6,11,35.29,0.6009,-0.2636,-4.6003,-460.03,3.2559,-3.6662,6.5574,-14.7426,692.71,1152.74,-8.0012,-4.0591,-4.8783,-0.575,15.0,54,0,17,low_profit_factor(0.60); negative_expectancy(-0.264)
IRDM,Communication Services,SECTOR_COMMUNICATION_SERVICES,19,5,14,26.32,0.5824,-0.2652,-4.4372,-443.72,9.5127,-5.2405,19.3143,-8.3813,618.89,1062.61,-5.443,-2.7525,-9.1606,-0.8152,17.9,113,1,18,low_profit_factor(0.58); negative_expectancy(-0.265)
VCYT,Healthcare,SECTOR_HEALTHCARE,22,6,16,27.27,0.4642,-0.2659,-5.8831,-588.31,10.3616,-6.7215,34.6576,-15.0026,509.73,1098.04,-6.5789,-3.1234,-7.4489,-0.8942,10.0,48,0,22,low_profit_factor(0.46); negative_expectancy(-0.266)
SABR,Technology,SECTOR_TECHNOLOGY,13,3,10,23.08,0.5646,-0.2663,-3.6092,-360.92,17.2771,-8.8377,25.448,-15.1203,467.99,828.91,-3.6092,-3.4437,-10.3587,-1.0,18.4,110,0,13,low_profit_factor(0.56); negative_expectancy(-0.266)
LE,Consumer Discretionary,SECTOR_CONSUMER_DISCRETIONARY,16,5,11,31.25,0.5073,-0.2679,-4.3196,-431.96,11.17,-9.4118,19.6481,-15.7303,444.75,876.71,-6.1506,-4.2266,-11.1547,-0.7023,13.8,31,0,16,low_profit_factor(0.51); negative_expectancy(-0.268)
VMO,Financials,SECTOR_FINANCIALS,18,4,14,22.22,0.5658,-0.2683,-4.1358,-413.58,3.05,-1.483,9.008,-3.7244,539.02,952.6,-5.1567,-2.7098,-6.9942,-0.802,19.3,191,0,18,low_profit_factor(0.57); negative_expectancy(-0.268)
NMCO,Financials,SECTOR_FINANCIALS,16,4,12,25.0,0.5198,-0.2683,-4.2652,-426.52,3.6231,-2.4195,9.0343,-5.1398,461.71,888.23,-5.8887,-4.1734,-8.7099,-0.7243,16.2,82,1,15,low_profit_factor(0.52); negative_expectancy(-0.268)
DNTH,Healthcare,SECTOR_HEALTHCARE,18,4,14,22.22,0.6696,-0.2683,-4.2845,-428.45,30.8501,-15.4885,51.919,-23.3381,868.49,1296.94,-10.3378,-3.7269,-21.0512,-0.4144,15.2,60,1,17,low_profit_factor(0.67); negative_expectancy(-0.268)
SRTA,Healthcare,SECTOR_HEALTHCARE,14,5,9,35.71,0.4733,-0.2686,-3.7363,-373.63,9.069,-8.7496,15.7395,-13.0337,335.75,709.38,-4.9928,-3.8672,-11.5902,-0.7483,23.6,64,1,13,low_profit_factor(0.47); negative_expectancy(-0.269)
FISI,Financials,SECTOR_FINANCIALS,21,5,16,23.81,0.5511,-0.2689,-5.705,-570.5,8.7527,-4.4738,19.322,-7.4125,700.38,1270.88,-6.9974,-2.9541,-10.1688,-0.8153,11.8,51,2,19,low_profit_factor(0.55); negative_expectancy(-0.269)
SBGI,Communication Services,SECTOR_COMMUNICATION_SERVICES,13,4,9,30.77,0.4259,-0.2689,-3.4415,-344.15,5.5048,-5.8767,11.6092,-11.2167,255.26,599.41,-3.5508,-5.4966,-9.2773,-0.9692,13.2,46,0,13,low_profit_factor(0.43); negative_expectancy(-0.269)
CINF,Financials,SECTOR_FINANCIALS,27,8,19,29.63,0.4563,-0.2701,-6.4621,-646.21,3.0103,-2.7211,9.0901,-5.6325,542.29,1188.5,-6.4621,-4.8412,-10.4732,-1.0,7.7,24,0,27,low_profit_factor(0.46); negative_expectancy(-0.270)
FWDI,Consumer Discretionary,SECTOR_CONSUMER_DISCRETIONARY,12,2,10,16.67,0.7445,-0.2703,-2.5045,-250.45,54.818,-13.5544,63.2944,-25.0464,729.72,980.17,-5.3927,-1.25,-5.6171,-0.4644,13.0,52,1,11,low_profit_factor(0.74); negative_expectancy(-0.270)
MSCI,Financials,SECTOR_FINANCIALS,20,6,14,30.0,0.4785,-0.2713,-3.8815,-388.15,2.9356,-3.1722,6.5793,-7.4114,356.08,744.23,-4.5244,-6.0093,-10.9882,-0.8579,11.1,43,0,20,low_profit_factor(0.48); negative_expectancy(-0.271)
VKQ,Financials,SECTOR_FINANCIALS,16,3,13,18.75,0.5212,-0.2718,-4.0622,-406.22,3.4446,-1.4552,7.7892,-3.2283,442.28,848.5,-4.0622,-3.3114,-9.1565,-1.0,20.1,191,0,16,low_profit_factor(0.52); negative_expectancy(-0.272)
SPXX,Financials,SECTOR_FINANCIALS,25,7,18,28.0,0.3952,-0.2764,-6.748,-674.8,1.8218,-1.6437,5.5388,-4.5915,441.03,1115.83,-6.748,-4.8708,-8.3966,-1.0,10.7,57,0,25,low_profit_factor(0.40); negative_expectancy(-0.276)
DSM,Financials,SECTOR_FINANCIALS,23,7,16,30.43,0.5699,-0.2767,-5.44,-544.0,2.5264,-1.9006,10.5263,-8.6817,720.72,1264.72,-6.3203,-2.6714,-4.2795,-0.8607,14.3,124,0,23,low_profit_factor(0.57); negative_expectancy(-0.277)
VLTO,Industrials,SECTOR_INDUSTRIALS,4,1,3,25.0,0.1573,-0.277,-1.1983,-119.83,0.8065,-1.5821,0.8065,-3.4375,22.36,142.19,-1.1983,-8.804,-9.7127,-1.0,11.2,14,0,4,too_few_trades(4); low_profit_factor(0.16); negative_expectancy(-0.277)
SEM,Healthcare,SECTOR_HEALTHCARE,18,5,13,27.78,0.4764,-0.2777,-4.8578,-485.78,4.8982,-5.2032,8.7011,-9.765,441.94,927.72,-4.8578,-6.5636,-10.8446,-1.0,12.1,25,0,18,low_profit_factor(0.48); negative_expectancy(-0.278)
SRRK,Healthcare,SECTOR_HEALTHCARE,20,5,15,25.0,0.5547,-0.2796,-5.5192,-551.92,19.7917,-11.8007,34.442,-20.3269,687.56,1239.48,-6.9917,-3.9038,-13.9651,-0.7894,7.2,26,0,20,low_profit_factor(0.55); negative_expectancy(-0.280)
OPAL,Utilities,SECTOR_UTILITIES,11,2,9,18.18,0.7067,-0.2808,-2.5296,-252.96,35.4115,-10.5908,57.868,-15.2081,609.38,862.34,-4.5093,-1.6596,-12.3855,-0.561,11.5,36,0,11,low_profit_factor(0.71); negative_expectancy(-0.281)
PTEN,Energy,SECTOR_ENERGY,10,2,8,20.0,0.6186,-0.2809,-2.8974,-289.74,22.2285,-7.4788,34.2082,-9.5056,469.96,759.7,-7.3499,-1.7655,-14.2198,-0.3942,16.1,50,0,10,low_profit_factor(0.62); negative_expectancy(-0.281)
EXG,Financials,SECTOR_FINANCIALS,23,7,16,30.43,0.3704,-0.2813,-6.5444,-654.44,1.3663,-1.5952,3.2389,-4.0101,385.03,1039.47,-7.7894,-6.0381,-9.3478,-0.8402,10.2,44,1,22,low_profit_factor(0.37); negative_expectancy(-0.281)
UTF,Financials,SECTOR_FINANCIALS,24,8,16,33.33,0.5058,-0.2816,-5.8355,-583.55,2.1247,-2.4924,4.4348,-4.5817,597.13,1180.68,-8.6741,-5.7127,-11.4754,-0.6728,9.0,38,0,24,low_profit_factor(0.51); negative_expectancy(-0.282)
ZWS,Industrials,SECTOR_INDUSTRIALS,22,9,13,40.91,0.4905,-0.2821,-6.1308,-613.08,3.3952,-4.7963,8.0851,-6.9997,590.32,1203.4,-6.442,-5.042,-14.4895,-0.9517,10.0,25,0,22,low_profit_factor(0.49); negative_expectancy(-0.282)
TSLX,Financials,SECTOR_FINANCIALS,21,6,15,28.57,0.362,-0.2832,-5.7778,-577.78,1.7964,-1.956,2.7969,-4.9535,327.85,905.63,-5.9578,-6.6348,-10.4328,-0.9698,12.8,38,0,21,low_profit_factor(0.36); negative_expectancy(-0.283)
VKI,Financials,SECTOR_FINANCIALS,17,3,14,17.65,0.4897,-0.2839,-4.2517,-425.17,3.8162,-1.5516,10.0,-3.954,408.02,833.19,-5.2073,-3.157,-7.992,-0.8165,21.2,189,0,17,low_profit_factor(0.49); negative_expectancy(-0.284)
GSHD,Financials,SECTOR_FINANCIALS,22,5,17,22.73,0.6558,-0.2842,-5.2923,-529.23,16.0246,-8.424,31.1719,-27.1382,1008.51,1537.74,-7.7375,-3.409,-6.8905,-0.684,10.8,45,2,20,low_profit_factor(0.66); negative_expectancy(-0.284)
CZFS,Financials,SECTOR_FINANCIALS,12,3,9,25.0,0.4855,-0.2849,-2.8674,-286.74,7.9371,-5.5037,21.0189,-9.3433,270.62,557.36,-5.0663,-4.1171,-10.3403,-0.566,10.3,40,0,12,low_profit_factor(0.49); negative_expectancy(-0.285)
NAD,Financials,SECTOR_FINANCIALS,20,4,16,20.0,0.5251,-0.2853,-5.7792,-577.92,3.5489,-1.5582,10.1266,-4.5627,638.92,1216.84,-6.488,-2.9015,-7.5423,-0.8907,14.2,128,0,20,low_profit_factor(0.53); negative_expectancy(-0.285)
SAFT,Financials,SECTOR_FINANCIALS,15,4,11,26.67,0.417,-0.2868,-4.9581,-495.81,3.7418,-3.2133,7.9277,-4.7319,354.66,850.47,-6.1826,-5.8092,-13.5772,-0.8019,9.6,24,0,15,low_profit_factor(0.42); negative_expectancy(-0.287)
SPB,Consumer Staples,SECTOR_CONSUMER_STAPLES,19,5,14,26.32,0.4978,-0.2875,-4.9675,-496.75,6.8817,-4.4864,23.8042,-8.5548,492.49,989.24,-6.3488,-3.2507,-9.3424,-0.7824,10.2,47,2,17,low_profit_factor(0.50); negative_expectancy(-0.287)
VSH,Technology,SECTOR_TECHNOLOGY,25,5,20,20.0,0.572,-0.2875,-6.9151,-691.51,12.768,-4.8895,22.791,-8.5699,924.29,1615.8,-10.2437,-2.6197,-9.3857,-0.6751,11.1,43,0,25,low_profit_factor(0.57); negative_expectancy(-0.287)
ITW,Industrials,SECTOR_INDUSTRIALS,23,7,16,30.43,0.5276,-0.2883,-5.5679,-556.79,3.9289,-2.7438,11.5985,-4.9117,621.93,1178.72,-7.4688,-2.8995,-9.9087,-0.7455,10.8,48,0,23,low_profit_factor(0.53); negative_expectancy(-0.288)
DVAX,Healthcare,SECTOR_HEALTHCARE,20,7,13,35.0,0.4636,-0.2884,-5.271,-527.1,6.8737,-5.2874,27.5336,-8.1682,455.61,982.71,-7.0052,-2.0182,-8.0239,-0.7524,12.0,39,0,20,low_profit_factor(0.46); negative_expectancy(-0.288)
MAT,Consumer Discretionary,SECTOR_CONSUMER_DISCRETIONARY,18,7,11,38.89,0.4381,-0.2885,-4.5588,-455.88,2.5005,-4.1651,6.7244,-6.0041,355.51,811.39,-4.893,-6.3887,-13.5261,-0.9317,9.5,23,0,18,low_profit_factor(0.44); negative_expectancy(-0.288)
VPG,Technology,SECTOR_TECHNOLOGY,20,6,14,30.0,0.5866,-0.2889,-4.7218,-472.18,6.6856,-5.5799,12.2663,-12.1112,670.01,1142.19,-9.6639,-4.5209,-10.1613,-0.4886,8.4,22,0,20,low_profit_factor(0.59); negative_expectancy(-0.289)
HAYW,Industrials,SECTOR_INDUSTRIALS,23,6,17,26.09,0.3825,-0.2895,-7.0553,-705.53,6.0654,-4.6212,24.8852,-9.9502,437.09,1142.62,-7.9349,-4.1167,-9.7713,-0.8892,7.8,24,0,23,low_profit_factor(0.38); negative_expectancy(-0.289)
NUVB,Healthcare,SECTOR_HEALTHCARE,18,6,12,33.33,0.4873,-0.2895,-5.1594,-515.94,9.9179,-9.4299,15.1724,-13.2373,490.34,1006.28,-7.7597,-4.6168,-13.2111,-0.6649,12.7,40,1,17,low_profit_factor(0.49); negative_expectancy(-0.289)
GT,Consumer Discretionary,SECTOR_CONSUMER_DISCRETIONARY,20,4,16,20.0,0.5726,-0.2903,-5.2663,-526.63,14.1997,-6.1928,20.7921,-10.767,705.51,1232.14,-7.893,-3.6585,-11.1138,-0.6672,10.7,33,0,20,low_profit_factor(0.57); negative_expectancy(-0.290)
BBDC,Financials,SECTOR_FINANCIALS,19,4,15,21.05,0.5326,-0.2905,-5.4341,-543.41,5.9508,-2.6719,12.9936,-5.2139,619.14,1162.55,-5.7873,-3.1527,-9.0205,-0.939,15.8,74,0,19,low_profit_factor(0.53); negative_expectancy(-0.290)
TXO,Energy,SECTOR_ENERGY,5,2,3,40.0,0.5308,-0.2912,-1.3184,-131.84,4.6813,-4.8302,6.7265,-4.9921,149.12,280.96,-2.7812,-3.0102,-78.824,-0.474,6.8,18,0,5,low_profit_factor(0.53); negative_expectancy(-0.291)
ASGN,Technology,SECTOR_TECHNOLOGY,15,5,10,33.33,0.462,-0.292,-4.7604,-476.04,5.241,-5.0867,11.9142,-8.2973,408.79,884.83,-5.9025,-4.4122,-12.4983,-0.8065,18.6,92,0,15,low_profit_factor(0.46); negative_expectancy(-0.292)
CEVA,Technology,SECTOR_TECHNOLOGY,16,4,12,25.0,0.673,-0.293,-4.1918,-419.18,17.2596,-7.9953,29.2594,-15.5225,862.54,1281.72,-7.5406,-2.0905,-6.7944,-0.5559,15.7,87,1,15,low_profit_factor(0.67); negative_expectancy(-0.293)
ASG,Financials,SECTOR_FINANCIALS,19,6,13,31.58,0.5005,-0.2937,-5.2806,-528.06,3.1708,-3.0226,5.4614,-6.2508,529.2,1057.26,-5.2806,-4.9873,-10.2611,-1.0,12.1,32,0,19,low_profit_factor(0.50); negative_expectancy(-0.294)
RUN,Technology,SECTOR_TECHNOLOGY,20,7,13,35.0,0.4932,-0.2943,-5.3819,-538.19,10.8171,-12.0815,42.0765,-20.0,523.71,1061.9,-5.3819,-4.458,-12.5257,-1.0,9.7,25,0,20,low_profit_factor(0.49); negative_expectancy(-0.294)
PPT,Financials,SECTOR_FINANCIALS,17,6,11,35.29,0.463,-0.2945,-4.9753,-497.53,1.9149,-1.9607,4.3716,-3.494,429.03,926.56,-6.0437,-4.2314,-12.9193,-0.8232,14.8,71,0,17,low_profit_factor(0.46); negative_expectancy(-0.294)
DNOW,Industrials,SECTOR_INDUSTRIALS,15,3,12,20.0,0.5882,-0.2952,-3.7891,-378.91,12.6391,-5.0654,20.4584,-6.7087,541.28,920.19,-4.7595,-3.0236,-12.6401,-0.7961,7.8,21,0,15,low_profit_factor(0.59); negative_expectancy(-0.295)
APLS,Healthcare,SECTOR_HEALTHCARE,20,4,16,20.0,0.5589,-0.2953,-5.2053,-520.53,16.9931,-8.5772,33.7643,-15.5907,659.42,1179.95,-7.5288,-4.5015,-15.9244,-0.6914,12.2,39,1,19,low_profit_factor(0.56); negative_expectancy(-0.295)
MCD,Consumer Discretionary,SECTOR_CONSUMER_DISCRETIONARY,14,4,10,28.57,0.5356,-0.2964,-3.7252,-372.52,4.2096,-2.5633,7.961,-6.1635,429.57,802.09,-5.9283,-2.493,-6.4242,-0.6284,8.6,30,0,14,low_profit_factor(0.54); negative_expectancy(-0.296)
D,Utilities,SECTOR_UTILITIES,14,2,12,14.29,0.4928,-0.2969,-3.9583,-395.83,9.8483,-2.6974,15.7779,-4.5831,384.52,780.35,-4.7259,-2.7134,-9.6419,-0.8376,18.2,137,0,14,low_profit_factor(0.49); negative_expectancy(-0.297)
CMP,Materials,SECTOR_MATERIALS,19,4,15,21.05,0.603,-0.2975,-5.4167,-541.67,20.482,-7.8966,69.9301,-11.7414,822.82,1364.49,-11.8778,-1.6773,-12.7891,-0.456,8.9,29,0,19,low_profit_factor(0.60); negative_expectancy(-0.297)
FSK,Financials,SECTOR_FINANCIALS,19,7,12,36.84,0.5101,-0.2976,-5.3577,-535.77,2.6292,-3.001,5.5157,-7.437,557.8,1093.57,-7.2755,-4.3931,-7.5922,-0.7364,12.9,38,1,18,low_profit_factor(0.51); negative_expectancy(-0.298)
BWFG,Financials,SECTOR_FINANCIALS,16,5,11,31.25,0.556,-0.2986,-4.0759,-407.59,5.7944,-4.2304,9.7854,-10.8928,510.49,918.08,-5.3643,-3.0565,-6.028,-0.7598,15.9,97,1,15,low_profit_factor(0.56); negative_expectancy(-0.299)
MOH,Healthcare,SECTOR_HEALTHCARE,15,4,11,26.67,0.3486,-0.2989,-4.892,-489.2,5.3575,-4.3347,14.688,-16.2936,261.82,751.02,-6.502,-4.1853,-5.8826,-0.7524,13.9,38,3,12,low_profit_factor(0.35); negative_expectancy(-0.299)
VVX,Industrials,SECTOR_INDUSTRIALS,29,10,19,34.48,0.5194,-0.2992,-7.8124,-781.24,4.9117,-6.1301,15.6224,-10.4433,844.48,1625.72,-10.4164,-5.7398,-12.8364,-0.75,9.1,30,1,28,low_profit_factor(0.52); negative_expectancy(-0.299)
DPZ,Consumer Discretionary,SECTOR_CONSUMER_DISCRETIONARY,20,3,17,15.0,0.4823,-0.3,-4.8083,-480.83,7.18,-3.141,14.3928,-6.5855,447.9,928.73,-4.8083,-5.3434,-11.6172,-1.0,15.5,70,0,20,low_profit_factor(0.48); negative_expectancy(-0.300)
MGPI,Consumer Staples,SECTOR_CONSUMER_STAPLES,5,1,4,20.0,0.6006,-0.3,-1.6035,-160.35,14.1511,-7.3523,14.1511,-9.0028,241.12,401.47,-2.0335,-5.011,-42.4033,-0.7885,16.2,34,0,5,low_profit_factor(0.60); negative_expectancy(-0.300)
GIG,Financials,SECTOR_FINANCIALS,13,4,9,30.77,0.5591,-0.3,-3.1547,-315.47,0.7442,-3.8591,1.1374,-31.8665,400.08,715.55,-3.3438,-4.3772,-3.4864,-0.9434,9.5,39,0,13,low_profit_factor(0.56); negative_expectancy(-0.300)
CMCSA,Communication Services,SECTOR_COMMUNICATION_SERVICES,19,3,16,15.79,0.5074,-0.3002,-5.5916,-559.16,9.3553,-3.2486,12.0468,-5.1312,575.91,1135.07,-6.6761,-3.9548,-11.3661,-0.8376,12.7,46,0,19,low_profit_factor(0.51); negative_expectancy(-0.300)
RPRX,Healthcare,SECTOR_HEALTHCARE,21,5,16,23.81,0.4393,-0.3004,-6.2277,-622.77,4.3165,-3.0196,11.5655,-4.8924,487.91,1110.68,-9.3314,-5.108,-15.358,-0.6674,8.2,37,0,21,low_profit_factor(0.44); negative_expectancy(-0.300)
WEYS,Consumer Discretionary,SECTOR_CONSUMER_DISCRETIONARY,18,4,14,22.22,0.1683,-0.3012,-4.7766,-477.66,1.5508,-2.826,3.1613,-6.194,96.69,574.35,-5.0622,-11.4108,-15.1123,-0.9436,6.8,15,0,18,low_profit_factor(0.17); negative_expectancy(-0.301)
EDD,Financials,SECTOR_FINANCIALS,26,9,17,34.62,0.3221,-0.3014,-7.4452,-744.52,1.1626,-1.9247,3.304,-4.4181,353.77,1098.29,-8.0623,-7.2291,-11.6758,-0.9235,8.7,30,1,25,low_profit_factor(0.32); negative_expectancy(-0.301)
CAC,Financials,SECTOR_FINANCIALS,17,4,13,23.53,0.4981,-0.3016,-4.954,-495.4,7.2493,-4.5577,12.7857,-7.9391,491.7,987.1,-6.7302,-4.9633,-15.5687,-0.7361,12.1,45,0,17,low_profit_factor(0.50); negative_expectancy(-0.302)
LNT,Utilities,SECTOR_UTILITIES,20,5,15,25.0,0.4573,-0.3019,-6.1622,-616.22,3.0714,-2.8076,6.0606,-5.6667,519.28,1135.5,-6.9494,-6.8141,-13.2195,-0.8867,11.4,60,0,20,low_profit_factor(0.46); negative_expectancy(-0.302)
DIN,Consumer Discretionary,SECTOR_CONSUMER_DISCRETIONARY,16,6,10,37.5,0.4766,-0.3019,-4.6887,-468.87,5.6774,-7.4231,11.1333,-10.4312,427.01,895.88,-7.9538,-5.5921,-18.397,-0.5895,11.9,40,0,16,low_profit_factor(0.48); negative_expectancy(-0.302)
WCC,Industrials,SECTOR_INDUSTRIALS,18,6,12,33.33,0.5017,-0.3026,-4.8868,-488.68,5.4013,-5.0371,15.8319,-16.3502,491.93,980.61,-7.4015,-3.6403,-6.0488,-0.6602,9.8,31,0,18,low_profit_factor(0.50); negative_expectancy(-0.303)
MGM,Consumer Discretionary,SECTOR_CONSUMER_DISCRETIONARY,19,7,12,36.84,0.5292,-0.3029,-5.7205,-572.05,5.2193,-6.0296,10.9082,-8.2451,643.02,1215.07,-6.7009,-5.0015,-22.5215,-0.8537,10.8,39,0,19,low_profit_factor(0.53); negative_expectancy(-0.303)
SYY,Consumer Staples,SECTOR_CONSUMER_STAPLES,19,3,16,15.79,0.4907,-0.303,-5.3178,-531.78,6.2022,-2.3664,9.4379,-4.069,512.39,1044.17,-8.2654,-4.2806,-14.1313,-0.6434,8.4,28,0,19,low_profit_factor(0.49); negative_expectancy(-0.303)
RGNX,Healthcare,SECTOR_HEALTHCARE,16,6,10,37.5,0.5669,-0.3042,-3.9974,-399.74,10.1517,-12.0368,18.3551,-16.8442,523.23,922.97,-4.9943,-4.8983,-18.2346,-0.8004,10.6,25,0,16,low_profit_factor(0.57); negative_expectancy(-0.304)
CRD-A,Financials,SECTOR_FINANCIALS,21,5,16,23.81,0.4734,-0.3047,-6.5075,-650.75,9.6928,-6.2514,28.2544,-10.094,585.09,1235.84,-7.5735,-4.3775,-14.7795,-0.8593,10.7,42,0,21,low_profit_factor(0.47); negative_expectancy(-0.305)
ROP,Technology,SECTOR_TECHNOLOGY,22,5,17,22.73,0.4728,-0.3052,-5.8966,-589.66,4.086,-2.3018,5.5882,-4.4957,528.87,1118.53,-7.358,-4.2718,-9.5393,-0.8014,9.6,31,0,22,low_profit_factor(0.47); negative_expectancy(-0.305)
GCBC,Financials,SECTOR_FINANCIALS,13,3,10,23.08,0.4704,-0.3056,-4.3768,-437.68,14.5929,-6.6313,34.0777,-8.3732,388.8,826.48,-7.9475,-2.3182,-13.6288,-0.5507,13.2,64,0,13,low_profit_factor(0.47); negative_expectancy(-0.306)
DSL,Financials,SECTOR_FINANCIALS,16,5,11,31.25,0.3456,-0.3056,-4.8971,-489.71,1.217,-2.1223,2.5327,-4.7076,258.61,748.32,-7.3702,-8.6409,-13.6441,-0.6644,20.6,90,2,14,low_profit_factor(0.35); negative_expectancy(-0.306)
GCO,Consumer Discretionary,SECTOR_CONSUMER_DISCRETIONARY,19,5,14,26.32,0.633,-0.306,-5.1541,-515.41,18.6235,-9.1725,31.3076,-29.8371,888.99,1404.4,-6.8206,-2.02,-4.6318,-0.7557,15.4,107,2,17,low_profit_factor(0.63); negative_expectancy(-0.306)
ETO,Financials,SECTOR_FINANCIALS,23,7,16,30.43,0.3656,-0.3065,-6.8854,-688.54,1.8721,-2.0244,6.3839,-5.7023,396.73,1085.27,-7.4431,-5.2791,-8.805,-0.9251,9.8,41,0,23,low_profit_factor(0.37); negative_expectancy(-0.306)
YEXT,Technology,SECTOR_TECHNOLOGY,19,6,13,31.58,0.5934,-0.3073,-4.8719,-487.19,9.5346,-7.0725,29.7475,-11.8826,711.08,1198.27,-8.2918,-2.7324,-8.8646,-0.5876,10.7,40,2,17,low_profit_factor(0.59); negative_expectancy(-0.307)
RPD,Technology,SECTOR_TECHNOLOGY,11,2,9,18.18,0.5706,-0.3084,-3.3609,-336.09,21.73,-7.3463,35.5256,-11.1763,446.55,782.64,-5.5476,-2.4188,-11.6329,-0.6058,30.7,158,2,9,low_profit_factor(0.57); negative_expectancy(-0.308)
DHR,Healthcare,SECTOR_HEALTHCARE,22,7,15,31.82,0.329,-0.3085,-6.3253,-632.53,2.185,-3.1292,4.0081,-6.2716,310.14,942.67,-6.3253,-7.4495,-12.4985,-1.0,9.3,23,0,22,low_profit_factor(0.33); negative_expectancy(-0.308)
BEAM,Healthcare,SECTOR_HEALTHCARE,15,3,12,20.0,0.6057,-0.3088,-3.8024,-380.24,28.3902,-11.284,34.5604,-20.962,584.02,964.26,-4.4639,-3.0888,-11.6989,-0.8518,14.2,41,2,13,low_profit_factor(0.61); negative_expectancy(-0.309)
AOS,Industrials,SECTOR_INDUSTRIALS,22,7,15,31.82,0.4554,-0.3095,-6.7403,-674.03,3.6176,-3.8739,10.1739,-8.2748,563.56,1237.59,-6.7403,-5.4623,-11.9113,-1.0,9.8,26,1,21,low_profit_factor(0.46); negative_expectancy(-0.309)
LEO,Financials,SECTOR_FINANCIALS,21,4,17,19.05,0.4342,-0.3097,-6.2172,-621.72,2.8628,-1.8064,6.7029,-3.6602,477.17,1098.89,-7.1258,-5.7923,-11.3901,-0.8725,12.0,36,0,21,low_profit_factor(0.43); negative_expectancy(-0.310)
COHU,Technology,SECTOR_TECHNOLOGY,18,4,14,22.22,0.4639,-0.3098,-5.6917,-569.17,9.875,-4.9831,20.6858,-9.9802,492.44,1061.61,-8.1041,-3.4773,-7.993,-0.7023,18.1,113,0,18,low_profit_factor(0.46); negative_expectancy(-0.310)
UNF,Industrials,SECTOR_INDUSTRIALS,19,6,13,31.58,0.4869,-0.3098,-5.7184,-571.84,6.119,-4.4029,14.5355,-5.7082,542.73,1114.57,-8.4846,-2.9652,-17.308,-0.674,17.1,48,2,17,low_profit_factor(0.49); negative_expectancy(-0.310)
PBYI,Healthcare,SECTOR_HEALTHCARE,21,5,16,23.81,0.5071,-0.31,-6.5696,-656.96,17.4118,-10.2888,42.8571,-20.7012,675.87,1332.83,-7.7484,-3.6873,-9.6317,-0.8479,11.5,71,0,21,low_profit_factor(0.51); negative_expectancy(-0.310)
KRO,Materials,SECTOR_MATERIALS,12,3,9,25.0,0.5675,-0.3101,-3.4154,-341.54,10.8925,-6.9029,16.9458,-10.0339,448.06,789.6,-4.8381,-4.3658,-17.6996,-0.7059,18.8,50,2,10,low_profit_factor(0.57); negative_expectancy(-0.310)
PRCT,Healthcare,SECTOR_HEALTHCARE,13,5,8,38.46,0.3998,-0.3102,-3.8546,-385.46,5.3109,-8.1327,16.3201,-13.7156,256.81,642.27,-3.8546,-5.5733,-10.6698,-1.0,12.5,47,0,13,low_profit_factor(0.40); negative_expectancy(-0.310)
PFLT,Financials,SECTOR_FINANCIALS,17,4,13,23.53,0.5604,-0.3109,-4.847,-484.7,6.0316,-2.8669,11.7755,-4.6771,618.01,1102.71,-6.3571,-2.7668,-10.4521,-0.7625,15.4,55,0,17,low_profit_factor(0.56); negative_expectancy(-0.311)
AMCX,Communication Services,SECTOR_COMMUNICATION_SERVICES,15,3,12,20.0,0.6222,-0.3113,-4.1454,-414.54,20.4075,-8.7479,34.32,-11.3691,682.63,1097.17,-7.7506,-3.5314,-18.6325,-0.5348,12.8,38,1,14,low_profit_factor(0.62); negative_expectancy(-0.311)
BMRN,Healthcare,SECTOR_HEALTHCARE,17,5,12,29.41,0.4739,-0.3115,-4.8769,-487.69,5.1667,-3.9159,9.4891,-5.9306,439.22,926.91,-5.2363,-4.0301,-14.6047,-0.9314,13.9,51,0,17,low_profit_factor(0.47); negative_expectancy(-0.311)
METC,Materials,SECTOR_MATERIALS,19,4,15,21.05,0.483,-0.3115,-6.6605,-666.05,24.7261,-9.695,55.3618,-18.057,622.17,1288.22,-10.2437,-2.2413,-8.999,-0.6502,11.6,38,1,18,low_profit_factor(0.48); negative_expectancy(-0.311)
NBIX,Healthcare,SECTOR_HEALTHCARE,20,6,14,30.0,0.5203,-0.3121,-5.6728,-567.28,5.8446,-4.2678,14.9588,-8.8961,615.27,1182.55,-6.3193,-3.3572,-8.7356,-0.8977,12.3,38,0,20,low_profit_factor(0.52); negative_expectancy(-0.312)
WFRD,Energy,SECTOR_ENERGY,9,2,7,22.22,0.3683,-0.3123,-2.7316,-273.16,6.8023,-5.3296,13.1133,-11.8259,159.27,432.43,-2.8144,-5.866,-10.3582,-0.9706,11.1,47,1,8,low_profit_factor(0.37); negative_expectancy(-0.312)
CHI,Financials,SECTOR_FINANCIALS,19,5,14,26.32,0.37,-0.3129,-5.1552,-515.52,3.163,-2.4251,7.3327,-5.8704,302.82,818.34,-5.8086,-4.4823,-8.4177,-0.8875,15.2,105,1,18,low_profit_factor(0.37); negative_expectancy(-0.313)
JJSF,Consumer Staples,SECTOR_CONSUMER_STAPLES,16,4,12,25.0,0.3426,-0.3133,-4.3286,-432.86,3.5702,-2.9407,7.1495,-6.7533,225.59,658.45,-6.4558,-5.6058,-9.0671,-0.6705,12.1,41,1,15,low_profit_factor(0.34); negative_expectancy(-0.313)
NVG,Financials,SECTOR_FINANCIALS,22,6,16,27.27,0.4948,-0.3145,-6.687,-668.7,2.2956,-1.7743,7.2529,-3.6362,654.9,1323.6,-6.687,-4.3438,-9.7581,-1.0,15.0,127,1,21,low_profit_factor(0.49); negative_expectancy(-0.315)
PEP,Consumer Staples,SECTOR_CONSUMER_STAPLES,13,4,9,30.77,0.5253,-0.3149,-3.5727,-357.27,3.4932,-2.6703,9.0573,-5.1617,395.42,752.69,-6.2398,-3.3119,-9.5226,-0.5726,8.8,38,0,13,low_profit_factor(0.53); negative_expectancy(-0.315)
MCW,Consumer Discretionary,SECTOR_CONSUMER_DISCRETIONARY,14,5,9,35.71,0.4786,-0.3156,-4.2349,-423.49,7.1151,-7.4118,28.2371,-11.797,388.65,812.14,-4.5119,-3.5589,-17.196,-0.9386,11.5,35,0,14,low_profit_factor(0.48); negative_expectancy(-0.316)
TECH,Healthcare,SECTOR_HEALTHCARE,18,4,14,22.22,0.4465,-0.3161,-5.2733,-527.33,6.681,-4.6245,14.0567,-8.2708,425.4,952.73,-5.9369,-5.8619,-13.0777,-0.8882,14.8,67,0,18,low_profit_factor(0.45); negative_expectancy(-0.316)
NDMO,Financials,SECTOR_FINANCIALS,18,3,15,16.67,0.427,-0.3167,-5.4056,-540.56,4.2993,-2.2538,5.9875,-5.7355,402.78,943.34,-6.4117,-5.9463,-9.757,-0.8431,12.8,37,0,18,low_profit_factor(0.43); negative_expectancy(-0.317)
NUVL,Healthcare,SECTOR_HEALTHCARE,8,3,5,37.5,0.1394,-0.3167,-2.4204,-242.04,1.2227,-5.3464,1.7921,-10.3731,39.22,281.26,-2.4204,-9.837,-10.9343,-1.0,8.1,22,0,8,low_profit_factor(0.14); negative_expectancy(-0.317)
QS,Consumer Discretionary,SECTOR_CONSUMER_DISCRETIONARY,18,3,15,16.67,0.6388,-0.3167,-5.7061,-570.61,43.6629,-13.0303,90.5097,-25.1166,1009.02,1579.63,-14.4925,-2.179,-15.4607,-0.3937,11.8,62,0,18,low_profit_factor(0.64); negative_expectancy(-0.317)
SAR,Financials,SECTOR_FINANCIALS,17,4,13,23.53,0.5362,-0.3171,-4.6178,-461.78,6.9335,-2.6606,12.4945,-4.6495,533.82,995.6,-6.3652,-1.3356,-4.9575,-0.7255,11.7,43,0,17,low_profit_factor(0.54); negative_expectancy(-0.317)
BIPC,Utilities,SECTOR_UTILITIES,18,5,13,27.78,0.2678,-0.3176,-5.5601,-556.01,1.9331,-3.25,5.3012,-7.204,203.32,759.33,-6.6541,-8.8821,-12.2629,-0.8356,13.3,89,0,18,low_profit_factor(0.27); negative_expectancy(-0.318)
DTE,Utilities,SECTOR_UTILITIES,21,5,16,23.81,0.309,-0.3179,-6.9312,-693.12,2.6603,-2.2424,8.0737,-5.0068,309.92,1003.04,-6.9312,-6.0399,-12.136,-1.0,11.6,72,1,20,low_profit_factor(0.31); negative_expectancy(-0.318)
AB,Financials,SECTOR_FINANCIALS,17,2,15,11.76,0.4319,-0.3182,-5.1661,-516.61,9.8839,-3.1186,15.9344,-7.6562,392.75,909.36,-5.1661,-4.6784,-9.7597,-1.0,12.0,37,0,17,low_profit_factor(0.43); negative_expectancy(-0.318)
SLDB,Healthcare,SECTOR_HEALTHCARE,16,3,13,18.75,0.5922,-0.3184,-4.3704,-437.04,39.5454,-13.7783,59.8187,-20.4362,634.56,1071.6,-6.6536,-2.4506,-13.0448,-0.6568,13.8,41,0,16,low_profit_factor(0.59); negative_expectancy(-0.318)
UFCS,Financials,SECTOR_FINANCIALS,17,5,12,29.41,0.4659,-0.3188,-5.2484,-524.84,6.1705,-4.8092,21.9672,-6.8074,457.78,982.62,-7.6634,-3.5894,-15.5951,-0.6849,9.7,29,0,17,low_profit_factor(0.47); negative_expectancy(-0.319)
PTY,Financials,SECTOR_FINANCIALS,22,6,16,27.27,0.4879,-0.3189,-6.0868,-608.68,1.8869,-2.3658,3.6162,-4.6309,579.94,1188.62,-8.3416,-7.7887,-11.7038,-0.7297,10.6,33,0,22,low_profit_factor(0.49); negative_expectancy(-0.319)
TYL,Technology,SECTOR_TECHNOLOGY,22,6,16,27.27,0.3847,-0.3192,-6.5387,-653.87,3.2706,-3.2984,6.4723,-6.8278,408.79,1062.66,-6.5387,-6.4746,-10.7276,-1.0,10.3,58,0,22,low_profit_factor(0.38); negative_expectancy(-0.319)
FAX,Financials,SECTOR_FINANCIALS,17,5,12,29.41,0.5247,-0.3192,-4.8536,-485.36,4.5438,-2.5169,14.6825,-7.3187,535.74,1021.1,-7.4478,-1.4655,-3.6637,-0.6517,13.8,56,1,16,low_profit_factor(0.52); negative_expectancy(-0.319)
CTVA,Materials,SECTOR_MATERIALS,17,4,13,23.53,0.4941,-0.3197,-5.2663,-526.63,6.3857,-3.3481,19.2493,-5.3489,514.35,1040.98,-7.4795,-2.9104,-12.8738,-0.7041,10.5,46,0,17,low_profit_factor(0.49); negative_expectancy(-0.320)
BZH,Consumer Discretionary,SECTOR_CONSUMER_DISCRETIONARY,20,6,14,30.0,0.4647,-0.3197,-6.3206,-632.06,7.0722,-6.8412,17.6949,-13.0013,548.72,1180.78,-6.3206,-5.3661,-12.1051,-1.0,13.3,75,0,20,low_profit_factor(0.46); negative_expectancy(-0.320)
SRPT,Healthcare,SECTOR_HEALTHCARE,20,4,16,20.0,0.5804,-0.3201,-5.5154,-551.54,15.5238,-8.2244,33.9017,-31.873,762.8,1314.34,-7.4473,-4.2252,-7.342,-0.7406,10.9,41,2,18,low_profit_factor(0.58); negative_expectancy(-0.320)
HFRO,Financials,SECTOR_FINANCIALS,10,3,7,30.0,0.5749,-0.3203,-2.8025,-280.25,4.491,-4.6023,9.8566,-6.7285,379.07,659.32,-6.581,-5.8876,-21.1034,-0.4258,19.6,29,0,10,low_profit_factor(0.57); negative_expectancy(-0.320)
SNCY,Industrials,SECTOR_INDUSTRIALS,18,5,13,27.78,0.4845,-0.3208,-5.8038,-580.38,11.4499,-8.6368,21.3821,-20.0333,545.53,1125.91,-7.865,-4.4171,-10.0236,-0.7379,17.4,38,1,17,low_profit_factor(0.48); negative_expectancy(-0.321)
CET,Financials,SECTOR_FINANCIALS,26,5,21,19.23,0.3958,-0.3212,-7.5052,-750.52,1.6002,-1.6717,5.715,-5.3878,491.7,1242.22,-8.9462,-7.9929,-11.3795,-0.8389,10.2,39,0,26,low_profit_factor(0.40); negative_expectancy(-0.321)
WTRG,Utilities,SECTOR_UTILITIES,19,5,14,26.32,0.3401,-0.3226,-6.6599,-665.99,3.3433,-2.7034,6.9655,-4.624,343.2,1009.19,-7.9397,-5.4381,-12.1556,-0.8388,7.3,17,0,19,low_profit_factor(0.34); negative_expectancy(-0.323)
EVH,Healthcare,SECTOR_HEALTHCARE,13,3,10,23.08,0.2746,-0.323,-4.0074,-400.74,6.0878,-4.809,15.7088,-10.8478,151.73,552.47,-4.0897,-5.249,-8.5248,-0.9799,13.7,70,0,13,low_profit_factor(0.27); negative_expectancy(-0.323)
KODK,Industrials,SECTOR_INDUSTRIALS,23,7,16,30.43,0.4002,-0.323,-7.9106,-791.06,7.9807,-8.611,30.9524,-12.277,527.88,1318.94,-7.9106,-5.8465,-25.4708,-1.0,9.4,23,0,23,low_profit_factor(0.40); negative_expectancy(-0.323)
FIGS,Consumer Discretionary,SECTOR_CONSUMER_DISCRETIONARY,17,4,13,23.53,0.4641,-0.3234,-5.9999,-599.99,14.6436,-9.181,32.9506,-16.5116,519.63,1119.62,-9.1692,-4.2969,-12.8213,-0.6544,17.0,63,0,17,low_profit_factor(0.46); negative_expectancy(-0.323)
ITIC,Financials,SECTOR_FINANCIALS,28,10,18,35.71,0.3975,-0.324,-8.4325,-843.25,2.9702,-3.9124,7.0229,-6.3464,556.39,1399.64,-8.4325,-5.8661,-12.2805,-1.0,8.8,31,1,27,low_profit_factor(0.40); negative_expectancy(-0.324)
HYT,Financials,SECTOR_FINANCIALS,18,3,15,16.67,0.3955,-0.3243,-6.1342,-613.42,3.1188,-1.8125,5.7778,-3.8512,401.38,1014.8,-6.1342,-6.5382,-11.9726,-1.0,13.1,39,0,18,low_profit_factor(0.40); negative_expectancy(-0.324)
BTT,Financials,SECTOR_FINANCIALS,18,5,13,27.78,0.3724,-0.3245,-5.3204,-532.04,1.1007,-1.2212,3.5105,-2.7803,315.74,847.78,-5.3204,-6.207,-10.9786,-1.0,19.6,192,2,16,low_profit_factor(0.37); negative_expectancy(-0.325)
MEC,Industrials,SECTOR_INDUSTRIALS,23,6,17,26.09,0.494,-0.3246,-6.8965,-689.65,10.7547,-6.7604,49.2941,-20.3458,673.33,1362.98,-10.4668,-2.7576,-7.7616,-0.6589,9.4,32,1,22,low_profit_factor(0.49); negative_expectancy(-0.325)
SWK,Industrials,SECTOR_INDUSTRIALS,18,7,11,38.89,0.4172,-0.3247,-5.682,-568.2,3.4943,-5.8439,7.247,-12.8917,406.77,974.97,-6.7269,-6.3995,-10.4676,-0.8447,14.6,39,1,17,low_profit_factor(0.42); negative_expectancy(-0.325)
EBS,Healthcare,SECTOR_HEALTHCARE,24,5,19,20.83,0.3697,-0.325,-8.4475,-844.75,21.9245,-9.7854,58.1365,-20.1928,495.44,1340.19,-8.4475,-2.8026,-9.414,-1.0,9.3,39,2,22,low_profit_factor(0.37); negative_expectancy(-0.325)
DNA,Healthcare,SECTOR_HEALTHCARE,15,3,12,20.0,0.6162,-0.3259,-3.9331,-393.31,31.8512,-16.383,50.0,-22.7139,631.57,1024.88,-6.6804,-4.8897,-29.6774,-0.5888,12.7,45,1,14,low_profit_factor(0.62); negative_expectancy(-0.326)
ANGI,Communication Services,SECTOR_COMMUNICATION_SERVICES,15,4,11,26.67,0.5793,-0.3272,-4.3632,-436.32,17.8899,-11.1893,35.8209,-18.0479,600.8,1037.12,-6.3202,-3.3921,-11.6917,-0.6904,19.0,70,1,14,low_profit_factor(0.58); negative_expectancy(-0.327)
SCVL,Consumer Discretionary,SECTOR_CONSUMER_DISCRETIONARY,18,4,14,22.22,0.4938,-0.329,-5.4822,-548.22,9.7353,-6.6609,15.5008,-10.3758,534.75,1082.97,-6.7769,-6.1366,-15.7597,-0.809,12.2,28,0,18,low_profit_factor(0.49); negative_expectancy(-0.329)
FOA,Financials,SECTOR_FINANCIALS,15,2,13,13.33,0.5336,-0.3293,-4.4847,-448.47,40.4981,-11.4645,40.5063,-18.7761,513.04,961.51,-7.7574,-3.7526,-11.4468,-0.5781,11.0,42,0,15,low_profit_factor(0.53); negative_expectancy(-0.329)
ALB,Materials,SECTOR_MATERIALS,22,7,15,31.82,0.4579,-0.3299,-6.681,-668.1,7.53,-8.0979,15.0449,-11.6219,564.41,1232.51,-7.6262,-6.0262,-19.7493,-0.8761,11.7,59,0,22,low_profit_factor(0.46); negative_expectancy(-0.330)
WK,Technology,SECTOR_TECHNOLOGY,19,7,12,36.84,0.3951,-0.3299,-5.9328,-593.28,3.4266,-6.3926,12.5435,-10.6148,387.58,980.86,-6.6214,-7.4049,-14.7651,-0.896,10.0,28,0,19,low_profit_factor(0.40); negative_expectancy(-0.330)
CENT,Consumer Staples,SECTOR_CONSUMER_STAPLES,16,5,11,31.25,0.4585,-0.33,-5.0359,-503.59,4.9007,-4.8297,8.5895,-6.5881,426.48,930.07,-5.3285,-5.5537,-17.6178,-0.9451,15.9,46,0,16,low_profit_factor(0.46); negative_expectancy(-0.330)
WLKP,Materials,SECTOR_MATERIALS,14,4,10,28.57,0.4115,-0.3304,-4.2126,-421.26,3.0046,-3.1071,5.8185,-5.569,294.62,715.88,-5.6168,-6.2286,-11.3997,-0.75,9.0,15,1,13,low_profit_factor(0.41); negative_expectancy(-0.330)
PDYN,Technology,SECTOR_TECHNOLOGY,13,2,11,15.38,0.553,-0.3307,-3.8535,-385.35,45.4396,-17.2185,90.4762,-24.3389,476.64,861.99,-7.3127,-3.9077,-14.6518,-0.527,8.1,33,0,13,low_profit_factor(0.55); negative_expectancy(-0.331)
IDXX,Healthcare,SECTOR_HEALTHCARE,25,6,19,24.0,0.3446,-0.3309,-6.8171,-681.71,3.9461,-3.9323,6.875,-7.6859,358.38,1040.09,-6.8171,-7.8652,-13.7263,-1.0,9.4,27,1,24,low_profit_factor(0.34); negative_expectancy(-0.331)
ALKT,Technology,SECTOR_TECHNOLOGY,21,5,16,23.81,0.4718,-0.3311,-6.7369,-673.69,9.959,-6.7953,19.5603,-12.5864,601.79,1275.48,-6.7369,-5.4048,-15.3453,-1.0,12.0,35,0,21,low_profit_factor(0.47); negative_expectancy(-0.331)
SOLS,Materials,SECTOR_MATERIALS,6,1,5,16.67,0.5607,-0.3316,-2.1091,-210.91,19.2471,-22.7044,19.2471,-40.0,269.19,480.1,-4.801,-11.2058,-15.6919,-0.4393,10.2,16,1,5,low_profit_factor(0.56); negative_expectancy(-0.332)
VRRM,Technology,SECTOR_TECHNOLOGY,3,1,2,33.33,0.0098,-0.3322,-0.9881,-98.81,0.0396,-2.4705,0.0396,-4.8995,0.98,99.79,-0.9926,-9.1693,-7.5499,-0.9955,17.0,25,1,2,too_few_trades(3); low_profit_factor(0.01); negative_expectancy(-0.332)
FHTX,Healthcare,SECTOR_HEALTHCARE,19,8,11,42.11,0.332,-0.3348,-5.9357,-593.57,6.5374,-12.7208,14.5798,-23.1092,295.07,888.64,-6.7364,-6.4294,-10.8638,-0.8811,12.9,30,0,19,low_profit_factor(0.33); negative_expectancy(-0.335)
RQI,Financials,SECTOR_FINANCIALS,23,6,17,26.09,0.4403,-0.3351,-7.5651,-756.51,3.6222,-3.5969,6.4516,-7.1618,595.23,1351.74,-8.8881,-7.1303,-13.0532,-0.8512,9.3,30,1,22,low_profit_factor(0.44); negative_expectancy(-0.335)
LGIH,Consumer Discretionary,SECTOR_CONSUMER_DISCRETIONARY,17,3,14,17.65,0.3305,-0.3352,-5.6677,-566.77,10.113,-5.2574,22.7059,-10.8244,279.76,846.53,-6.571,-4.9368,-9.7359,-0.8625,14.5,57,1,16,low_profit_factor(0.33); negative_expectancy(-0.335)
NWE,Utilities,SECTOR_UTILITIES,21,4,17,19.05,0.3788,-0.3352,-6.8298,-682.98,4.3038,-2.3985,5.8416,-4.9447,416.39,1099.37,-8.3797,-5.8786,-12.4551,-0.815,8.0,34,0,21,low_profit_factor(0.38); negative_expectancy(-0.335)
GSBD,Financials,SECTOR_FINANCIALS,11,3,8,27.27,0.558,-0.3377,-3.0967,-309.67,4.0256,-2.8255,10.6116,-4.1838,390.89,700.56,-4.7252,-3.6312,-14.6025,-0.6554,20.4,77,1,10,low_profit_factor(0.56); negative_expectancy(-0.338)
TG,Industrials,SECTOR_INDUSTRIALS,21,5,16,23.81,0.4618,-0.3378,-6.737,-673.7,8.742,-5.1982,20.3774,-8.2157,578.09,1251.79,-8.3646,-4.2215,-13.2912,-0.8054,9.7,19,1,20,low_profit_factor(0.46); negative_expectancy(-0.338)
EEX,Communication Services,SECTOR_COMMUNICATION_SERVICES,19,5,14,26.32,0.3131,-0.3403,-6.0215,-602.15,6.6808,-5.8826,13.6564,-12.011,274.48,876.63,-7.7211,-5.7945,-10.9714,-0.7799,10.5,38,0,19,low_profit_factor(0.31); negative_expectancy(-0.340)
MLAB,Technology,SECTOR_TECHNOLOGY,12,4,8,33.33,0.4604,-0.3406,-3.8369,-383.69,8.2497,-8.489,16.4869,-11.9219,327.37,711.06,-4.0913,-5.0477,-23.8392,-0.9378,33.2,136,0,12,low_profit_factor(0.46); negative_expectancy(-0.341)
QTRX,Healthcare,SECTOR_HEALTHCARE,14,4,10,28.57,0.45,-0.3407,-4.4235,-442.35,14.1944,-9.8202,40.515,-15.449,361.92,804.27,-6.1223,-3.2335,-12.4145,-0.7225,17.4,125,0,14,low_profit_factor(0.45); negative_expectancy(-0.341)
AWR,Utilities,SECTOR_UTILITIES,16,5,11,31.25,0.4508,-0.3412,-5.6281,-562.81,4.6142,-3.5945,7.4342,-4.9106,461.93,1024.74,-6.7616,-3.8679,-19.8696,-0.8324,13.0,41,1,15,low_profit_factor(0.45); negative_expectancy(-0.341)
BDX,Healthcare,SECTOR_HEALTHCARE,12,3,9,25.0,0.414,-0.3438,-3.5842,-358.42,3.339,-2.9147,4.7896,-5.2072,253.21,611.63,-5.5084,-6.4783,-11.3117,-0.6507,14.1,59,0,12,low_profit_factor(0.41); negative_expectancy(-0.344)
SGRY,Healthcare,SECTOR_HEALTHCARE,14,6,8,42.86,0.4447,-0.3443,-4.9413,-494.13,7.3735,-9.9005,19.2822,-15.9665,395.76,889.89,-5.8929,-3.8638,-10.8436,-0.8385,14.9,29,0,14,low_profit_factor(0.44); negative_expectancy(-0.344)
NOG,Energy,SECTOR_ENERGY,11,2,9,18.18,0.4827,-0.3448,-3.5111,-351.11,9.0681,-5.544,16.5151,-10.289,327.58,678.69,-6.3407,-6.2767,-15.1807,-0.5537,14.1,55,0,11,low_profit_factor(0.48); negative_expectancy(-0.345)
SXT,Materials,SECTOR_MATERIALS,26,7,19,26.92,0.3958,-0.3467,-8.9339,-893.39,4.5488,-3.643,16.7385,-6.1665,585.34,1478.73,-13.665,-4.5605,-15.5824,-0.6538,8.2,20,0,26,low_profit_factor(0.40); negative_expectancy(-0.347)
DIAX,Financials,SECTOR_FINANCIALS,18,6,12,33.33,0.4433,-0.3478,-6.3321,-633.21,2.5388,-2.2283,7.7604,-6.4039,504.13,1137.34,-8.0244,-3.2032,-5.9653,-0.7891,16.7,53,0,18,low_profit_factor(0.44); negative_expectancy(-0.348)
BCSF,Financials,SECTOR_FINANCIALS,25,6,19,24.0,0.4027,-0.3479,-8.236,-823.6,3.2862,-2.8263,9.6264,-5.8297,555.26,1378.86,-8.3247,-5.9479,-10.915,-0.9894,11.1,38,2,23,low_profit_factor(0.40); negative_expectancy(-0.348)
DSGN,Healthcare,SECTOR_HEALTHCARE,15,2,13,13.33,0.5546,-0.3486,-5.1195,-511.95,33.6493,-12.0071,64.1129,-55.8502,637.5,1149.45,-5.9151,-3.9725,-6.6941,-0.8655,15.8,117,0,15,low_profit_factor(0.55); negative_expectancy(-0.349)
WIW,Financials,SECTOR_FINANCIALS,13,5,8,38.46,0.352,-0.3486,-4.6104,-461.04,0.8825,-2.0442,1.8497,-2.8421,250.47,711.51,-5.9311,-8.7135,-16.9664,-0.7773,26.4,175,1,12,low_profit_factor(0.35); negative_expectancy(-0.349)
GAB,Financials,SECTOR_FINANCIALS,17,4,13,23.53,0.2841,-0.3521,-6.0389,-603.89,1.9327,-2.2623,5.848,-5.1933,239.65,843.54,-6.1341,-7.9897,-13.2168,-0.9845,17.5,77,0,17,low_profit_factor(0.28); negative_expectancy(-0.352)
GO,Consumer Staples,SECTOR_CONSUMER_STAPLES,8,1,7,12.5,0.5363,-0.3533,-2.8664,-286.64,15.5502,-6.4002,15.5502,-11.3338,331.52,618.16,-5.0778,-6.9179,-16.8498,-0.5645,23.5,81,0,8,low_profit_factor(0.54); negative_expectancy(-0.353)
CATX,Healthcare,SECTOR_HEALTHCARE,20,4,16,20.0,0.2727,-0.354,-6.8614,-686.14,11.2572,-10.0636,25.0,-20.5607,257.3,943.44,-6.8614,-8.0576,-13.3619,-1.0,15.1,106,1,19,low_profit_factor(0.27); negative_expectancy(-0.354)
RCKT,Healthcare,SECTOR_HEALTHCARE,17,3,14,17.65,0.4489,-0.356,-5.4984,-549.84,19.9173,-9.3985,33.3637,-17.8888,447.84,997.68,-6.0847,-4.8728,-12.4796,-0.9036,14.5,87,2,15,low_profit_factor(0.45); negative_expectancy(-0.356)
JFR,Financials,SECTOR_FINANCIALS,14,5,9,35.71,0.3517,-0.3572,-4.9267,-492.67,1.285,-1.9044,2.2619,-3.4885,267.28,759.95,-5.2127,-6.8642,-14.2862,-0.9451,12.8,31,0,14,low_profit_factor(0.35); negative_expectancy(-0.357)
ON,Technology,SECTOR_TECHNOLOGY,8,1,7,12.5,0.5581,-0.3572,-2.4105,-241.05,37.5617,-6.1595,37.5617,-8.9474,304.4,545.45,-2.7531,-0.7081,-5.5557,-0.8756,13.5,56,1,7,low_profit_factor(0.56); negative_expectancy(-0.357)
BANC,Financials,SECTOR_FINANCIALS,21,3,18,14.29,0.3547,-0.3573,-7.1133,-711.33,6.978,-4.0234,8.3388,-8.8,391.07,1102.4,-9.0034,-8.3702,-14.7455,-0.7901,9.2,24,0,21,low_profit_factor(0.35); negative_expectancy(-0.357)
RLGT,Industrials,SECTOR_INDUSTRIALS,22,7,15,31.82,0.3558,-0.3586,-7.7765,-777.65,3.9853,-5.1336,8.4428,-9.0292,429.42,1207.07,-8.802,-7.2183,-18.1317,-0.8835,9.5,52,0,22,low_profit_factor(0.36); negative_expectancy(-0.359)
NEA,Financials,SECTOR_FINANCIALS,19,4,15,21.05,0.4776,-0.3589,-6.801,-680.1,3.5828,-1.764,9.3,-3.9526,621.68,1301.78,-6.801,-3.4726,-9.8358,-1.0,12.2,62,0,19,low_profit_factor(0.48); negative_expectancy(-0.359)
GDEN,Consumer Discretionary,SECTOR_CONSUMER_DISCRETIONARY,10,3,7,30.0,0.3549,-0.359,-3.5504,-355.04,5.0138,-5.4252,7.067,-8.2095,195.36,550.4,-3.9104,-6.5086,-13.1049,-0.9079,17.9,60,0,10,low_profit_factor(0.35); negative_expectancy(-0.359)
FSLY,Technology,SECTOR_TECHNOLOGY,19,5,14,26.32,0.4329,-0.3637,-6.1409,-614.09,10.0996,-9.2751,32.0019,-15.254,468.69,1082.78,-6.5142,-5.9247,-14.8343,-0.9427,12.0,42,2,17,low_profit_factor(0.43); negative_expectancy(-0.364)
CLBK,Financials,SECTOR_FINANCIALS,11,4,7,36.36,0.4242,-0.3646,-3.5961,-359.61,3.7352,-5.566,5.3784,-8.0686,264.94,624.55,-4.4661,-6.8627,-19.681,-0.8052,15.8,36,0,11,low_profit_factor(0.42); negative_expectancy(-0.365)
LCTX,Healthcare,SECTOR_HEALTHCARE,17,3,14,17.65,0.5149,-0.3654,-6.1728,-617.28,28.8798,-10.9988,50.0,-15.0248,655.26,1272.54,-10.0227,-3.6375,-21.7177,-0.6159,15.2,72,1,16,low_profit_factor(0.51); negative_expectancy(-0.365)
CTKB,Healthcare,SECTOR_HEALTHCARE,14,2,12,14.29,0.5797,-0.3656,-4.6578,-465.78,41.62,-9.8053,64.351,-12.821,642.53,1108.31,-7.7073,-1.8784,-19.0082,-0.6043,11.8,35,1,13,low_profit_factor(0.58); negative_expectancy(-0.366)
SBR,Energy,SECTOR_ENERGY,14,3,11,21.43,0.3972,-0.3666,-4.7821,-478.21,3.9985,-3.0786,6.912,-6.0519,315.15,793.36,-7.4891,-7.1067,-15.4332,-0.6385,9.4,30,0,14,low_profit_factor(0.40); negative_expectancy(-0.367)
APA,Energy,SECTOR_ENERGY,12,2,10,16.67,0.3151,-0.3671,-4.3507,-435.07,6.3563,-4.4931,9.5716,-10.4872,200.2,635.27,-5.8136,-8.0048,-13.1193,-0.7484,11.8,33,0,12,low_profit_factor(0.32); negative_expectancy(-0.367)
OSPN,Technology,SECTOR_TECHNOLOGY,20,5,15,25.0,0.4276,-0.3674,-7.035,-703.5,9.3515,-6.8043,27.4096,-11.316,525.59,1229.09,-8.9804,-4.92,-15.9976,-0.7834,10.9,28,1,19,low_profit_factor(0.43); negative_expectancy(-0.367)
CHY,Financials,SECTOR_FINANCIALS,21,5,16,23.81,0.3198,-0.3676,-7.3367,-733.67,2.6872,-2.2932,4.6667,-5.1613,344.86,1078.53,-7.3367,-6.7319,-12.0609,-1.0,12.4,54,0,21,low_profit_factor(0.32); negative_expectancy(-0.368)
AGCO,Industrials,SECTOR_INDUSTRIALS,18,6,12,33.33,0.2054,-0.3681,-5.9302,-593.02,1.5301,-3.9683,4.1249,-7.7703,153.33,746.35,-5.9302,-10.6429,-18.648,-1.0,11.7,38,1,17,low_profit_factor(0.21); negative_expectancy(-0.368)
GBAB,Financials,SECTOR_FINANCIALS,17,4,13,23.53,0.4441,-0.3684,-6.1328,-613.28,3.2699,-2.7308,6.8345,-4.6463,489.89,1103.17,-8.4018,-6.9316,-19.6147,-0.7299,16.1,88,0,17,low_profit_factor(0.44); negative_expectancy(-0.368)
VEEV,Healthcare,SECTOR_HEALTHCARE,26,6,20,23.08,0.4324,-0.3692,-7.8979,-789.79,6.5296,-4.4226,13.3587,-7.9794,601.63,1391.42,-8.3451,-5.5227,-13.6938,-0.9464,9.5,32,0,26,low_profit_factor(0.43); negative_expectancy(-0.369)
CWT,Utilities,SECTOR_UTILITIES,18,4,14,22.22,0.4022,-0.3696,-6.2769,-627.69,5.7284,-3.6114,7.3221,-5.3491,422.24,1049.93,-6.786,-5.6994,-15.6774,-0.925,9.4,24,0,18,low_profit_factor(0.40); negative_expectancy(-0.370)
FTHY,Financials,SECTOR_FINANCIALS,16,6,10,37.5,0.2584,-0.3701,-6.0533,-605.33,0.7768,-2.1803,1.6997,-4.6241,210.94,816.27,-6.6779,-9.289,-12.9958,-0.9065,14.0,33,0,16,low_profit_factor(0.26); negative_expectancy(-0.370)
ECVT,Materials,SECTOR_MATERIALS,21,5,16,23.81,0.5246,-0.3708,-7.264,-726.4,11.4935,-6.1756,20.6687,-13.0058,801.5,1527.9,-9.409,-3.5313,-9.3236,-0.772,14.3,74,0,21,low_profit_factor(0.52); negative_expectancy(-0.371)
IIIN,Industrials,SECTOR_INDUSTRIALS,18,4,14,22.22,0.4073,-0.3712,-6.428,-642.8,7.8393,-4.8059,20.5154,-10.7664,441.81,1084.61,-8.3705,-4.5435,-10.7758,-0.7679,9.3,28,0,18,low_profit_factor(0.41); negative_expectancy(-0.371)
RVTY,Healthcare,SECTOR_HEALTHCARE,12,3,9,25.0,0.4726,-0.3718,-4.0078,-400.78,7.0381,-4.7935,11.0338,-7.2193,359.13,759.91,-6.6641,-4.9916,-13.8367,-0.6014,29.5,114,0,12,low_profit_factor(0.47); negative_expectancy(-0.372)
PRKS,Consumer Discretionary,SECTOR_CONSUMER_DISCRETIONARY,17,3,14,17.65,0.1957,-0.3727,-6.078,-607.8,3.1472,-3.8137,4.8529,-8.6228,147.9,755.7,-6.382,-11.09,-15.5038,-0.9524,10.2,40,0,17,low_profit_factor(0.20); negative_expectancy(-0.373)
DBD,Technology,SECTOR_TECHNOLOGY,14,2,12,14.29,0.4627,-0.3744,-4.7271,-472.71,9.8809,-8.1532,16.8377,-32.1429,407.01,879.72,-7.7467,-7.9856,-9.5595,-0.6102,12.7,42,1,13,low_profit_factor(0.46); negative_expectancy(-0.374)
FFWM,Financials,SECTOR_FINANCIALS,13,4,9,30.77,0.4586,-0.3744,-5.1683,-516.83,14.7745,-10.4118,41.321,-23.0183,437.7,954.53,-6.9794,-2.6881,-7.9476,-0.7405,15.2,66,0,13,low_profit_factor(0.46); negative_expectancy(-0.374)
SYNA,Technology,SECTOR_TECHNOLOGY,17,5,12,29.41,0.4549,-0.3746,-5.8936,-589.36,8.9599,-7.323,19.1316,-12.2145,491.86,1081.22,-5.9681,-4.615,-15.8039,-0.9875,16.5,85,0,17,low_profit_factor(0.45); negative_expectancy(-0.375)
MCBS,Financials,SECTOR_FINANCIALS,22,5,17,22.73,0.284,-0.3753,-8.3703,-837.03,4.9439,-3.7137,19.0664,-6.4977,331.96,1168.99,-8.3703,-5.1568,-13.6416,-1.0,7.7,49,0,22,low_profit_factor(0.28); negative_expectancy(-0.375)
LAB,Healthcare,SECTOR_HEALTHCARE,14,4,10,28.57,0.414,-0.3756,-4.9383,-493.83,16.3863,-12.3979,24.5509,-27.7533,348.92,842.75,-6.1533,-4.2174,-8.9315,-0.8025,17.9,128,0,14,low_profit_factor(0.41); negative_expectancy(-0.376)
TROW,Financials,SECTOR_FINANCIALS,22,5,17,22.73,0.4016,-0.3757,-7.6643,-766.43,5.0507,-4.328,8.8162,-9.1465,514.46,1280.89,-7.6643,-7.3115,-15.9407,-1.0,10.8,40,1,21,low_profit_factor(0.40); negative_expectancy(-0.376)
TRU,Financials,SECTOR_FINANCIALS,21,6,15,28.57,0.3703,-0.3761,-8.139,-813.9,6.3648,-5.3289,15.1013,-12.2002,478.52,1292.42,-8.139,-4.8827,-10.6485,-1.0,13.2,47,1,20,low_profit_factor(0.37); negative_expectancy(-0.376)
PYPL,Financials,SECTOR_FINANCIALS,17,5,12,29.41,0.4163,-0.3764,-5.9467,-594.67,5.3693,-5.3511,10.3347,-9.1354,424.11,1018.78,-5.9467,-6.0007,-13.7763,-1.0,20.1,92,2,15,low_profit_factor(0.42); negative_expectancy(-0.376)
RARE,Healthcare,SECTOR_HEALTHCARE,15,4,11,26.67,0.525,-0.3768,-5.4001,-540.01,13.9372,-9.013,18.1218,-14.345,596.85,1136.86,-6.9123,-4.1344,-14.5691,-0.7812,15.5,70,0,15,low_profit_factor(0.53); negative_expectancy(-0.377)
DBRG,Financials,SECTOR_FINANCIALS,17,4,13,23.53,0.3896,-0.3771,-6.8856,-688.56,12.025,-7.4896,22.7223,-14.0049,439.46,1128.02,-7.1101,-4.7033,-14.631,-0.9684,16.0,83,1,16,low_profit_factor(0.39); negative_expectancy(-0.377)
MCRI,Consumer Discretionary,SECTOR_CONSUMER_DISCRETIONARY,18,3,15,16.67,0.2169,-0.3777,-6.3,-630.0,2.5921,-2.4563,5.7669,-5.6066,174.45,804.45,-7.4734,-10.3117,-18.7296,-0.843,10.6,55,0,18,low_profit_factor(0.22); negative_expectancy(-0.378)
VRSN,Technology,SECTOR_TECHNOLOGY,22,8,14,36.36,0.3506,-0.3786,-7.7848,-778.48,2.036,-3.4722,9.3624,-5.5738,420.37,1198.85,-7.7848,-6.6133,-13.7919,-1.0,11.5,41,0,22,low_profit_factor(0.35); negative_expectancy(-0.379)
EHAB,Healthcare,SECTOR_HEALTHCARE,12,5,7,41.67,0.2803,-0.3791,-4.2168,-421.68,2.6639,-7.2062,3.9434,-10.1914,164.25,585.93,-5.8008,-8.872,-17.6404,-0.7269,16.0,54,0,12,low_profit_factor(0.28); negative_expectancy(-0.379)
TRC,Industrials,SECTOR_INDUSTRIALS,19,3,16,15.79,0.542,-0.3805,-5.9236,-592.36,10.2179,-3.9533,19.4427,-5.4164,700.96,1293.32,-8.526,-4.3831,-20.4969,-0.6948,9.5,32,0,19,low_profit_factor(0.54); negative_expectancy(-0.381)
BRBS,Financials,SECTOR_FINANCIALS,15,4,11,26.67,0.334,-0.3811,-5.4999,-549.99,4.8402,-5.7943,10.828,-12.9651,275.88,825.87,-7.7817,-7.4406,-11.2729,-0.7068,12.8,61,0,15,low_profit_factor(0.33); negative_expectancy(-0.381)
PUBM,Technology,SECTOR_TECHNOLOGY,17,3,14,17.65,0.5041,-0.3814,-6.9229,-692.29,19.6864,-8.6008,39.9027,-15.437,703.7,1395.99,-8.5776,-4.3465,-15.4667,-0.8071,17.1,68,2,15,low_profit_factor(0.50); negative_expectancy(-0.381)
LNN,Industrials,SECTOR_INDUSTRIALS,14,3,11,21.43,0.4403,-0.3815,-5.222,-522.2,9.3953,-4.9869,14.3109,-12.738,410.72,932.92,-8.1075,-4.2282,-9.4472,-0.6441,9.6,22,1,13,low_profit_factor(0.44); negative_expectancy(-0.382)
RA,Financials,SECTOR_FINANCIALS,14,4,10,28.57,0.3306,-0.3816,-5.6348,-563.48,1.2529,-2.1174,1.8377,-4.3459,278.24,841.72,-7.1853,-8.8843,-11.8493,-0.7842,18.4,92,2,12,low_profit_factor(0.33); negative_expectancy(-0.382)
ACNB,Financials,SECTOR_FINANCIALS,19,3,16,15.79,0.3577,-0.382,-6.5291,-652.91,6.104,-4.1627,13.617,-9.1331,363.64,1016.55,-6.9371,-7.7829,-14.1329,-0.9412,6.9,27,0,19,low_profit_factor(0.36); negative_expectancy(-0.382)
ACHC,Healthcare,SECTOR_HEALTHCARE,8,2,6,25.0,0.2207,-0.3825,-3.1616,-316.16,3.7761,-4.9663,6.3102,-8.6094,89.54,405.7,-3.3051,-8.4208,-12.2555,-0.9566,16.1,44,0,8,low_profit_factor(0.22); negative_expectancy(-0.383)
ASIX,Materials,SECTOR_MATERIALS,17,4,13,23.53,0.3431,-0.3826,-6.2444,-624.44,5.9567,-4.6243,12.0613,-6.8555,326.17,950.61,-7.6441,-5.8625,-15.4164,-0.8169,12.6,34,0,17,low_profit_factor(0.34); negative_expectancy(-0.383)
ARCC,Financials,SECTOR_FINANCIALS,20,7,13,35.0,0.2751,-0.3826,-6.7171,-671.71,1.0214,-2.4278,2.3018,-5.7459,254.96,926.67,-7.1807,-9.1574,-13.0702,-0.9354,10.7,37,0,20,low_profit_factor(0.28); negative_expectancy(-0.383)
LENZ,Healthcare,SECTOR_HEALTHCARE,20,5,15,25.0,0.3232,-0.3829,-7.0488,-704.88,8.9762,-9.041,24.6827,-14.7979,336.67,1041.55,-7.0488,-7.5218,-19.3365,-1.0,16.1,130,1,19,low_profit_factor(0.32); negative_expectancy(-0.383)
KIDS,Healthcare,SECTOR_HEALTHCARE,13,4,9,30.77,0.3763,-0.3834,-4.9006,-490.06,8.3587,-8.8285,13.2647,-12.0361,295.73,785.79,-5.9795,-6.279,-20.1266,-0.8196,17.8,47,0,13,low_profit_factor(0.38); negative_expectancy(-0.383)
EFT,Financials,SECTOR_FINANCIALS,17,4,13,23.53,0.4071,-0.3847,-6.0437,-604.37,2.2933,-1.9266,4.1631,-3.2596,414.96,1019.33,-6.0437,-7.06,-15.4602,-1.0,17.9,80,2,15,low_profit_factor(0.41); negative_expectancy(-0.385)
CWAN,Technology,SECTOR_TECHNOLOGY,18,7,11,38.89,0.3789,-0.3867,-6.3657,-636.57,2.9456,-5.2965,6.929,-13.5542,388.29,1024.86,-7.3045,-6.6447,-10.158,-0.8715,10.0,22,0,18,low_profit_factor(0.38); negative_expectancy(-0.387)
APPS,Technology,SECTOR_TECHNOLOGY,15,3,12,20.0,0.6643,-0.3882,-5.9931,-599.31,63.8486,-18.8206,152.8796,-33.4495,1186.19,1785.5,-15.9244,-0.7964,-4.9321,-0.3763,17.4,63,3,12,low_profit_factor(0.66); negative_expectancy(-0.388)
ADBE,Technology,SECTOR_TECHNOLOGY,20,6,14,30.0,0.522,-0.3885,-6.6237,-662.37,7.2649,-5.8957,21.4912,-12.3359,723.3,1385.67,-8.7842,-3.9901,-10.737,-0.754,17.4,100,3,17,low_profit_factor(0.52); negative_expectancy(-0.389)
ACI,Consumer Staples,SECTOR_CONSUMER_STAPLES,15,2,13,13.33,0.5128,-0.3899,-5.3049,-530.49,6.5421,-3.3603,10.789,-5.2156,558.27,1088.76,-8.4992,-8.0431,-24.5263,-0.6242,12.3,69,1,14,low_profit_factor(0.51); negative_expectancy(-0.390)
TRUP,Financials,SECTOR_FINANCIALS,16,5,11,31.25,0.3595,-0.3902,-6.0048,-600.48,8.7364,-11.2098,17.0184,-15.2044,336.97,937.45,-8.5444,-7.4218,-21.4526,-0.7028,13.1,44,0,16,low_profit_factor(0.36); negative_expectancy(-0.390)
AESI,Energy,SECTOR_ENERGY,3,1,2,33.33,0.462,-0.3906,-0.9625,-96.25,8.0556,-9.9611,8.0556,-11.0221,82.65,178.9,-1.789,-6.0054,-41.848,-0.538,9.0,12,0,3,too_few_trades(3); low_profit_factor(0.46); negative_expectancy(-0.391)
TR,Consumer Staples,SECTOR_CONSUMER_STAPLES,11,3,8,27.27,0.2876,-0.3907,-3.9969,-399.69,2.6658,-3.6112,4.2238,-5.3519,161.36,561.05,-3.9969,-9.2364,-20.5152,-1.0,13.1,67,0,11,low_profit_factor(0.29); negative_expectancy(-0.391)
MMU,Financials,SECTOR_FINANCIALS,16,2,14,12.5,0.3737,-0.3922,-6.3083,-630.83,4.2074,-1.461,6.041,-2.7273,376.4,1007.23,-7.2381,-5.5685,-17.4847,-0.8715,18.6,188,0,16,low_profit_factor(0.37); negative_expectancy(-0.392)
AXTA,Materials,SECTOR_MATERIALS,26,6,20,23.08,0.31,-0.3933,-10.1412,-1014.12,4.3658,-4.028,12.0054,-8.8492,455.62,1469.74,-10.6068,-7.1662,-12.7125,-0.9561,9.4,39,0,26,low_profit_factor(0.31); negative_expectancy(-0.393)
BL,Technology,SECTOR_TECHNOLOGY,14,4,10,28.57,0.5093,-0.3935,-4.3271,-432.71,8.6068,-7.1102,12.7768,-16.6024,449.2,881.91,-5.8583,-4.91,-9.1551,-0.7386,15.6,61,0,14,low_profit_factor(0.51); negative_expectancy(-0.394)
KRP,Energy,SECTOR_ENERGY,13,4,9,30.77,0.4345,-0.3938,-4.5688,-456.88,4.4482,-3.4809,7.0973,-7.0072,351.08,807.96,-5.9928,-3.8594,-9.2773,-0.7624,11.8,60,0,13,low_profit_factor(0.43); negative_expectancy(-0.394)
PLUG,Industrials,SECTOR_INDUSTRIALS,15,2,13,13.33,0.5893,-0.3938,-5.4371,-543.71,46.374,-15.5226,68.2927,-23.053,780.15,1323.86,-10.6619,-4.9066,-33.4386,-0.51,14.4,48,0,15,low_profit_factor(0.59); negative_expectancy(-0.394)
CCBG,Financials,SECTOR_FINANCIALS,14,3,11,21.43,0.31,-0.3939,-4.876,-487.6,3.3782,-3.5481,9.5541,-5.7625,219.07,706.67,-4.876,-8.274,-22.1639,-1.0,6.9,15,0,14,low_profit_factor(0.31); negative_expectancy(-0.394)
PGNY,Healthcare,SECTOR_HEALTHCARE,21,5,16,23.81,0.4911,-0.3943,-6.7468,-674.68,11.066,-7.113,37.2219,-28.2804,650.96,1325.64,-8.733,-3.7621,-6.9267,-0.7726,7.7,27,2,19,low_profit_factor(0.49); negative_expectancy(-0.394)
CNMD,Healthcare,SECTOR_HEALTHCARE,13,3,10,23.08,0.5066,-0.3958,-4.7595,-475.95,11.0364,-7.2107,22.5344,-9.5978,488.61,964.56,-6.8299,-5.2625,-36.9431,-0.6969,13.2,30,1,12,low_profit_factor(0.51); negative_expectancy(-0.396)
AWP,Financials,SECTOR_FINANCIALS,15,3,12,20.0,0.2213,-0.3967,-5.8525,-585.25,2.0594,-2.6227,3.6364,-5.8452,166.35,751.6,-5.8525,-9.8962,-14.0002,-1.0,17.8,83,0,15,low_profit_factor(0.22); negative_expectancy(-0.397)
NVEC,Technology,SECTOR_TECHNOLOGY,22,3,19,13.64,0.301,-0.3972,-8.1978,-819.78,8.3786,-4.2758,14.8089,-8.4234,352.97,1172.75,-8.4898,-7.5146,-15.9193,-0.9656,9.0,30,1,21,low_profit_factor(0.30); negative_expectancy(-0.397)
CDNS,Technology,SECTOR_TECHNOLOGY,10,3,7,30.0,0.4177,-0.3973,-3.8909,-389.09,6.9075,-5.2538,14.0969,-9.2173,279.16,668.25,-4.0414,-3.7267,-12.4414,-0.9628,7.0,21,1,9,low_profit_factor(0.42); negative_expectancy(-0.397)
COUR,Consumer Staples,SECTOR_CONSUMER_STAPLES,15,5,10,33.33,0.3481,-0.3977,-6.015,-601.5,5.058,-8.264,14.5861,-14.0187,321.16,922.66,-7.6635,-7.5667,-13.7153,-0.7849,18.1,71,2,13,low_profit_factor(0.35); negative_expectancy(-0.398)
BBAI,Technology,SECTOR_TECHNOLOGY,18,5,13,27.78,0.3943,-0.3982,-6.9695,-696.95,17.0461,-15.6826,32.8182,-27.3181,453.65,1150.6,-6.9695,-6.1473,-18.3985,-1.0,7.9,40,0,18,low_profit_factor(0.39); negative_expectancy(-0.398)
BMEZ,Financials,SECTOR_FINANCIALS,17,5,12,29.41,0.3667,-0.3991,-6.8566,-685.66,2.6886,-3.4898,11.8571,-6.0158,397.0,1082.66,-6.8566,-6.5834,-19.5596,-1.0,14.9,49,0,17,low_profit_factor(0.37); negative_expectancy(-0.399)
OXM,Consumer Discretionary,SECTOR_CONSUMER_DISCRETIONARY,19,7,12,36.84,0.4594,-0.401,-7.1508,-715.08,5.9416,-9.1768,13.2447,-17.8707,607.57,1322.65,-11.2026,-6.7687,-13.6269,-0.6383,10.3,24,1,18,low_profit_factor(0.46); negative_expectancy(-0.401)
CRNC,Technology,SECTOR_TECHNOLOGY,16,3,13,18.75,0.4535,-0.4014,-6.5163,-651.63,20.7888,-11.7655,34.4023,-19.7698,540.72,1192.35,-6.5163,-5.9598,-19.7025,-1.0,10.0,31,2,14,low_profit_factor(0.45); negative_expectancy(-0.401)
MNR,Energy,SECTOR_ENERGY,5,2,3,40.0,0.3338,-0.4017,-1.9962,-199.62,3.2549,-5.5665,6.4242,-5.8277,100.04,299.66,-2.9673,-6.0675,-92.026,-0.6727,7.2,21,0,5,low_profit_factor(0.33); negative_expectancy(-0.402)
PAG,Consumer Discretionary,SECTOR_CONSUMER_DISCRETIONARY,11,1,10,9.09,0.112,-0.4021,-3.995,-399.5,1.9303,-2.2743,1.9303,-4.7569,50.4,449.9,-3.995,-14.5673,-17.5235,-1.0,7.5,16,0,11,low_profit_factor(0.11); negative_expectancy(-0.402)
FLO,Consumer Staples,SECTOR_CONSUMER_STAPLES,7,3,4,42.86,0.5194,-0.4038,-2.3642,-236.42,3.0848,-4.8356,5.6364,-7.5312,255.48,491.9,-2.7002,-4.9528,-12.1159,-0.8756,17.3,77,0,7,low_profit_factor(0.52); negative_expectancy(-0.404)
DAR,Consumer Staples,SECTOR_CONSUMER_STAPLES,24,7,17,29.17,0.3872,-0.4047,-8.6054,-860.54,4.9933,-6.2783,14.839,-9.3088,543.81,1404.35,-12.2026,-7.8417,-23.53,-0.7052,10.5,31,1,23,low_profit_factor(0.39); negative_expectancy(-0.405)
IGD,Financials,SECTOR_FINANCIALS,19,3,16,15.79,0.1257,-0.4053,-7.9506,-795.06,1.104,-1.6103,2.6052,-3.8831,114.31,909.37,-7.9506,-11.1144,-13.6459,-1.0,13.8,90,1,18,low_profit_factor(0.13); negative_expectancy(-0.405)
HI,Industrials,SECTOR_INDUSTRIALS,20,8,12,40.0,0.3266,-0.4061,-7.7108,-771.08,2.4905,-5.9752,7.6961,-9.5775,373.91,1144.99,-9.4445,-8.5034,-18.9205,-0.8164,12.0,43,1,19,low_profit_factor(0.33); negative_expectancy(-0.406)
UAN,Materials,SECTOR_MATERIALS,17,5,12,29.41,0.305,-0.4069,-6.5304,-653.04,2.9038,-4.7623,6.8159,-7.8994,286.52,939.56,-8.0714,-9.4868,-18.763,-0.8091,8.4,18,0,17,low_profit_factor(0.30); negative_expectancy(-0.407)
CERS,Healthcare,SECTOR_HEALTHCARE,18,6,12,33.33,0.3126,-0.4071,-7.3023,-730.23,6.2228,-11.2079,18.5567,-15.2985,332.15,1062.38,-7.7853,-8.9014,-22.7938,-0.938,12.4,30,0,18,low_profit_factor(0.31); negative_expectancy(-0.407)
MXL,Technology,SECTOR_TECHNOLOGY,15,5,10,33.33,0.4913,-0.4077,-5.4892,-548.92,11.1799,-10.074,18.9167,-23.2008,530.17,1079.09,-7.4565,-4.0881,-9.3805,-0.7362,17.9,58,1,14,low_profit_factor(0.49); negative_expectancy(-0.408)
ILMN,Healthcare,SECTOR_HEALTHCARE,17,3,14,17.65,0.2504,-0.4104,-6.4361,-643.61,6.6407,-5.5023,13.6458,-10.9239,215.01,858.62,-6.6541,-8.5948,-14.5209,-0.9672,20.4,83,2,15,low_profit_factor(0.25); negative_expectancy(-0.410)
CAPL,Energy,SECTOR_ENERGY,19,5,14,26.32,0.3394,-0.4108,-7.2054,-720.54,3.0597,-3.6111,5.3834,-5.3053,370.26,1090.8,-8.8254,-8.6641,-21.941,-0.8164,10.0,75,0,19,low_profit_factor(0.34); negative_expectancy(-0.411)
VVR,Financials,SECTOR_FINANCIALS,15,4,11,26.67,0.1802,-0.4116,-6.0607,-606.07,0.7956,-2.0169,1.0499,-3.6086,133.22,739.29,-6.0607,-11.9729,-15.848,-1.0,13.9,80,1,14,low_profit_factor(0.18); negative_expectancy(-0.412)
ACP,Financials,SECTOR_FINANCIALS,13,3,10,23.08,0.5118,-0.4118,-5.3451,-534.51,8.0218,-2.8122,15.9652,-5.3763,560.25,1094.76,-7.5651,-0.8677,-4.0021,-0.7065,29.8,104,0,13,low_profit_factor(0.51); negative_expectancy(-0.412)
PTON,Consumer Discretionary,SECTOR_CONSUMER_DISCRETIONARY,15,4,11,26.67,0.4345,-0.4125,-5.4556,-545.56,12.9188,-13.1389,37.6786,-18.8241,419.19,964.75,-6.7043,-6.8137,-30.9216,-0.8137,15.8,42,0,15,low_profit_factor(0.43); negative_expectancy(-0.412)
GMED,Healthcare,SECTOR_HEALTHCARE,21,6,15,28.57,0.4512,-0.4133,-7.9286,-792.86,5.9974,-5.0547,14.9061,-12.7784,651.88,1444.74,-9.7619,-4.9706,-11.1584,-0.8122,14.5,40,2,19,low_profit_factor(0.45); negative_expectancy(-0.413)
PAY,Technology,SECTOR_TECHNOLOGY,23,6,17,26.09,0.3513,-0.4134,-9.2418,-924.18,8.5362,-7.7746,25.3867,-12.5064,500.49,1424.67,-12.6387,-6.2666,-17.0971,-0.7312,7.3,26,0,23,low_profit_factor(0.35); negative_expectancy(-0.413)
ARKO,Consumer Discretionary,SECTOR_CONSUMER_DISCRETIONARY,11,2,9,18.18,0.4084,-0.4141,-4.3615,-436.15,15.7418,-5.9805,25.2336,-11.284,301.03,737.18,-5.0633,-3.1848,-10.7103,-0.8614,22.5,99,1,10,low_profit_factor(0.41); negative_expectancy(-0.414)
AVO,Consumer Staples,SECTOR_CONSUMER_STAPLES,22,5,17,22.73,0.3474,-0.4141,-8.3586,-835.86,5.4477,-4.5526,11.9527,-9.2664,445.03,1280.89,-8.3586,-6.924,-13.7921,-1.0,12.5,69,0,22,low_profit_factor(0.35); negative_expectancy(-0.414)
CHWY,Consumer Discretionary,SECTOR_CONSUMER_DISCRETIONARY,20,5,15,25.0,0.3498,-0.4146,-7.8093,-780.93,10.1777,-8.0358,28.8462,-16.2384,420.15,1201.08,-7.8093,-5.3018,-11.7777,-1.0,16.1,117,2,18,low_profit_factor(0.35); negative_expectancy(-0.415)
ATEX,Communication Services,SECTOR_COMMUNICATION_SERVICES,12,4,8,33.33,0.3804,-0.4154,-4.3445,-434.45,5.5013,-6.9315,9.21,-9.0323,266.68,701.13,-5.5849,-6.5945,-21.3064,-0.7779,13.2,28,1,11,low_profit_factor(0.38); negative_expectancy(-0.415)
DVN,Energy,SECTOR_ENERGY,14,3,11,21.43,0.4629,-0.417,-5.8075,-580.75,7.7503,-5.6733,19.8672,-9.63,500.58,1081.33,-6.3865,-6.0581,-19.2375,-0.9093,9.1,37,0,14,low_profit_factor(0.46); negative_expectancy(-0.417)
WGO,Consumer Discretionary,SECTOR_CONSUMER_DISCRETIONARY,19,4,15,21.05,0.4484,-0.4174,-7.3418,-734.18,12.6732,-6.3327,22.7972,-10.6096,596.79,1330.97,-10.5423,-4.0536,-15.2063,-0.6964,14.9,78,1,18,low_profit_factor(0.45); negative_expectancy(-0.417)
EAD,Financials,SECTOR_FINANCIALS,19,3,16,15.79,0.1743,-0.4201,-7.6303,-763.03,1.2002,-1.4702,2.107,-4.4226,161.07,924.1,-7.6303,-10.0899,-12.0672,-1.0,13.1,62,0,19,low_profit_factor(0.17); negative_expectancy(-0.420)
FLG,Financials,SECTOR_FINANCIALS,16,4,12,25.0,0.4277,-0.4201,-6.5688,-656.88,6.3213,-7.8786,11.6299,-12.0008,491.0,1147.88,-7.7507,-9.9465,-30.3171,-0.8475,13.4,45,1,15,low_profit_factor(0.43); negative_expectancy(-0.420)
MITK,Technology,SECTOR_TECHNOLOGY,20,3,17,15.0,0.3386,-0.4207,-7.7455,-774.55,9.4776,-5.1945,16.0714,-9.6315,396.45,1171.0,-9.0661,-7.1827,-15.7368,-0.8543,11.1,37,2,18,low_profit_factor(0.34); negative_expectancy(-0.421)
PBH,Healthcare,SECTOR_HEALTHCARE,2,1,1,50.0,0.1232,-0.4219,-0.8696,-86.96,0.7344,-4.2272,0.7344,-4.2272,12.22,99.18,-0.9918,-7.902,0.0,-0.8768,8.0,14,0,2,too_few_trades(2); low_profit_factor(0.12); negative_expectancy(-0.422)
RWAY,Financials,SECTOR_FINANCIALS,11,2,9,18.18,0.3025,-0.4225,-4.5158,-451.58,5.2474,-2.9685,8.1693,-4.8563,195.83,647.41,-5.6459,-6.1567,-23.2004,-0.7998,12.5,25,0,11,low_profit_factor(0.30); negative_expectancy(-0.422)
ZM,Technology,SECTOR_TECHNOLOGY,20,4,16,20.0,0.438,-0.4231,-7.7672,-776.72,7.6716,-6.4729,12.7917,-13.7879,605.38,1382.1,-8.7655,-8.2866,-16.1075,-0.8861,11.3,30,0,20,low_profit_factor(0.44); negative_expectancy(-0.423)
SERV,Industrials,SECTOR_INDUSTRIALS,10,2,8,20.0,0.5012,-0.4239,-4.0266,-402.66,35.1101,-19.3184,37.1343,-32.4249,404.63,807.29,-4.3144,-5.5007,-14.6807,-0.9333,10.3,29,1,9,low_profit_factor(0.50); negative_expectancy(-0.424)
OOMA,Technology,SECTOR_TECHNOLOGY,20,4,16,20.0,0.3061,-0.4247,-7.9467,-794.67,5.4678,-5.2071,10.8088,-10.4374,350.52,1145.19,-8.3191,-8.278,-13.4157,-0.9552,7.5,26,0,20,low_profit_factor(0.31); negative_expectancy(-0.425)
KMX,Consumer Discretionary,SECTOR_CONSUMER_DISCRETIONARY,19,5,14,26.32,0.3578,-0.4257,-7.6702,-767.02,5.5918,-6.2356,12.5485,-9.9275,427.33,1194.35,-8.3198,-7.9011,-19.8197,-0.9219,12.7,49,2,17,low_profit_factor(0.36); negative_expectancy(-0.426)
SLS,Healthcare,SECTOR_HEALTHCARE,21,3,18,14.29,0.5341,-0.4258,-7.7472,-774.72,45.6951,-14.8554,67.6471,-41.8733,888.28,1663.0,-12.4392,-4.0478,-11.4374,-0.6228,9.6,45,0,21,low_profit_factor(0.53); negative_expectancy(-0.426)
JRI,Financials,SECTOR_FINANCIALS,25,5,20,20.0,0.2402,-0.4272,-10.4184,-1041.84,1.4833,-1.9695,2.3718,-4.0711,329.43,1371.27,-10.8262,-11.4251,-17.8847,-0.9623,10.8,85,1,24,low_profit_factor(0.24); negative_expectancy(-0.427)
CZR,Consumer Discretionary,SECTOR_CONSUMER_DISCRETIONARY,13,3,10,23.08,0.3836,-0.4277,-5.4364,-543.64,12.469,-7.8086,26.0444,-12.5417,338.36,882.0,-6.2637,-4.7004,-16.3437,-0.8679,27.4,75,1,12,low_profit_factor(0.38); negative_expectancy(-0.428)
DGII,Technology,SECTOR_TECHNOLOGY,17,3,14,17.65,0.2661,-0.4287,-6.3215,-632.15,6.312,-4.1862,12.6582,-10.3823,229.18,861.33,-6.3215,-6.987,-13.5131,-1.0,7.2,15,0,17,low_profit_factor(0.27); negative_expectancy(-0.429)
LPG,Energy,SECTOR_ENERGY,10,2,8,20.0,0.2446,-0.4302,-4.2163,-421.63,4.8014,-4.8221,7.7015,-8.91,136.53,558.16,-4.3331,-9.0458,-14.7914,-0.973,8.7,32,0,10,low_profit_factor(0.24); negative_expectancy(-0.430)
FLGT,Healthcare,SECTOR_HEALTHCARE,15,4,11,26.67,0.3184,-0.4303,-5.725,-572.5,5.2399,-6.0733,11.4604,-10.2338,267.38,839.88,-6.256,-7.9578,-17.1465,-0.9151,13.9,58,0,15,low_profit_factor(0.32); negative_expectancy(-0.430)
OGE,Utilities,SECTOR_UTILITIES,18,3,15,16.67,0.268,-0.4313,-7.6452,-764.52,2.9839,-2.3766,4.8681,-4.4365,279.93,1044.45,-7.6452,-9.5593,-17.3516,-1.0,8.3,37,0,18,low_profit_factor(0.27); negative_expectancy(-0.431)
ACTG,Industrials,SECTOR_INDUSTRIALS,14,3,11,21.43,0.3113,-0.4317,-5.9809,-598.09,6.997,-5.2875,10.0223,-9.459,270.29,868.38,-6.7904,-7.2155,-16.9307,-0.8808,14.3,72,0,14,low_profit_factor(0.31); negative_expectancy(-0.432)
CADL,Healthcare,SECTOR_HEALTHCARE,15,4,11,26.67,0.2826,-0.4323,-6.2202,-622.02,8.5815,-14.9853,16.5517,-24.4332,245.02,867.04,-6.501,-10.5954,-21.7548,-0.9568,10.7,22,2,13,low_profit_factor(0.28); negative_expectancy(-0.432)
NMFC,Financials,SECTOR_FINANCIALS,13,3,10,23.08,0.3556,-0.4333,-5.3097,-530.97,3.7912,-2.4762,6.7416,-5.3863,292.96,823.93,-7.5774,-5.1698,-12.1511,-0.7007,18.9,59,1,12,low_profit_factor(0.36); negative_expectancy(-0.433)
OMC,Communication Services,SECTOR_COMMUNICATION_SERVICES,26,7,19,26.92,0.3219,-0.4358,-10.225,-1022.5,3.0378,-3.6845,9.1467,-9.2935,485.39,1507.89,-10.6541,-7.7822,-14.5215,-0.9597,8.2,33,0,26,low_profit_factor(0.32); negative_expectancy(-0.436)
KFY,Industrials,SECTOR_INDUSTRIALS,22,7,15,31.82,0.2884,-0.4367,-8.9223,-892.23,2.5328,-4.037,5.1241,-5.8725,361.63,1253.86,-10.2639,-9.0116,-24.0735,-0.8693,13.3,35,1,21,low_profit_factor(0.29); negative_expectancy(-0.437)
ETW,Financials,SECTOR_FINANCIALS,22,2,20,9.09,0.1566,-0.4375,-9.0231,-902.31,2.1413,-1.2257,3.8058,-4.3528,167.5,1069.81,-9.0231,-9.3614,-12.9585,-1.0,11.1,61,0,22,low_profit_factor(0.16); negative_expectancy(-0.438)
CNNE,Consumer Discretionary,SECTOR_CONSUMER_DISCRETIONARY,16,2,14,12.5,0.3588,-0.4386,-6.9039,-690.39,11.1214,-4.1954,15.5471,-8.3874,386.25,1076.64,-7.5804,-6.2301,-17.3082,-0.9108,21.2,64,2,14,low_profit_factor(0.36); negative_expectancy(-0.439)
SANM,Technology,SECTOR_TECHNOLOGY,19,4,15,21.05,0.4458,-0.4396,-6.9289,-692.89,6.4394,-6.4183,14.0435,-10.7009,557.41,1250.3,-6.9289,-9.029,-19.8977,-1.0,7.3,18,0,19,low_profit_factor(0.45); negative_expectancy(-0.440)
DNLI,Healthcare,SECTOR_HEALTHCARE,22,4,18,18.18,0.3757,-0.4405,-9.1381,-913.81,13.5442,-8.5237,17.031,-14.0732,549.88,1463.69,-10.6167,-7.5519,-21.8226,-0.8607,8.7,37,0,22,low_profit_factor(0.38); negative_expectancy(-0.441)
GPN,Technology,SECTOR_TECHNOLOGY,15,4,11,26.67,0.4064,-0.4406,-5.9932,-599.32,5.1754,-5.5334,7.9417,-6.7986,410.33,1009.65,-5.9932,-8.2967,-32.2888,-1.0,17.6,46,0,15,low_profit_factor(0.41); negative_expectancy(-0.441)
PDO,Financials,SECTOR_FINANCIALS,21,5,16,23.81,0.2923,-0.4417,-8.5168,-851.68,0.8554,-2.4198,1.7647,-5.5407,351.75,1203.43,-10.1623,-12.1615,-14.97,-0.8381,7.2,25,0,21,low_profit_factor(0.29); negative_expectancy(-0.442)
PBFS,Financials,SECTOR_FINANCIALS,17,3,14,17.65,0.3112,-0.4427,-6.9213,-692.13,5.0749,-3.8952,12.7094,-8.4802,312.7,1004.83,-8.9228,-7.7369,-15.7068,-0.7757,9.3,44,0,17,low_profit_factor(0.31); negative_expectancy(-0.443)
ZBH,Healthcare,SECTOR_HEALTHCARE,18,5,13,27.78,0.4212,-0.4439,-7.2865,-728.65,4.8407,-4.3057,8.8502,-6.0571,530.23,1258.88,-8.506,-5.9934,-22.945,-0.8566,15.1,50,0,18,low_profit_factor(0.42); negative_expectancy(-0.444)
TITN,Industrials,SECTOR_INDUSTRIALS,23,4,19,17.39,0.43,-0.4447,-9.3595,-935.95,15.3298,-7.055,19.9341,-12.7055,706.17,1642.12,-11.2448,-5.5117,-20.2407,-0.8323,10.3,51,2,21,low_profit_factor(0.43); negative_expectancy(-0.445)
LUCK,Consumer Discretionary,SECTOR_CONSUMER_DISCRETIONARY,11,2,9,18.18,0.3564,-0.4451,-4.8709,-487.09,12.2772,-7.7643,12.9348,-14.7236,269.74,756.83,-5.7372,-7.4757,-17.8508,-0.849,9.5,28,0,11,low_profit_factor(0.36); negative_expectancy(-0.445)
NZF,Financials,SECTOR_FINANCIALS,21,3,18,14.29,0.3402,-0.4459,-8.6361,-863.61,3.6525,-1.5423,8.9815,-3.663,445.37,1308.98,-8.6361,-4.9939,-12.9681,-1.0,10.3,44,0,21,low_profit_factor(0.34); negative_expectancy(-0.446)
HPK,Energy,SECTOR_ENERGY,7,2,5,28.57,0.3356,-0.4467,-3.2268,-322.68,7.3322,-9.9322,8.0375,-15.3679,163.0,485.68,-3.8474,-8.9283,-23.0776,-0.8387,21.9,98,0,7,low_profit_factor(0.34); negative_expectancy(-0.447)
UDMY,Consumer Staples,SECTOR_CONSUMER_STAPLES,10,1,9,10.0,0.6484,-0.4468,-3.4376,-343.76,59.1489,-9.7829,59.1489,-21.6575,633.84,977.6,-8.3372,-2.0641,-9.9818,-0.4123,20.6,144,0,10,low_profit_factor(0.65); negative_expectancy(-0.447)
HZO,Consumer Discretionary,SECTOR_CONSUMER_DISCRETIONARY,15,2,13,13.33,0.437,-0.4475,-6.2606,-626.06,18.871,-8.1818,25.4767,-12.0899,486.04,1112.1,-8.0093,-7.1893,-29.5057,-0.7817,9.6,41,0,15,low_profit_factor(0.44); negative_expectancy(-0.448)
IMKTA,Consumer Staples,SECTOR_CONSUMER_STAPLES,15,4,11,26.67,0.1701,-0.4503,-6.5193,-651.93,1.6113,-3.217,5.0429,-6.0119,133.64,785.57,-6.5193,-11.0038,-19.8793,-1.0,8.3,28,0,15,low_profit_factor(0.17); negative_expectancy(-0.450)
WDFC,Materials,SECTOR_MATERIALS,18,5,13,27.78,0.3315,-0.4512,-7.0009,-700.09,3.9158,-4.7694,10.3723,-12.0197,347.15,1047.24,-8.522,-7.354,-13.4839,-0.8215,11.8,57,0,18,low_profit_factor(0.33); negative_expectancy(-0.451)
GOF,Financials,SECTOR_FINANCIALS,18,4,14,22.22,0.2509,-0.4514,-7.5356,-753.56,1.9071,-2.211,4.1066,-4.1467,252.38,1005.94,-7.5356,-8.7697,-17.0675,-1.0,17.9,107,0,18,low_profit_factor(0.25); negative_expectancy(-0.451)
BCAT,Financials,SECTOR_FINANCIALS,19,4,15,21.05,0.2454,-0.4516,-8.1995,-819.95,1.462,-2.478,3.0443,-4.5906,266.68,1086.63,-8.1995,-11.7429,-16.3094,-1.0,15.8,136,0,19,low_profit_factor(0.25); negative_expectancy(-0.452)
AI,Technology,SECTOR_TECHNOLOGY,20,4,16,20.0,0.4546,-0.4521,-9.0873,-908.73,20.5065,-12.6739,52.2476,-35.0738,757.48,1666.21,-9.0873,-5.4245,-11.7635,-1.0,9.7,63,0,20,low_profit_factor(0.45); negative_expectancy(-0.452)
IHRT,Communication Services,SECTOR_COMMUNICATION_SERVICES,16,3,13,18.75,0.3787,-0.4543,-7.5479,-754.79,29.0494,-11.7161,59.2593,-22.5532,460.0,1214.79,-9.8438,-3.2874,-13.417,-0.7668,19.2,87,1,15,low_profit_factor(0.38); negative_expectancy(-0.454)
ESTC,Technology,SECTOR_TECHNOLOGY,22,4,18,18.18,0.4184,-0.4554,-8.9861,-898.61,11.9609,-7.7615,36.8734,-15.9322,646.53,1545.14,-9.5737,-6.2074,-16.3772,-0.9386,10.1,33,0,22,low_profit_factor(0.42); negative_expectancy(-0.455)
CBRL,Consumer Discretionary,SECTOR_CONSUMER_DISCRETIONARY,21,3,18,14.29,0.386,-0.4564,-8.6292,-862.92,14.5962,-6.2272,21.7965,-10.6813,542.59,1405.51,-9.8259,-6.0771,-20.8626,-0.8782,10.7,80,1,20,low_profit_factor(0.39); negative_expectancy(-0.456)
SRE,Utilities,SECTOR_UTILITIES,15,4,11,26.67,0.4352,-0.4571,-5.9859,-598.59,5.5701,-3.8682,8.7202,-17.0049,461.3,1059.89,-7.4015,-3.6316,-4.6512,-0.8087,10.5,74,0,15,low_profit_factor(0.44); negative_expectancy(-0.457)
SCHL,Communication Services,SECTOR_COMMUNICATION_SERVICES,18,6,12,33.33,0.4991,-0.4594,-7.2101,-721.01,8.1818,-7.0338,15.1022,-14.6714,718.37,1439.38,-10.3821,-3.7027,-8.1589,-0.6945,10.4,33,0,18,low_profit_factor(0.50); negative_expectancy(-0.459)
DLB,Industrials,SECTOR_INDUSTRIALS,16,3,13,18.75,0.3209,-0.4624,-7.3401,-734.01,4.3529,-3.5978,8.7447,-5.195,346.8,1080.81,-7.3401,-8.8493,-21.5568,-1.0,14.6,37,1,15,low_profit_factor(0.32); negative_expectancy(-0.462)
IFN,Financials,SECTOR_FINANCIALS,18,2,16,11.11,0.3862,-0.4626,-7.0607,-706.07,5.2614,-2.2016,5.6384,-3.8344,444.27,1150.34,-7.0607,-8.189,-18.4006,-1.0,15.6,67,1,17,low_profit_factor(0.39); negative_expectancy(-0.463)
GD,Industrials,SECTOR_INDUSTRIALS,25,4,21,16.0,0.1148,-0.4636,-10.7112,-1071.12,1.1207,-2.0225,2.0408,-4.2086,138.91,1210.03,-10.7112,-14.6724,-20.0633,-1.0,8.1,25,0,25,low_profit_factor(0.11); negative_expectancy(-0.464)
OGS,Utilities,SECTOR_UTILITIES,20,3,17,15.0,0.2029,-0.4641,-8.3671,-836.71,2.7531,-2.7628,3.17,-5.4782,213.03,1049.74,-8.3671,-12.084,-18.3291,-1.0,9.8,53,0,20,low_profit_factor(0.20); negative_expectancy(-0.464)
OLPX,Consumer Discretionary,SECTOR_CONSUMER_DISCRETIONARY,10,2,8,20.0,0.4057,-0.4651,-4.5654,-456.54,18.6956,-11.6605,22.0472,-14.0589,311.7,768.24,-6.7718,-6.8323,-51.2492,-0.6742,18.8,64,0,10,low_profit_factor(0.41); negative_expectancy(-0.465)
PCG,Utilities,SECTOR_UTILITIES,5,1,4,20.0,0.4278,-0.4654,-2.2229,-222.29,8.9096,-4.8763,8.9096,-5.6975,166.16,388.45,-3.0894,-5.4246,-43.5835,-0.7195,17.2,57,0,5,low_profit_factor(0.43); negative_expectancy(-0.465)
ADTN,Technology,SECTOR_TECHNOLOGY,19,4,15,21.05,0.2347,-0.4657,-9.0249,-902.49,5.6794,-6.5157,8.5897,-9.9186,276.81,1179.3,-9.0249,-10.8382,-21.6967,-1.0,13.3,45,1,18,low_profit_factor(0.23); negative_expectancy(-0.466)
BAND,Technology,SECTOR_TECHNOLOGY,12,3,9,25.0,0.3369,-0.4662,-5.6475,-564.75,8.6593,-9.4945,12.2492,-15.2671,286.98,851.73,-6.1892,-8.7274,-25.0312,-0.9125,27.8,86,1,11,low_profit_factor(0.34); negative_expectancy(-0.466)
RPAY,Technology,SECTOR_TECHNOLOGY,12,3,9,25.0,0.372,-0.4669,-5.5256,-552.56,10.3123,-10.258,15.097,-25.018,327.25,879.81,-5.5256,-7.2162,-11.5361,-1.0,30.1,110,1,11,low_profit_factor(0.37); negative_expectancy(-0.467)
INTC,Technology,SECTOR_TECHNOLOGY,21,5,16,23.81,0.322,-0.4686,-9.9414,-994.14,7.4725,-6.6569,19.8157,-9.839,472.06,1466.2,-10.735,-6.9839,-20.7652,-0.9261,9.9,33,2,19,low_profit_factor(0.32); negative_expectancy(-0.469)
RGR,Industrials,SECTOR_INDUSTRIALS,14,2,12,14.29,0.4447,-0.4696,-6.8919,-689.19,13.3253,-5.0046,26.1851,-11.8863,551.83,1241.02,-12.4102,-4.4014,-16.7831,-0.5553,18.1,66,3,11,low_profit_factor(0.44); negative_expectancy(-0.470)
PRTH,Technology,SECTOR_TECHNOLOGY,21,5,16,23.81,0.3098,-0.4725,-9.1161,-911.61,6.7303,-10.6852,23.1672,-20.8494,409.2,1320.81,-9.1161,-10.9888,-23.8921,-1.0,7.8,19,0,21,low_profit_factor(0.31); negative_expectancy(-0.472)
CYH,Healthcare,SECTOR_HEALTHCARE,19,5,14,26.32,0.4621,-0.4734,-8.8851,-888.51,23.0272,-12.7256,66.5563,-33.2765,763.45,1651.96,-12.4526,-2.4852,-6.7521,-0.7135,10.4,70,2,17,low_profit_factor(0.46); negative_expectancy(-0.473)
CLNE,Energy,SECTOR_ENERGY,20,3,17,15.0,0.4301,-0.4738,-8.7374,-873.74,24.7581,-10.0859,40.9091,-18.2456,659.32,1533.06,-10.7691,-5.3901,-24.7145,-0.8113,10.2,80,1,19,low_profit_factor(0.43); negative_expectancy(-0.474)
BMBL,Communication Services,SECTOR_COMMUNICATION_SERVICES,11,2,9,18.18,0.3819,-0.4739,-5.0099,-500.99,21.8765,-9.3386,26.4483,-13.1829,309.58,810.57,-6.7133,-4.4486,-19.3331,-0.7463,26.5,82,0,11,low_profit_factor(0.38); negative_expectancy(-0.474)
BLKB,Technology,SECTOR_TECHNOLOGY,21,5,16,23.81,0.3818,-0.4748,-9.2197,-921.97,6.1994,-4.7939,16.6826,-13.1106,569.31,1491.28,-10.6558,-5.5263,-10.266,-0.8652,9.4,39,0,21,low_profit_factor(0.38); negative_expectancy(-0.475)
NWN,Utilities,SECTOR_UTILITIES,23,3,20,13.04,0.2099,-0.475,-10.5666,-1056.66,3.0861,-2.8847,4.379,-5.9757,280.75,1337.41,-11.6039,-12.2458,-17.7083,-0.9106,9.0,36,0,23,low_profit_factor(0.21); negative_expectancy(-0.475)
LCID,Consumer Discretionary,SECTOR_CONSUMER_DISCRETIONARY,8,1,7,12.5,0.4385,-0.4752,-3.5851,-358.51,35.7143,-11.8069,35.7143,-13.7941,280.0,638.51,-3.5851,-5.5136,-49.5431,-1.0,29.1,82,1,7,low_profit_factor(0.44); negative_expectancy(-0.475)
ONTF,Technology,SECTOR_TECHNOLOGY,12,2,10,16.67,0.3155,-0.4756,-5.714,-571.4,9.5919,-5.8532,17.1946,-10.3187,263.38,834.78,-5.714,-6.8977,-14.674,-1.0,26.2,70,0,12,low_profit_factor(0.32); negative_expectancy(-0.476)
VNDA,Healthcare,SECTOR_HEALTHCARE,13,3,10,23.08,0.2357,-0.477,-6.2155,-621.55,7.575,-7.4077,19.0554,-12.2063,191.73,813.28,-8.1328,-7.8186,-25.1133,-0.7643,11.9,56,0,13,low_profit_factor(0.24); negative_expectancy(-0.477)
THS,Consumer Staples,SECTOR_CONSUMER_STAPLES,19,6,13,31.58,0.2171,-0.4779,-8.4149,-841.49,2.1929,-4.7571,4.3246,-9.5032,233.36,1074.85,-10.4483,-10.127,-15.4425,-0.8054,8.8,20,0,19,low_profit_factor(0.22); negative_expectancy(-0.478)
SD,Energy,SECTOR_ENERGY,17,4,13,23.53,0.3206,-0.4787,-8.2009,-820.09,6.1667,-5.3774,7.6675,-10.8575,386.98,1207.07,-9.5395,-7.4588,-14.8724,-0.8597,11.3,38,0,17,low_profit_factor(0.32); negative_expectancy(-0.479)
SMRT,Technology,SECTOR_TECHNOLOGY,11,4,7,36.36,0.4084,-0.4807,-5.1001,-510.01,10.7473,-14.1732,18.3432,-26.0,352.11,862.12,-7.3345,-5.9692,-15.0996,-0.6954,11.1,24,0,11,low_profit_factor(0.41); negative_expectancy(-0.481)
MD,Healthcare,SECTOR_HEALTHCARE,17,4,13,23.53,0.3565,-0.4812,-8.5867,-858.67,11.0411,-7.5758,17.1806,-16.0546,475.7,1334.37,-10.9807,-5.8015,-16.7953,-0.782,10.9,27,1,16,low_profit_factor(0.36); negative_expectancy(-0.481)
DLY,Financials,SECTOR_FINANCIALS,18,2,16,11.11,0.0989,-0.4827,-8.5615,-856.15,0.9633,-1.7722,1.2469,-4.1902,94.0,950.15,-8.9615,-15.0139,-17.2123,-0.9554,16.2,93,0,18,low_profit_factor(0.10); negative_expectancy(-0.483)
COP,Energy,SECTOR_ENERGY,16,3,13,18.75,0.364,-0.483,-7.5434,-754.34,5.5937,-3.9412,9.0879,-6.6655,431.76,1186.1,-9.4232,-8.0387,-22.962,-0.8005,7.8,22,0,16,low_profit_factor(0.36); negative_expectancy(-0.483)
WTI,Energy,SECTOR_ENERGY,11,2,9,18.18,0.315,-0.484,-5.3169,-531.69,12.4672,-7.2243,19.5946,-11.4333,244.51,776.2,-6.9915,-6.4361,-19.3204,-0.7605,8.8,40,0,11,low_profit_factor(0.32); negative_expectancy(-0.484)
NUE,Materials,SECTOR_MATERIALS,10,3,7,30.0,0.2317,-0.4855,-4.7043,-470.43,3.189,-5.357,6.7281,-8.1153,141.86,612.29,-4.811,-9.3466,-20.1982,-0.9778,9.0,18,0,10,low_profit_factor(0.23); negative_expectancy(-0.485)
JBTM,Industrials,SECTOR_INDUSTRIALS,25,6,19,24.0,0.1556,-0.4856,-11.3597,-1135.97,2.2308,-4.5185,7.7523,-12.244,209.3,1345.27,-11.3597,-11.5668,-17.0192,-1.0,9.2,31,2,23,low_profit_factor(0.16); negative_expectancy(-0.486)
MQ,Technology,SECTOR_TECHNOLOGY,11,3,8,27.27,0.5296,-0.4866,-5.1572,-515.72,19.2587,-10.5927,34.4828,-27.7778,580.67,1096.39,-7.8008,-2.3088,-5.3669,-0.6611,17.3,86,0,11,low_profit_factor(0.53); negative_expectancy(-0.487)
GBLI,Financials,SECTOR_FINANCIALS,20,3,17,15.0,0.1785,-0.487,-8.5878,-858.78,3.9601,-3.2822,8.2243,-6.7727,186.54,1045.32,-8.5878,-9.7663,-15.5094,-1.0,7.4,23,0,20,low_profit_factor(0.18); negative_expectancy(-0.487)
SFIX,Consumer Discretionary,SECTOR_CONSUMER_DISCRETIONARY,21,4,17,19.05,0.2883,-0.4885,-9.5549,-955.49,11.711,-10.6895,15.5989,-22.5714,387.15,1342.64,-9.5549,-9.5178,-16.4704,-1.0,15.7,74,1,20,low_profit_factor(0.29); negative_expectancy(-0.488)
BOC,Industrials,SECTOR_INDUSTRIALS,15,4,11,26.67,0.2972,-0.4897,-7.0031,-700.31,5.4182,-5.4402,17.013,-9.0028,296.16,996.47,-8.3379,-6.3963,-22.463,-0.8399,14.6,43,0,15,low_profit_factor(0.30); negative_expectancy(-0.490)
WEST,Consumer Staples,SECTOR_CONSUMER_STAPLES,10,3,7,30.0,0.3083,-0.4902,-4.69,-469.0,6.3344,-9.4647,11.0515,-11.7551,209.04,678.04,-6.5331,-9.203,-40.2717,-0.7179,9.6,43,0,10,low_profit_factor(0.31); negative_expectancy(-0.490)
SWBI,Industrials,SECTOR_INDUSTRIALS,18,3,15,16.67,0.3662,-0.4904,-9.4803,-948.03,12.3684,-5.9005,19.8397,-14.2965,547.7,1495.73,-9.4803,-5.4511,-14.1047,-1.0,13.9,73,1,17,low_profit_factor(0.37); negative_expectancy(-0.490)
LEVI,Consumer Discretionary,SECTOR_CONSUMER_DISCRETIONARY,26,5,21,19.23,0.2481,-0.491,-12.1012,-1210.12,5.4994,-4.8217,10.8778,-10.4066,399.34,1609.46,-12.2629,-8.6196,-16.307,-0.9868,12.3,59,0,26,low_profit_factor(0.25); negative_expectancy(-0.491)
SPSC,Technology,SECTOR_TECHNOLOGY,22,4,18,18.18,0.2062,-0.491,-10.7692,-1076.92,5.2937,-4.8445,10.9024,-17.7116,279.74,1356.66,-10.7692,-8.4003,-11.8559,-1.0,10.4,63,0,22,low_profit_factor(0.21); negative_expectancy(-0.491)
BHK,Financials,SECTOR_FINANCIALS,17,2,15,11.76,0.3507,-0.4916,-7.5021,-750.21,5.3284,-2.0745,7.1571,-4.221,405.12,1155.33,-7.5021,-6.8189,-15.1673,-1.0,15.2,44,0,17,low_profit_factor(0.35); negative_expectancy(-0.492)
ZTS,Healthcare,SECTOR_HEALTHCARE,19,5,14,26.32,0.2545,-0.4922,-8.8701,-887.01,2.9982,-4.2804,6.3765,-6.4993,302.82,1189.83,-8.8701,-9.7076,-20.1239,-1.0,12.3,52,1,18,low_profit_factor(0.25); negative_expectancy(-0.492)
EB,Communication Services,SECTOR_COMMUNICATION_SERVICES,16,4,12,25.0,0.3861,-0.4936,-7.5773,-757.73,13.0168,-10.344,32.3415,-19.6774,476.58,1234.31,-9.0956,-5.5785,-20.2778,-0.8331,18.4,82,1,15,low_profit_factor(0.39); negative_expectancy(-0.494)
OTTR,Industrials,SECTOR_INDUSTRIALS,7,2,5,28.57,0.0722,-0.4938,-3.4053,-340.53,0.7282,-3.4189,0.7528,-6.0685,26.48,367.01,-3.4053,-12.5613,-14.7082,-1.0,8.7,23,0,7,low_profit_factor(0.07); negative_expectancy(-0.494)
MOS,Materials,SECTOR_MATERIALS,13,2,11,15.38,0.3589,-0.4969,-5.8469,-584.69,12.9561,-5.3097,22.993,-7.1798,327.3,911.99,-7.3368,-4.872,-22.9598,-0.7969,15.2,61,1,12,low_profit_factor(0.36); negative_expectancy(-0.497)
COLM,Consumer Discretionary,SECTOR_CONSUMER_DISCRETIONARY,18,4,14,22.22,0.3557,-0.4974,-8.5648,-856.48,6.7558,-4.7554,17.4069,-10.5991,472.75,1329.23,-9.4152,-5.3439,-10.5522,-0.9097,10.5,40,0,18,low_profit_factor(0.36); negative_expectancy(-0.497)
CCRN,Healthcare,SECTOR_HEALTHCARE,8,2,6,25.0,0.1698,-0.4985,-3.943,-394.3,4.3124,-6.1801,5.8685,-8.5117,80.62,474.92,-4.7225,-10.0906,-61.4542,-0.8349,11.9,27,1,7,low_profit_factor(0.17); negative_expectancy(-0.498)
OS,Technology,SECTOR_TECHNOLOGY,2,1,1,50.0,0.0028,-0.4989,-0.7896,-78.96,0.0212,-10.1975,0.0212,-10.1975,0.22,79.18,-0.7918,-11.1784,0.0,-0.9972,20.5,25,0,2,too_few_trades(2); low_profit_factor(0.00); negative_expectancy(-0.499)
DXYZ,Financials,SECTOR_FINANCIALS,2,0,2,0.0,0.0,-0.5,-0.7852,-78.52,0.0,-4.9765,0.0,-9.9531,0.0,78.52,-0.7852,-11.225,0.0,-1.0,2.0,3,0,2,too_few_trades(2); low_profit_factor(0.00); negative_expectancy(-0.500)
MRCY,Industrials,SECTOR_INDUSTRIALS,19,3,16,15.79,0.3329,-0.5008,-8.674,-867.4,10.0378,-5.9616,15.4878,-9.2841,432.89,1300.29,-11.0661,-8.3564,-26.4086,-0.7838,8.6,31,2,17,low_profit_factor(0.33); negative_expectancy(-0.501)
ECAT,Financials,SECTOR_FINANCIALS,19,2,17,10.53,0.2739,-0.501,-9.0217,-902.17,4.4047,-1.8766,6.7864,-3.98,340.31,1242.48,-10.2967,-8.4379,-22.1292,-0.8762,6.4,33,0,19,low_profit_factor(0.27); negative_expectancy(-0.501)
KDP,Consumer Staples,SECTOR_CONSUMER_STAPLES,13,2,11,15.38,0.4291,-0.5012,-6.4661,-646.61,8.094,-3.8335,10.5435,-6.4302,486.0,1132.61,-6.4661,-6.5879,-19.8528,-1.0,20.9,75,1,12,low_profit_factor(0.43); negative_expectancy(-0.501)
SHEN,Communication Services,SECTOR_COMMUNICATION_SERVICES,18,3,15,16.67,0.2656,-0.5035,-8.45,-845.0,7.1026,-5.8535,10.603,-9.2677,305.6,1150.6,-8.45,-10.3815,-21.5854,-1.0,13.8,30,1,17,low_profit_factor(0.27); negative_expectancy(-0.503)
ADT,Industrials,SECTOR_INDUSTRIALS,24,5,19,20.83,0.2205,-0.5057,-11.2356,-1123.56,4.187,-4.9079,14.6377,-9.5122,317.85,1441.41,-12.1785,-9.5845,-19.8197,-0.9226,7.0,24,0,24,low_profit_factor(0.22); negative_expectancy(-0.506)
APPN,Technology,SECTOR_TECHNOLOGY,15,3,12,20.0,0.2997,-0.508,-7.5286,-752.86,9.6845,-8.956,17.1255,-14.6516,322.18,1075.04,-8.023,-9.5896,-24.0543,-0.9384,16.3,73,0,15,low_profit_factor(0.30); negative_expectancy(-0.508)
USAC,Energy,SECTOR_ENERGY,8,2,6,25.0,0.0089,-0.5082,-4.1432,-414.32,0.1228,-3.6712,0.2048,-6.1512,3.72,418.04,-4.1432,-17.9703,-22.2374,-1.0,10.9,23,0,8,low_profit_factor(0.01); negative_expectancy(-0.508)
MOV,Consumer Discretionary,SECTOR_CONSUMER_DISCRETIONARY,17,3,14,17.65,0.3198,-0.5097,-7.9944,-799.44,7.6839,-5.277,13.046,-8.3155,375.85,1175.29,-10.4568,-8.2822,-21.7511,-0.7645,12.5,39,0,17,low_profit_factor(0.32); negative_expectancy(-0.510)
SDGR,Healthcare,SECTOR_HEALTHCARE,22,5,17,22.73,0.2607,-0.5116,-10.8051,-1080.51,8.618,-9.0104,22.989,-15.8636,381.0,1461.51,-10.8051,-8.6936,-20.8859,-1.0,11.2,62,0,22,low_profit_factor(0.26); negative_expectancy(-0.512)
NTCT,Technology,SECTOR_TECHNOLOGY,17,2,15,11.76,0.244,-0.5128,-8.8263,-882.63,9.2922,-4.4835,11.6894,-8.0936,284.9,1167.53,-9.3177,-9.0658,-22.7862,-0.9473,10.6,47,2,15,low_profit_factor(0.24); negative_expectancy(-0.513)
OI,Consumer Discretionary,SECTOR_CONSUMER_DISCRETIONARY,11,3,8,27.27,0.2731,-0.5186,-5.2065,-520.65,4.5352,-6.8366,5.1724,-9.4537,195.62,716.27,-5.8299,-10.3755,-23.7315,-0.8931,16.2,46,1,10,low_profit_factor(0.27); negative_expectancy(-0.519)
OXY,Energy,SECTOR_ENERGY,14,2,12,14.29,0.3137,-0.5187,-7.3048,-730.48,7.278,-4.4187,10.4505,-7.6981,333.89,1064.37,-8.0566,-9.2289,-24.1993,-0.9067,10.8,41,0,14,low_profit_factor(0.31); negative_expectancy(-0.519)
VALU,Financials,SECTOR_FINANCIALS,11,3,8,27.27,0.1677,-0.5194,-5.2427,-524.27,3.2781,-8.09,5.157,-14.8043,105.6,629.87,-5.3307,-12.1806,-18.4161,-0.9835,12.5,38,0,11,low_profit_factor(0.17); negative_expectancy(-0.519)
GIII,Consumer Discretionary,SECTOR_CONSUMER_DISCRETIONARY,23,4,19,17.39,0.3034,-0.5195,-11.8941,-1189.41,9.3209,-7.2283,18.4097,-26.753,518.09,1707.5,-13.7676,-8.0404,-12.1996,-0.8639,12.3,43,1,22,low_profit_factor(0.30); negative_expectancy(-0.519)
FNLC,Financials,SECTOR_FINANCIALS,19,4,15,21.05,0.1707,-0.5228,-9.959,-995.9,2.5098,-4.442,6.4955,-6.8631,205.05,1200.95,-11.456,-13.0702,-22.6196,-0.8693,9.5,22,0,19,low_profit_factor(0.17); negative_expectancy(-0.523)
HUM,Healthcare,SECTOR_HEALTHCARE,11,3,8,27.27,0.1386,-0.5232,-5.2887,-528.87,2.1248,-5.3125,3.7981,-8.8342,85.08,613.95,-6.1297,-12.2855,-18.5786,-0.8628,17.6,83,0,11,low_profit_factor(0.14); negative_expectancy(-0.523)
NCNO,Technology,SECTOR_TECHNOLOGY,20,3,17,15.0,0.388,-0.5234,-9.6748,-967.48,12.135,-8.0627,18.1325,-19.5033,613.37,1580.85,-14.8192,-8.6188,-16.1793,-0.6529,8.7,46,0,20,low_profit_factor(0.39); negative_expectancy(-0.523)
MBC,Consumer Discretionary,SECTOR_CONSUMER_DISCRETIONARY,5,1,4,20.0,0.141,-0.5246,-2.6059,-260.59,3.6406,-5.5945,3.6406,-7.8053,42.77,303.36,-2.6059,-11.5757,-16.8456,-1.0,12.8,24,0,5,low_profit_factor(0.14); negative_expectancy(-0.525)
CNA,Financials,SECTOR_FINANCIALS,23,4,19,17.39,0.2018,-0.5249,-11.2935,-1129.35,3.0827,-2.7331,7.6962,-4.5975,285.49,1414.84,-12.9775,-9.9102,-23.85,-0.8702,8.3,61,0,23,low_profit_factor(0.20); negative_expectancy(-0.525)
AVIR,Healthcare,SECTOR_HEALTHCARE,17,3,14,17.65,0.3041,-0.5263,-7.7375,-773.75,10.6325,-8.0286,16.1812,-13.7851,338.18,1111.93,-8.0952,-9.1416,-23.4467,-0.9558,14.1,46,0,17,low_profit_factor(0.30); negative_expectancy(-0.526)
EMBC,Healthcare,SECTOR_HEALTHCARE,12,3,9,25.0,0.2987,-0.5269,-5.8458,-584.58,8.3667,-9.0774,15.8065,-10.1842,249.04,833.62,-6.6175,-8.9058,-84.8319,-0.8834,14.5,53,4,8,low_profit_factor(0.30); negative_expectancy(-0.527)
RES,Energy,SECTOR_ENERGY,13,2,11,15.38,0.1681,-0.5292,-7.0039,-700.39,4.8929,-5.7472,8.6601,-8.5927,141.54,841.93,-8.3711,-12.4132,-19.5332,-0.8367,7.4,11,0,13,low_profit_factor(0.17); negative_expectancy(-0.529)
AURA,Healthcare,SECTOR_HEALTHCARE,11,3,8,27.27,0.3543,-0.5299,-5.6025,-560.25,10.2752,-14.103,26.1538,-31.2553,307.48,867.73,-7.3302,-8.3221,-16.8083,-0.7643,14.3,32,1,10,low_profit_factor(0.35); negative_expectancy(-0.530)
FCN,Industrials,SECTOR_INDUSTRIALS,4,1,3,25.0,0.17,-0.5333,-2.0115,-201.15,1.8752,-3.6609,1.8752,-5.4443,41.21,242.36,-2.0115,-11.697,-21.4873,-1.0,14.8,25,0,4,too_few_trades(4); low_profit_factor(0.17); negative_expectancy(-0.533)
KNSL,Financials,SECTOR_FINANCIALS,8,2,6,25.0,0.3308,-0.5373,-3.1743,-317.43,5.2709,-5.5101,7.7705,-8.9915,156.93,474.36,-4.1574,-8.0908,-19.3468,-0.7635,8.1,26,0,8,low_profit_factor(0.33); negative_expectancy(-0.537)
UNH,Healthcare,SECTOR_HEALTHCARE,16,4,12,25.0,0.3181,-0.538,-7.501,-750.1,4.3521,-4.8212,8.0822,-17.0233,349.84,1099.94,-8.8453,-7.0312,-9.2289,-0.848,10.7,50,0,16,low_profit_factor(0.32); negative_expectancy(-0.538)
MGTX,Healthcare,SECTOR_HEALTHCARE,18,4,14,22.22,0.2127,-0.5458,-9.3812,-938.12,7.6365,-9.758,17.2684,-15.9876,253.38,1191.5,-9.3812,-11.0265,-35.1686,-1.0,11.7,53,1,17,low_profit_factor(0.21); negative_expectancy(-0.546)
VIR,Healthcare,SECTOR_HEALTHCARE,15,4,11,26.67,0.1918,-0.5461,-8.2394,-823.94,4.4685,-10.2171,6.4378,-14.3045,195.55,1019.49,-9.1577,-13.9828,-37.5403,-0.8997,19.6,78,0,15,low_profit_factor(0.19); negative_expectancy(-0.546)
IFF,Materials,SECTOR_MATERIALS,18,5,13,27.78,0.3573,-0.5464,-9.8679,-986.79,6.3324,-5.6309,13.8118,-23.1232,548.57,1535.36,-10.1616,-4.6462,-6.6047,-0.9711,14.7,45,3,15,low_profit_factor(0.36); negative_expectancy(-0.546)
WTM,Financials,SECTOR_FINANCIALS,4,1,3,25.0,0.233,-0.548,-1.4468,-144.68,2.2049,-3.3712,2.2049,-3.6774,43.94,188.62,-1.8862,-11.2126,-102.5541,-0.767,12.0,27,0,4,too_few_trades(4); low_profit_factor(0.23); negative_expectancy(-0.548)
IOT,Technology,SECTOR_TECHNOLOGY,2,0,2,0.0,0.0,-0.5505,-1.0753,-107.53,0.0,-4.651,-0.7395,-8.5626,0.0,107.53,-1.0753,-13.3471,-13.3471,-1.0,3.5,6,0,2,too_few_trades(2); low_profit_factor(0.00); negative_expectancy(-0.550)
ADPT,Healthcare,SECTOR_HEALTHCARE,24,3,21,12.5,0.1733,-0.5514,-13.007,-1300.7,10.8778,-10.0877,18.5976,-18.4652,272.59,1573.29,-13.4568,-13.2633,-23.1234,-0.9666,13.3,61,1,23,low_profit_factor(0.17); negative_expectancy(-0.551)
PFL,Financials,SECTOR_FINANCIALS,15,4,11,26.67,0.2126,-0.552,-8.3775,-837.75,1.4804,-2.3254,1.9231,-5.2941,226.17,1063.92,-8.3775,-9.7792,-14.8936,-1.0,11.8,40,0,15,low_profit_factor(0.21); negative_expectancy(-0.552)
SKYX,Industrials,SECTOR_INDUSTRIALS,17,2,15,11.76,0.0958,-0.5543,-8.9632,-896.32,7.3238,-10.7317,8.5,-18.5974,94.94,991.26,-9.9126,-16.6705,-22.9362,-0.9042,8.5,43,0,17,low_profit_factor(0.10); negative_expectancy(-0.554)
EFR,Financials,SECTOR_FINANCIALS,19,2,17,10.53,0.0681,-0.555,-9.8909,-989.09,0.7912,-1.5795,1.1565,-3.6774,72.3,1061.39,-9.8909,-17.096,-20.4062,-1.0,12.5,60,1,18,low_profit_factor(0.07); negative_expectancy(-0.555)
DH,Healthcare,SECTOR_HEALTHCARE,11,2,9,18.18,0.4796,-0.5552,-5.1685,-516.85,25.4242,-11.8782,43.617,-20.202,476.38,993.23,-7.3085,-4.6169,-19.9799,-0.7072,23.5,102,2,9,low_profit_factor(0.48); negative_expectancy(-0.555)
JQC,Financials,SECTOR_FINANCIALS,16,4,12,25.0,0.1763,-0.5561,-8.3552,-835.52,0.9363,-2.1583,1.8248,-3.5055,178.88,1014.4,-8.3552,-13.4392,-24.2204,-1.0,17.6,87,0,16,low_profit_factor(0.18); negative_expectancy(-0.556)
PSKY,Communication Services,SECTOR_COMMUNICATION_SERVICES,13,2,11,15.38,0.1358,-0.5582,-7.3479,-734.79,3.031,-5.798,4.5249,-11.0879,115.49,850.28,-7.5788,-14.5803,-18.5724,-0.9695,14.0,59,0,13,low_profit_factor(0.14); negative_expectancy(-0.558)
HASI,Financials,SECTOR_FINANCIALS,20,5,15,25.0,0.1744,-0.5616,-10.4933,-1049.33,4.5415,-7.2389,20.3575,-12.0326,221.68,1271.01,-10.5248,-9.5127,-21.6256,-0.997,14.2,44,0,20,low_profit_factor(0.17); negative_expectancy(-0.562)
BGT,Financials,SECTOR_FINANCIALS,20,3,17,15.0,0.1934,-0.5629,-10.6734,-1067.34,1.6314,-2.1018,2.6149,-3.953,255.89,1323.23,-10.6734,-14.3155,-24.2432,-1.0,10.6,31,1,19,low_profit_factor(0.19); negative_expectancy(-0.563)
RBBN,Technology,SECTOR_TECHNOLOGY,20,3,17,15.0,0.2918,-0.5636,-10.5573,-1055.73,10.8494,-7.839,24.3478,-15.5941,435.0,1490.73,-10.5573,-9.2556,-20.8281,-1.0,7.5,32,0,20,low_profit_factor(0.29); negative_expectancy(-0.564)
GDOT,Financials,SECTOR_FINANCIALS,18,4,14,22.22,0.2233,-0.5668,-9.1584,-915.84,5.4991,-7.4602,12.2334,-12.8471,263.25,1179.09,-9.1584,-11.4143,-26.7053,-1.0,13.7,63,1,17,low_profit_factor(0.22); negative_expectancy(-0.567)
ANGO,Healthcare,SECTOR_HEALTHCARE,18,3,15,16.67,0.2167,-0.5682,-9.7751,-977.51,8.5414,-7.6306,13.4458,-17.351,270.36,1247.87,-10.8204,-10.3328,-18.7996,-0.9034,12.6,54,3,15,low_profit_factor(0.22); negative_expectancy(-0.568)
ARCO,Consumer Discretionary,SECTOR_CONSUMER_DISCRETIONARY,6,2,4,33.33,0.2529,-0.569,-3.2831,-328.31,3.1902,-7.5652,5.5172,-11.625,111.11,439.42,-4.3942,-10.2528,-21.9717,-0.7471,15.3,56,0,6,low_profit_factor(0.25); negative_expectancy(-0.569)
SKWD,Financials,SECTOR_FINANCIALS,2,0,2,0.0,0.0,-0.5735,-0.8947,-89.47,0.0,-3.1329,-0.9133,-5.3524,0.0,89.47,-0.8947,-15.8438,-15.8438,-1.0,4.5,8,0,2,too_few_trades(2); low_profit_factor(0.00); negative_expectancy(-0.574)
S,Technology,SECTOR_TECHNOLOGY,14,1,13,7.14,0.3989,-0.5754,-7.6516,-765.16,41.4882,-8.2701,41.4882,-21.147,507.84,1273.0,-8.3669,-5.2724,-14.4535,-0.9145,15.2,40,0,14,low_profit_factor(0.40); negative_expectancy(-0.575)
OCSL,Financials,SECTOR_FINANCIALS,14,3,11,21.43,0.3158,-0.5768,-7.5183,-751.83,4.4603,-3.1315,6.7568,-5.6559,347.05,1098.88,-10.6202,-6.7078,-17.9454,-0.7079,11.7,41,0,14,low_profit_factor(0.32); negative_expectancy(-0.577)
MPX,Consumer Discretionary,SECTOR_CONSUMER_DISCRETIONARY,23,3,20,13.04,0.1209,-0.578,-12.9301,-1293.01,5.1837,-5.4051,10.7601,-9.4488,177.82,1470.83,-13.2038,-13.7028,-23.6539,-0.9793,8.6,38,1,22,low_profit_factor(0.12); negative_expectancy(-0.578)
JRVR,Financials,SECTOR_FINANCIALS,15,2,13,13.33,0.311,-0.5799,-8.3634,-836.34,15.9167,-7.2279,27.3333,-9.2378,377.43,1213.77,-10.6545,-7.0442,-41.174,-0.785,11.5,27,1,14,low_profit_factor(0.31); negative_expectancy(-0.580)
MAGN,Consumer Staples,SECTOR_CONSUMER_STAPLES,11,2,9,18.18,0.3209,-0.5817,-5.9406,-594.06,12.9047,-13.3689,20.1335,-17.3942,280.72,874.78,-8.7478,-12.0527,-56.579,-0.6791,12.5,27,0,11,low_profit_factor(0.32); negative_expectancy(-0.582)
SJM,Consumer Staples,SECTOR_CONSUMER_STAPLES,7,2,5,28.57,0.1702,-0.586,-3.5984,-359.84,2.0756,-4.7621,3.1398,-6.4861,73.8,433.64,-3.8294,-12.7325,-42.0118,-0.9397,31.4,87,1,6,low_profit_factor(0.17); negative_expectancy(-0.586)
CAL,Consumer Discretionary,SECTOR_CONSUMER_DISCRETIONARY,17,3,14,17.65,0.1836,-0.5896,-9.9602,-996.02,5.4481,-7.9662,9.245,-15.9006,224.06,1220.08,-10.6926,-12.9797,-19.3881,-0.9315,7.6,16,1,16,low_profit_factor(0.18); negative_expectancy(-0.590)
BSM,Energy,SECTOR_ENERGY,7,2,5,28.57,0.2744,-0.5972,-4.1581,-415.81,2.6442,-3.7792,3.9852,-4.7799,157.23,573.04,-5.7304,-9.4382,-48.7656,-0.7256,17.3,34,0,7,low_profit_factor(0.27); negative_expectancy(-0.597)
POOL,Industrials,SECTOR_INDUSTRIALS,16,2,14,12.5,0.1775,-0.5972,-8.5512,-855.12,6.6212,-5.0067,11.8608,-9.2362,184.6,1039.72,-8.5512,-11.0267,-20.2379,-1.0,7.7,24,0,16,low_profit_factor(0.18); negative_expectancy(-0.597)
VZ,Communication Services,SECTOR_COMMUNICATION_SERVICES,20,4,16,20.0,0.1575,-0.5973,-11.1083,-1110.83,2.4577,-3.1476,6.1,-4.6539,207.67,1318.5,-12.0908,-11.8945,-28.6212,-0.9187,11.6,46,1,19,low_profit_factor(0.16); negative_expectancy(-0.597)
HCSG,Healthcare,SECTOR_HEALTHCARE,25,3,22,12.0,0.1447,-0.5999,-14.2698,-1426.98,6.1538,-4.9791,13.6943,-8.5543,241.44,1668.42,-14.2698,-12.4603,-25.9688,-1.0,7.8,26,0,25,low_profit_factor(0.14); negative_expectancy(-0.600)
AMPL,Technology,SECTOR_TECHNOLOGY,14,4,10,28.57,0.3271,-0.6005,-8.294,-829.4,9.0747,-9.648,16.1905,-35.0704,403.19,1232.59,-8.294,-5.5807,-7.1578,-1.0,19.3,98,0,14,low_profit_factor(0.33); negative_expectancy(-0.601)
GPK,Consumer Discretionary,SECTOR_CONSUMER_DISCRETIONARY,13,2,11,15.38,0.1571,-0.6045,-7.5217,-752.17,2.99,-3.7864,4.4244,-6.001,140.14,892.31,-7.8949,-14.565,-27.2786,-0.9527,6.7,22,1,12,low_profit_factor(0.16); negative_expectancy(-0.605)
QNST,Communication Services,SECTOR_COMMUNICATION_SERVICES,23,5,18,21.74,0.1063,-0.605,-13.4669,-1346.69,2.7414,-7.0004,4.4426,-15.1113,160.25,1506.94,-13.4669,-14.9323,-22.0383,-1.0,10.6,27,0,23,low_profit_factor(0.11); negative_expectancy(-0.605)
GDRX,Healthcare,SECTOR_HEALTHCARE,18,3,15,16.67,0.284,-0.6051,-10.6237,-1062.37,17.0878,-11.454,37.8623,-21.2091,421.37,1483.74,-10.6237,-8.0178,-26.5627,-1.0,12.0,46,1,17,low_profit_factor(0.28); negative_expectancy(-0.605)
ARTNA,Utilities,SECTOR_UTILITIES,9,1,8,11.11,0.1457,-0.6065,-5.1963,-519.63,5.7027,-3.9747,5.7027,-5.9094,88.62,608.25,-5.1963,-12.3638,-23.1702,-1.0,13.0,32,0,9,low_profit_factor(0.15); negative_expectancy(-0.607)
UP,Industrials,SECTOR_INDUSTRIALS,13,2,11,15.38,0.2448,-0.6067,-8.1975,-819.75,24.9894,-17.4139,32.9787,-24.7711,265.77,1085.52,-8.8849,-10.414,-46.8042,-0.9226,15.0,50,0,13,low_profit_factor(0.24); negative_expectancy(-0.607)
OPTU,Communication Services,SECTOR_COMMUNICATION_SERVICES,14,3,11,21.43,0.1269,-0.6079,-8.65,-865.0,6.5233,-11.6113,14.1463,-16.0133,125.73,990.73,-8.65,-13.7874,-30.3258,-1.0,16.6,81,2,12,low_profit_factor(0.13); negative_expectancy(-0.608)
MTN,Consumer Discretionary,SECTOR_CONSUMER_DISCRETIONARY,17,3,14,17.65,0.1784,-0.6112,-9.6911,-969.11,4.208,-4.6107,7.0275,-6.7636,210.46,1179.57,-9.6911,-12.2185,-28.6657,-1.0,11.1,31,0,17,low_profit_factor(0.18); negative_expectancy(-0.611)
ROG,Technology,SECTOR_TECHNOLOGY,13,2,11,15.38,0.1403,-0.6115,-7.9611,-796.11,4.9092,-5.3506,5.7862,-8.3528,129.92,926.03,-8.6871,-13.3423,-24.041,-0.9164,27.6,198,1,12,low_profit_factor(0.14); negative_expectancy(-0.612)
GTN,Communication Services,SECTOR_COMMUNICATION_SERVICES,15,3,12,20.0,0.2489,-0.6139,-8.8505,-885.05,11.5166,-9.6822,21.9858,-15.5635,293.25,1178.3,-10.4775,-8.5229,-23.8496,-0.8447,16.5,43,0,15,low_profit_factor(0.25); negative_expectancy(-0.614)
PSEC,Financials,SECTOR_FINANCIALS,10,2,8,20.0,0.2428,-0.6165,-5.8501,-585.01,4.8447,-4.4298,5.2039,-6.3604,187.59,772.6,-7.5837,-10.1516,-38.1658,-0.7714,25.1,71,2,8,low_profit_factor(0.24); negative_expectancy(-0.617)
REPL,Healthcare,SECTOR_HEALTHCARE,17,3,14,17.65,0.3792,-0.6197,-10.0368,-1003.68,25.4904,-14.2683,28.0103,-75.0691,613.18,1616.86,-10.6038,-5.1029,-6.3936,-0.9465,14.5,59,2,15,low_profit_factor(0.38); negative_expectancy(-0.620)
ELVN,Healthcare,SECTOR_HEALTHCARE,23,4,19,17.39,0.1695,-0.62,-13.6104,-1361.04,9.1816,-11.166,17.1717,-17.8917,277.69,1638.73,-13.6104,-13.1634,-27.621,-1.0,7.1,24,1,22,low_profit_factor(0.17); negative_expectancy(-0.620)
UPS,Industrials,SECTOR_INDUSTRIALS,18,5,13,27.78,0.3096,-0.6201,-11.2779,-1127.79,5.0783,-5.1566,13.641,-11.5106,505.76,1633.55,-14.2129,-6.4061,-14.3738,-0.7935,16.7,60,2,16,low_profit_factor(0.31); negative_expectancy(-0.620)
ICFI,Industrials,SECTOR_INDUSTRIALS,3,1,2,33.33,0.2731,-0.6219,-1.851,-185.1,4.5561,-8.4383,4.5561,-11.1481,69.53,254.63,-2.5463,-8.173,-17.012,-0.7269,50.7,121,1,2,too_few_trades(3); low_profit_factor(0.27); negative_expectancy(-0.622)
KOS,Energy,SECTOR_ENERGY,10,2,8,20.0,0.3147,-0.6236,-5.6733,-567.33,16.3911,-11.0134,25.3968,-16.1292,260.56,827.89,-8.1986,-6.8293,-20.815,-0.692,8.2,17,0,10,low_profit_factor(0.31); negative_expectancy(-0.624)
FOXF,Consumer Discretionary,SECTOR_CONSUMER_DISCRETIONARY,14,4,10,28.57,0.3794,-0.6326,-7.6855,-768.55,9.9411,-11.0544,13.4975,-29.8333,469.77,1238.32,-8.8306,-6.9321,-11.3883,-0.8703,22.3,105,4,10,low_profit_factor(0.38); negative_expectancy(-0.633)
CIVI,Energy,SECTOR_ENERGY,8,1,7,12.5,0.291,-0.633,-4.7877,-478.77,11.5605,-7.7041,11.5605,-9.8454,196.5,675.27,-6.6226,-11.83,-38.3739,-0.7229,14.8,40,0,8,low_profit_factor(0.29); negative_expectancy(-0.633)
SHCO,Consumer Discretionary,SECTOR_CONSUMER_DISCRETIONARY,16,6,10,37.5,0.2915,-0.6352,-10.5278,-1052.78,8.5281,-8.3903,15.7068,-15.1681,433.07,1485.85,-11.2763,-3.3105,-8.5714,-0.9336,12.4,31,0,16,low_profit_factor(0.29); negative_expectancy(-0.635)
NUS,Consumer Staples,SECTOR_CONSUMER_STAPLES,16,3,13,18.75,0.1817,-0.6383,-10.1312,-1013.12,8.7129,-6.859,16.129,-11.7857,224.94,1238.06,-10.1312,-8.7665,-25.6526,-1.0,15.1,42,1,15,low_profit_factor(0.18); negative_expectancy(-0.638)
ELV,Healthcare,SECTOR_HEALTHCARE,15,3,12,20.0,0.0664,-0.6385,-8.4181,-841.81,0.9323,-3.536,1.135,-6.3326,59.89,901.7,-8.6246,-17.1999,-23.4278,-0.9761,13.7,84,1,14,low_profit_factor(0.07); negative_expectancy(-0.638)
ALLO,Healthcare,SECTOR_HEALTHCARE,13,2,11,15.38,0.2194,-0.644,-7.7978,-779.78,14.1488,-14.1398,16.1765,-21.5686,219.16,998.94,-9.0342,-13.2091,-28.4703,-0.8631,14.3,36,1,12,low_profit_factor(0.22); negative_expectancy(-0.644)
BF-B,Consumer Staples,SECTOR_CONSUMER_STAPLES,17,4,13,23.53,0.1705,-0.6443,-10.1118,-1011.18,1.6748,-4.6431,3.8502,-6.433,207.81,1218.99,-10.1118,-16.3005,-37.2682,-1.0,13.5,72,0,17,low_profit_factor(0.17); negative_expectancy(-0.644)
AHCO,Healthcare,SECTOR_HEALTHCARE,15,2,13,13.33,0.1848,-0.6455,-9.6655,-966.55,15.4351,-7.4774,30.2326,-20.5629,219.1,1185.65,-11.549,-6.4342,-13.621,-0.8369,14.8,57,0,15,low_profit_factor(0.18); negative_expectancy(-0.645)
PROK,Healthcare,SECTOR_HEALTHCARE,9,2,7,22.22,0.0875,-0.6469,-5.6784,-567.84,7.6627,-14.9274,15.2361,-18.6268,54.43,622.27,-6.1846,-13.6392,-30.9254,-0.9181,25.2,173,0,9,low_profit_factor(0.09); negative_expectancy(-0.647)
TGNA,Communication Services,SECTOR_COMMUNICATION_SERVICES,14,4,10,28.57,0.1948,-0.6501,-8.9169,-891.69,3.4282,-5.1956,5.5779,-22.3611,215.79,1107.48,-9.6828,-6.4983,-6.8024,-0.9209,13.9,64,1,13,low_profit_factor(0.19); negative_expectancy(-0.650)
CPB,Consumer Staples,SECTOR_CONSUMER_STAPLES,9,2,7,22.22,0.0333,-0.6519,-5.8632,-586.32,0.5399,-3.7428,0.6567,-7.1186,20.19,606.51,-5.8632,-16.3559,-19.7662,-1.0,15.6,44,1,8,low_profit_factor(0.03); negative_expectancy(-0.652)
OFLX,Industrials,SECTOR_INDUSTRIALS,12,1,11,8.33,0.185,-0.6548,-7.9144,-791.44,18.7305,-6.5481,18.7305,-9.5189,179.7,971.14,-7.9144,-9.0211,-24.0139,-1.0,23.5,62,1,11,low_profit_factor(0.18); negative_expectancy(-0.655)
ACDC,Energy,SECTOR_ENERGY,15,2,13,13.33,0.1762,-0.6575,-9.4233,-942.33,18.5869,-10.265,35.0168,-15.6707,201.52,1143.85,-9.6081,-8.2734,-29.7917,-0.9808,7.8,26,0,15,low_profit_factor(0.18); negative_expectancy(-0.657)
ALIT,Technology,SECTOR_TECHNOLOGY,16,3,13,18.75,0.0993,-0.6578,-10.4005,-1040.05,2.3427,-6.6199,4.0712,-11.149,114.64,1154.69,-10.4005,-17.8435,-29.1688,-1.0,12.1,57,1,15,low_profit_factor(0.10); negative_expectancy(-0.658)
SMCI,Technology,SECTOR_TECHNOLOGY,6,2,4,33.33,0.2328,-0.665,-3.8697,-386.97,6.1172,-17.8833,7.7348,-29.0635,117.44,504.41,-4.3889,-11.4324,-20.9417,-0.8817,13.7,34,0,6,low_profit_factor(0.23); negative_expectancy(-0.665)
AVTR,Healthcare,SECTOR_HEALTHCARE,17,4,13,23.53,0.1367,-0.6677,-10.8519,-1085.19,2.6801,-6.5957,5.9501,-11.2857,171.78,1256.97,-10.8519,-14.957,-28.7131,-1.0,17.1,76,1,16,low_profit_factor(0.14); negative_expectancy(-0.668)
IEP,Energy,SECTOR_ENERGY,16,3,13,18.75,0.1283,-0.6678,-10.4359,-1043.59,1.8819,-5.3199,2.5989,-10.4717,153.54,1197.13,-11.468,-16.1762,-21.8898,-0.91,11.9,28,0,16,low_profit_factor(0.13); negative_expectancy(-0.668)
USNA,Consumer Staples,SECTOR_CONSUMER_STAPLES,12,2,10,16.67,0.2149,-0.669,-7.6853,-768.53,5.5337,-5.9241,10.5579,-8.5567,210.36,978.89,-7.7601,-12.6172,-56.7876,-0.9904,23.7,106,2,10,low_profit_factor(0.21); negative_expectancy(-0.669)
SAM,Consumer Staples,SECTOR_CONSUMER_STAPLES,16,2,14,12.5,0.0843,-0.6748,-9.515,-951.5,2.6393,-5.2175,3.7529,-9.5866,87.65,1039.15,-9.836,-17.7283,-23.6303,-0.9674,15.4,78,0,16,low_profit_factor(0.08); negative_expectancy(-0.675)
BF-A,Consumer Staples,SECTOR_CONSUMER_STAPLES,22,3,19,13.64,0.126,-0.6748,-13.5834,-1358.34,2.436,-3.9408,3.8832,-6.9943,195.86,1554.2,-13.5834,-17.1582,-27.6345,-1.0,11.5,68,0,22,low_profit_factor(0.13); negative_expectancy(-0.675)
EIX,Utilities,SECTOR_UTILITIES,8,0,8,0.0,0.0,-0.6824,-4.5481,-454.81,0.0,-3.5095,-0.3361,-6.7993,0.0,454.81,-4.5481,-23.0383,-23.0383,-1.0,9.0,20,1,7,low_profit_factor(0.00); negative_expectancy(-0.682)
GETY,Communication Services,SECTOR_COMMUNICATION_SERVICES,8,1,7,12.5,0.2711,-0.6858,-5.4711,-547.11,19.4332,-10.6638,19.4332,-13.7255,203.52,750.63,-7.3566,-10.0892,-46.8228,-0.7437,14.6,34,0,8,low_profit_factor(0.27); negative_expectancy(-0.686)
PSX,Energy,SECTOR_ENERGY,9,1,8,11.11,0.0492,-0.6927,-5.8699,-586.99,1.4678,-4.1288,1.4678,-6.5703,30.4,617.39,-5.8699,-21.6286,-29.3643,-1.0,8.0,19,0,9,low_profit_factor(0.05); negative_expectancy(-0.693)
NWL,Consumer Staples,SECTOR_CONSUMER_STAPLES,17,3,14,17.65,0.1031,-0.6989,-11.3469,-1134.69,3.1613,-7.7601,7.4719,-11.9623,130.48,1265.17,-11.5772,-18.4533,-37.4705,-0.9801,13.8,46,0,17,low_profit_factor(0.10); negative_expectancy(-0.699)
HSY,Consumer Staples,SECTOR_CONSUMER_STAPLES,14,2,12,14.29,0.0762,-0.7019,-9.5152,-951.52,2.0711,-4.1394,2.7306,-7.7173,78.53,1030.05,-9.5152,-18.2078,-27.9521,-1.0,12.4,64,1,13,low_profit_factor(0.08); negative_expectancy(-0.702)
WLY,Communication Services,SECTOR_COMMUNICATION_SERVICES,18,3,15,16.67,0.1378,-0.7025,-12.0385,-1203.85,3.276,-5.0627,5.2212,-11.2339,192.34,1396.19,-12.0385,-14.09,-21.6327,-1.0,16.2,44,0,18,low_profit_factor(0.14); negative_expectancy(-0.703)
VNOM,Energy,SECTOR_ENERGY,6,1,5,16.67,0.1695,-0.7041,-4.1042,-410.42,4.2087,-6.2786,4.2087,-8.1652,83.79,494.21,-4.9421,-16.3615,-64.5606,-0.8305,8.2,20,0,6,low_profit_factor(0.17); negative_expectancy(-0.704)
LEG,Consumer Discretionary,SECTOR_CONSUMER_DISCRETIONARY,15,3,12,20.0,0.1327,-0.705,-10.1754,-1017.54,2.6771,-6.3412,6.3371,-11.2701,155.62,1173.16,-10.7122,-16.7273,-36.0098,-0.9499,19.5,64,2,13,low_profit_factor(0.13); negative_expectancy(-0.705)
WU,Financials,SECTOR_FINANCIALS,16,1,15,6.25,0.1202,-0.708,-10.434,-1043.4,4.996,-4.015,4.996,-6.2447,142.6,1186.0,-10.434,-20.0498,-34.2115,-1.0,7.8,22,0,16,low_profit_factor(0.12); negative_expectancy(-0.708)
FIS,Technology,SECTOR_TECHNOLOGY,19,5,14,26.32,0.2814,-0.711,-12.5973,-1259.73,4.1569,-6.5598,6.914,-18.951,493.33,1753.06,-12.5973,-9.1666,-12.107,-1.0,12.1,32,2,17,low_profit_factor(0.28); negative_expectancy(-0.711)
VERI,Technology,SECTOR_TECHNOLOGY,20,3,17,15.0,0.1101,-0.7131,-13.8492,-1384.92,8.8695,-14.6234,19.0476,-26.0563,171.38,1556.3,-13.8492,-18.0665,-45.5345,-1.0,6.0,16,1,19,low_profit_factor(0.11); negative_expectancy(-0.713)
GFS,Technology,SECTOR_TECHNOLOGY,12,1,11,8.33,0.0404,-0.7138,-8.5221,-852.21,3.2542,-5.9378,3.2542,-8.888,35.91,888.12,-8.8812,-22.3782,-30.8977,-0.9596,8.2,14,0,12,low_profit_factor(0.04); negative_expectancy(-0.714)
TENB,Technology,SECTOR_TECHNOLOGY,15,2,13,13.33,0.1438,-0.7176,-9.7693,-976.93,6.7594,-6.4434,8.4653,-23.402,164.14,1141.07,-9.7693,-10.3615,-12.6764,-1.0,9.6,26,0,15,low_profit_factor(0.14); negative_expectancy(-0.718)
XFLT,Financials,SECTOR_FINANCIALS,14,3,11,21.43,0.0803,-0.72,-9.6025,-960.25,0.6504,-2.9726,0.8584,-4.85,83.8,1044.05,-9.6025,-17.2094,-23.3387,-1.0,14.1,92,2,12,low_profit_factor(0.08); negative_expectancy(-0.720)
UHAL-B,Industrials,SECTOR_INDUSTRIALS,3,0,3,0.0,0.0,-0.7201,-2.2198,-221.98,0.0,-4.4072,-0.7544,-6.8281,0.0,221.98,-2.2198,-21.7355,-21.7355,-1.0,7.3,11,0,3,too_few_trades(3); low_profit_factor(0.00); negative_expectancy(-0.720)
XIFR,Utilities,SECTOR_UTILITIES,16,2,14,12.5,0.0669,-0.7218,-11.2061,-1120.61,2.5677,-6.6291,4.2028,-9.4212,80.4,1201.01,-11.3321,-21.3057,-31.9002,-0.9889,11.1,28,2,14,low_profit_factor(0.07); negative_expectancy(-0.722)
AMN,Healthcare,SECTOR_HEALTHCARE,10,1,9,10.0,0.2318,-0.722,-6.5982,-659.82,14.5808,-8.0298,14.5808,-11.1145,199.05,858.87,-7.5463,-12.1371,-35.8364,-0.8744,11.5,36,2,8,low_profit_factor(0.23); negative_expectancy(-0.722)
DAWN,Healthcare,SECTOR_HEALTHCARE,17,1,16,5.88,0.0129,-0.7246,-11.6238,-1162.38,1.4875,-8.0285,1.4875,-12.1408,15.18,1177.56,-11.6238,-30.6407,-36.9626,-1.0,7.7,44,1,16,low_profit_factor(0.01); negative_expectancy(-0.725)
CNXC,Technology,SECTOR_TECHNOLOGY,16,3,13,18.75,0.1755,-0.7272,-11.3781,-1137.81,5.8559,-7.8697,7.5192,-19.5697,242.25,1380.06,-11.3781,-12.2018,-18.5587,-1.0,11.5,33,2,14,low_profit_factor(0.18); negative_expectancy(-0.727)
TTGT,Technology,SECTOR_TECHNOLOGY,16,3,13,18.75,0.2217,-0.7406,-11.3333,-1133.33,8.5161,-9.9141,12.004,-17.4778,322.77,1456.1,-11.3333,-12.2835,-25.4918,-1.0,11.2,44,1,15,low_profit_factor(0.22); negative_expectancy(-0.741)
WHR,Consumer Discretionary,SECTOR_CONSUMER_DISCRETIONARY,18,3,15,16.67,0.1429,-0.7447,-13.3405,-1334.05,5.7498,-6.5556,13.9813,-14.6154,222.41,1556.46,-13.7527,-12.15,-25.988,-0.97,12.1,26,0,18,low_profit_factor(0.14); negative_expectancy(-0.745)
FCEL,Industrials,SECTOR_INDUSTRIALS,16,1,15,6.25,0.2013,-0.7468,-10.9553,-1095.53,36.3958,-14.7006,36.3958,-19.137,276.04,1371.57,-10.9553,-14.1068,-83.1875,-1.0,12.8,44,0,16,low_profit_factor(0.20); negative_expectancy(-0.747)
EXOD,Technology,SECTOR_TECHNOLOGY,18,2,16,11.11,0.5202,-0.7541,-11.8361,-1183.61,62.9545,-18.7339,118.1818,-53.505,1283.45,2467.06,-12.8874,-4.5014,-14.1727,-0.9184,13.7,74,0,18,low_profit_factor(0.52); negative_expectancy(-0.754)
FANG,Energy,SECTOR_ENERGY,6,1,5,16.67,0.0599,-0.7553,-4.3514,-435.14,1.5611,-5.3601,1.5611,-7.2341,27.72,462.86,-4.6286,-20.9337,-40.3433,-0.9401,6.5,10,0,6,low_profit_factor(0.06); negative_expectancy(-0.755)
HRL,Consumer Staples,SECTOR_CONSUMER_STAPLES,14,3,11,21.43,0.0609,-0.7568,-9.9371,-993.71,0.8087,-3.7277,1.3845,-6.397,64.42,1058.13,-10.1832,-18.7272,-29.5937,-0.9758,11.6,33,1,13,low_profit_factor(0.06); negative_expectancy(-0.757)
MTCH,Communication Services,SECTOR_COMMUNICATION_SERVICES,15,1,14,6.67,0.0286,-0.7838,-11.3102,-1131.02,1.879,-5.5127,1.879,-9.0765,33.28,1164.3,-11.3102,-25.6477,-31.32,-1.0,17.3,92,0,15,low_profit_factor(0.03); negative_expectancy(-0.784)
PRTC,Healthcare,SECTOR_HEALTHCARE,16,3,13,18.75,0.2565,-0.7844,-11.9667,-1196.67,14.1751,-8.0953,31.0,-15.7475,412.86,1609.53,-15.5885,-5.7776,-21.1727,-0.7677,12.5,92,0,16,low_profit_factor(0.26); negative_expectancy(-0.784)
DXC,Technology,SECTOR_TECHNOLOGY,18,3,15,16.67,0.0525,-0.7869,-13.5941,-1359.41,1.4406,-6.5834,3.6686,-17.2332,75.36,1434.77,-13.5941,-17.3876,-20.9386,-1.0,9.6,36,0,18,low_profit_factor(0.05); negative_expectancy(-0.787)
ENPH,Technology,SECTOR_TECHNOLOGY,11,3,8,27.27,0.0619,-0.7896,-7.2295,-722.95,1.9453,-12.2013,3.3047,-23.0346,47.69,770.64,-7.5485,-14.8784,-18.6614,-0.9577,32.0,229,1,10,low_profit_factor(0.06); negative_expectancy(-0.790)
VFC,Consumer Discretionary,SECTOR_CONSUMER_DISCRETIONARY,18,1,17,5.56,0.0773,-0.7905,-13.216,-1321.6,10.0698,-7.5245,10.0698,-16.7571,110.72,1432.32,-14.3232,-19.7126,-30.9697,-0.9227,7.4,27,2,16,low_profit_factor(0.08); negative_expectancy(-0.790)
DRUG,Healthcare,SECTOR_HEALTHCARE,12,3,9,25.0,0.3313,-0.7957,-9.012,-901.2,18.3813,-14.2251,29.8211,-26.2793,446.58,1347.78,-12.5622,-5.7476,-13.3671,-0.7174,15.9,66,1,11,low_profit_factor(0.33); negative_expectancy(-0.796)
CHRD,Energy,SECTOR_ENERGY,6,1,5,16.67,0.0433,-0.8017,-4.499,-449.9,1.1401,-5.9228,1.1401,-6.7499,20.34,470.24,-4.7024,-25.7631,-138.5552,-0.9567,4.2,10,0,6,low_profit_factor(0.04); negative_expectancy(-0.802)
BHVN,Healthcare,SECTOR_HEALTHCARE,3,0,3,0.0,0.0,-0.8102,-2.3158,-231.58,0.0,-10.1901,-7.7942,-11.9047,0.0,231.58,-2.3158,-75.6517,-75.6517,-1.0,7.3,13,0,3,too_few_trades(3); low_profit_factor(0.00); negative_expectancy(-0.810)
PENN,Consumer Discretionary,SECTOR_CONSUMER_DISCRETIONARY,15,2,13,13.33,0.0701,-0.8129,-11.9012,-1190.12,3.9402,-8.2003,5.7714,-10.9434,89.74,1279.86,-12.7986,-21.9837,-49.239,-0.9299,14.9,58,0,15,low_profit_factor(0.07); negative_expectancy(-0.813)
AIRO,Industrials,SECTOR_INDUSTRIALS,1,0,1,0.0,0.0,-0.8134,-0.8128,-81.28,0.0,-10.9862,-10.9862,-10.9862,0.0,81.28,-0.8128,0.0,0.0,-1.0,16.0,16,0,1,too_few_trades(1); low_profit_factor(0.00); negative_expectancy(-0.813)
MRVI,Healthcare,SECTOR_HEALTHCARE,15,1,14,6.67,0.0314,-0.8157,-11.9687,-1196.87,5.3151,-9.9294,5.3151,-14.248,38.8,1235.67,-11.9687,-26.8745,-38.9938,-1.0,12.5,37,1,14,low_profit_factor(0.03); negative_expectancy(-0.816)
DVLT,Technology,SECTOR_TECHNOLOGY,7,1,6,14.29,0.0082,-0.816,-35.0006,-3500.06,8.0645,-21.9195,8.0645,-41.8769,28.8,3528.86,-35.2886,-18.7797,-26.387,-0.9918,18.0,88,1,6,low_profit_factor(0.01); negative_expectancy(-0.816)
RUM,Communication Services,SECTOR_COMMUNICATION_SERVICES,21,2,19,9.52,0.0165,-0.8164,-16.8111,-1681.11,1.9392,-10.333,3.0137,-19.5584,28.2,1709.31,-16.8111,-24.0104,-28.797,-1.0,6.0,32,1,20,low_profit_factor(0.02); negative_expectancy(-0.816)
IART,Healthcare,SECTOR_HEALTHCARE,14,2,12,14.29,0.1771,-0.8225,-10.7202,-1072.02,8.6262,-8.1753,15.8598,-21.9981,230.78,1302.8,-10.9159,-11.378,-19.0262,-0.9821,20.5,58,1,13,low_profit_factor(0.18); negative_expectancy(-0.823)
QDEL,Healthcare,SECTOR_HEALTHCARE,10,1,9,10.0,0.1038,-0.823,-8.2137,-821.37,11.3416,-8.9971,11.3416,-12.8915,95.12,916.49,-9.1649,-16.3981,-51.6392,-0.8962,53.1,196,0,10,low_profit_factor(0.10); negative_expectancy(-0.823)
NCDL,Financials,SECTOR_FINANCIALS,4,0,4,0.0,0.0,-0.8272,-3.075,-307.5,0.0,-3.2224,-0.7055,-4.1717,0.0,307.5,-3.075,-30.4471,-30.4471,-1.0,10.8,16,0,4,too_few_trades(4); low_profit_factor(0.00); negative_expectancy(-0.827)
BBBY,Consumer Discretionary,SECTOR_CONSUMER_DISCRETIONARY,7,1,6,14.29,0.0043,-0.8465,-5.8589,-585.89,0.2954,-17.0726,0.2954,-30.9198,2.54,588.43,-5.8843,-21.1909,-24.1932,-0.9957,4.9,10,0,7,low_profit_factor(0.00); negative_expectancy(-0.847)
WSC,Industrials,SECTOR_INDUSTRIALS,10,2,8,20.0,0.2784,-0.8529,-8.0493,-804.93,8.3465,-10.196,8.4708,-23.0489,310.51,1115.44,-10.8185,-10.9759,-17.5081,-0.744,9.2,22,0,10,low_profit_factor(0.28); negative_expectancy(-0.853)
NKE,Consumer Discretionary,SECTOR_CONSUMER_DISCRETIONARY,18,2,16,11.11,0.2858,-0.8591,-13.4649,-1346.49,19.8538,-5.9277,24.2947,-18.3982,538.76,1885.25,-14.4125,-5.2014,-11.5779,-0.9342,14.1,46,0,18,low_profit_factor(0.29); negative_expectancy(-0.859)
GTM,Technology,SECTOR_TECHNOLOGY,10,1,9,10.0,0.1826,-0.8855,-8.1005,-810.05,17.5457,-10.0222,17.5457,-18.9967,180.93,990.98,-9.0928,-11.202,-19.8504,-0.8909,33.5,107,4,6,low_profit_factor(0.18); negative_expectancy(-0.885)
SIGI,Financials,SECTOR_FINANCIALS,5,1,4,20.0,0.0879,-0.8949,-4.3416,-434.16,1.968,-5.8268,1.968,-9.4183,41.86,476.02,-4.7602,-16.5509,-27.3436,-0.9121,8.8,14,0,5,low_profit_factor(0.09); negative_expectancy(-0.895)
PD,Technology,SECTOR_TECHNOLOGY,18,1,17,5.56,0.0651,-0.9207,-16.3916,-1639.16,13.3179,-8.9311,13.3179,-15.2616,114.18,1753.34,-16.3916,-20.6545,-43.3393,-1.0,8.1,39,0,18,low_profit_factor(0.07); negative_expectancy(-0.921)
SPT,Technology,SECTOR_TECHNOLOGY,14,1,13,7.14,0.0196,-0.9592,-12.6028,-1260.28,2.7453,-11.922,2.7453,-17.7451,25.16,1285.44,-12.6028,-31.2627,-42.6481,-1.0,15.0,72,1,13,low_profit_factor(0.02); negative_expectancy(-0.959)
CAVA,Consumer Discretionary,SECTOR_CONSUMER_DISCRETIONARY,2,1,1,50.0,0.3111,-0.9604,-1.9399,-193.99,8.2307,-24.4856,8.2307,-24.4856,87.59,281.58,-2.8158,-5.5771,0.0,-0.6889,26.0,27,0,2,too_few_trades(2); low_profit_factor(0.31); negative_expectancy(-0.960)
CABO,Communication Services,SECTOR_COMMUNICATION_SERVICES,14,0,14,0.0,0.0,-0.9637,-10.9645,-1096.45,0.0,-7.3036,-0.5907,-13.0435,0.0,1096.45,-10.9645,-39.0172,-39.0172,-1.0,12.9,51,1,13,low_profit_factor(0.00); negative_expectancy(-0.964)
ECC,Financials,SECTOR_FINANCIALS,13,0,13,0.0,0.0,-0.9826,-11.6266,-1162.66,0.0,-3.4888,-0.0984,-10.2644,0.0,1162.66,-11.6266,-21.0925,-21.0925,-1.0,8.2,32,0,13,low_profit_factor(0.00); negative_expectancy(-0.983)
KVYO,Technology,SECTOR_TECHNOLOGY,2,0,2,0.0,0.0,-1.0,-1.7728,-177.28,0.0,-8.5848,-7.8574,-9.3123,0.0,177.28,-1.7728,-132.4692,-132.4692,-1.0,25.5,46,0,2,too_few_trades(2); low_profit_factor(0.00); negative_expectancy(-1.000)
LOAR,Industrials,SECTOR_INDUSTRIALS,1,0,1,0.0,0.0,-1.0,-0.9903,-99.03,0.0,-6.3836,-6.3836,-6.3836,0.0,99.03,-0.9903,0.0,0.0,-1.0,12.0,12,0,1,too_few_trades(1); low_profit_factor(0.00); negative_expectancy(-1.000)
RLI,Financials,SECTOR_FINANCIALS,1,0,1,0.0,0.0,-1.0,-0.9901,-99.01,0.0,-3.9559,-3.9559,-3.9559,0.0,99.01,-0.9901,0.0,0.0,-1.0,35.0,35,0,1,too_few_trades(1); low_profit_factor(0.00); negative_expectancy(-1.000)
KNF,Materials,SECTOR_MATERIALS,3,0,3,0.0,0.0,-1.0,-3.0179,-301.79,0.0,-6.3548,-5.7588,-6.9121,0.0,301.79,-3.0179,-174.6457,-174.6457,-1.0,14.7,40,1,2,too_few_trades(3); low_profit_factor(0.00); negative_expectancy(-1.000)
FSCO,Financials,SECTOR_FINANCIALS,1,0,1,0.0,0.0,-1.0,-0.7989,-79.89,0.0,-3.7148,-3.7148,-3.7148,0.0,79.89,-0.7989,0.0,0.0,-1.0,13.0,13,0,1,too_few_trades(1); low_profit_factor(0.00); negative_expectancy(-1.000)
NP,Financials,SECTOR_FINANCIALS,3,0,3,0.0,0.0,-1.0,-2.7531,-275.31,0.0,-9.2214,-7.3371,-11.6871,0.0,275.31,-2.7531,-65.5689,-65.5689,-1.0,4.0,8,0,3,too_few_trades(3); low_profit_factor(0.00); negative_expectancy(-1.000)
HCKT,Technology,SECTOR_TECHNOLOGY,1,0,1,0.0,0.0,-1.0,-0.9962,-99.62,0.0,-4.6026,-4.6026,-4.6026,0.0,99.62,-0.9962,0.0,0.0,-1.0,35.0,35,0,1,too_few_trades(1); low_profit_factor(0.00); negative_expectancy(-1.000)
FG,Financials,SECTOR_FINANCIALS,3,0,3,0.0,0.0,-1.0,-2.7966,-279.66,0.0,-5.1505,-4.9599,-5.46,0.0,279.66,-2.7966,-302.3221,-302.3221,-1.0,14.7,30,0,3,too_few_trades(3); low_profit_factor(0.00); negative_expectancy(-1.000)
PSBD,Financials,SECTOR_FINANCIALS,1,0,1,0.0,0.0,-1.0,-0.7952,-79.52,0.0,-5.6154,-5.6154,-5.6154,0.0,79.52,-0.7952,0.0,0.0,-1.0,7.0,7,0,1,too_few_trades(1); low_profit_factor(0.00); negative_expectancy(-1.000)
BOW,Financials,SECTOR_FINANCIALS,2,0,2,0.0,0.0,-1.0,-1.7879,-178.79,0.0,-6.4172,-6.1986,-6.6358,0.0,178.79,-1.7879,-329.5192,-329.5192,-1.0,12.0,14,0,2,too_few_trades(2); low_profit_factor(0.00); negative_expectancy(-1.000)
IMSR,Utilities,SECTOR_UTILITIES,1,0,1,0.0,0.0,-1.0,-0.9853,-98.53,0.0,-18.0417,-18.0417,-18.0417,0.0,98.53,-0.9853,0.0,0.0,-1.0,11.0,11,0,1,too_few_trades(1); low_profit_factor(0.00); negative_expectancy(-1.000)
BULL,Technology,SECTOR_TECHNOLOGY,1,0,1,0.0,0.0,-1.0,-0.9941,-99.41,0.0,-10.4192,-10.4192,-10.4192,0.0,99.41,-0.9941,0.0,0.0,-1.0,3.0,3,1,0,too_few_trades(1); low_profit_factor(0.00); negative_expectancy(-1.000)
BRBR,Consumer Staples,SECTOR_CONSUMER_STAPLES,1,0,1,0.0,0.0,-1.0,-0.9949,-99.49,0.0,-8.5546,-8.5546,-8.5546,0.0,99.49,-0.9949,0.0,0.0,-1.0,3.0,3,0,1,too_few_trades(1); low_profit_factor(0.00); negative_expectancy(-1.000)
BJ,Consumer Staples,SECTOR_CONSUMER_STAPLES,1,0,1,0.0,0.0,-1.0,-0.9817,-98.17,0.0,-5.4089,-5.4089,-5.4089,0.0,98.17,-0.9817,0.0,0.0,-1.0,7.0,7,0,1,too_few_trades(1); low_profit_factor(0.00); negative_expectancy(-1.000)
AJG,Financials,SECTOR_FINANCIALS,1,0,1,0.0,0.0,-1.0,-0.7666,-76.66,0.0,-4.245,-4.245,-4.245,0.0,76.66,-0.7666,0.0,0.0,-1.0,18.0,18,1,0,too_few_trades(1); low_profit_factor(0.00); negative_expectancy(-1.000)
INTA,Technology,SECTOR_TECHNOLOGY,2,0,2,0.0,0.0,-1.0,-1.9706,-197.06,0.0,-7.5521,-7.2664,-7.8378,0.0,197.06,-1.9706,-296.7172,-296.7172,-1.0,32.0,44,0,2,too_few_trades(2); low_profit_factor(0.00); negative_expectancy(-1.000)
KBR,Industrials,SECTOR_INDUSTRIALS,5,0,5,0.0,0.0,-1.0008,-4.7278,-472.78,0.0,-5.588,-4.9911,-6.4411,0.0,472.78,-4.7278,-149.9731,-149.9731,-1.0,13.0,33,0,5,low_profit_factor(0.00); negative_expectancy(-1.001)
JBIO,Healthcare,SECTOR_HEALTHCARE,7,3,4,42.86,0.4879,-1.0042,-7.2041,-720.41,35.2582,-46.828,83.8634,-89.5308,686.38,1406.79,-13.7108,-3.0972,-4.0675,-0.5254,39.9,145,2,5,low_profit_factor(0.49); negative_expectancy(-1.004)
BNED,Consumer Discretionary,SECTOR_CONSUMER_DISCRETIONARY,15,0,15,0.0,0.0,-1.0096,-13.5491,-1354.91,0.0,-15.7515,-8.6806,-49.4183,0.0,1354.91,-13.5491,-25.136,-25.136,-1.0,16.7,49,3,12,low_profit_factor(0.00); negative_expectancy(-1.010)
RXO,Industrials,SECTOR_INDUSTRIALS,4,0,4,0.0,0.0,-1.0102,-3.9086,-390.86,0.0,-10.5973,-8.805,-12.641,0.0,390.86,-3.9086,-98.9388,-98.9388,-1.0,17.5,59,0,4,too_few_trades(4); low_profit_factor(0.00); negative_expectancy(-1.010)
BGS,Consumer Staples,SECTOR_CONSUMER_STAPLES,13,0,13,0.0,0.0,-1.0104,-12.7634,-1276.34,0.0,-7.5411,-4.6832,-10.4317,0.0,1276.34,-12.7634,-68.7201,-68.7201,-1.0,21.2,119,1,12,low_profit_factor(0.00); negative_expectancy(-1.010)
SEZL,Financials,SECTOR_FINANCIALS,1,0,1,0.0,0.0,-1.0217,-0.9691,-96.91,0.0,-11.9978,-11.9978,-11.9978,0.0,96.91,-0.9691,0.0,0.0,-1.0,12.0,12,0,1,too_few_trades(1); low_profit_factor(0.00); negative_expectancy(-1.022)
BYND,Consumer Staples,SECTOR_CONSUMER_STAPLES,11,0,11,0.0,0.0,-1.031,-10.961,-1096.1,0.0,-13.8569,-10.5814,-17.0242,0.0,1096.1,-10.961,-120.7807,-120.7807,-1.0,20.8,60,1,10,low_profit_factor(0.00); negative_expectancy(-1.031)
CBZ,Industrials,SECTOR_INDUSTRIALS,4,0,4,0.0,0.0,-1.0316,-4.2833,-428.33,0.0,-5.8178,-4.5888,-6.9963,0.0,428.33,-4.2833,-72.1202,-72.1202,-1.0,5.8,13,0,4,too_few_trades(4); low_profit_factor(0.00); negative_expectancy(-1.032)
IBTA,Technology,SECTOR_TECHNOLOGY,2,0,2,0.0,0.0,-1.0379,-1.8373,-183.73,0.0,-8.2688,-7.8823,-8.6552,0.0,183.73,-1.8373,-240.1772,-240.1772,-1.0,16.0,29,1,1,too_few_trades(2); low_profit_factor(0.00); negative_expectancy(-1.038)
MRSH,Financials,SECTOR_FINANCIALS,2,0,2,0.0,0.0,-1.0393,-1.7772,-177.72,0.0,-3.1158,-2.7811,-3.4505,0.0,177.72,-1.7772,-104.4959,-104.4959,-1.0,13.0,22,1,1,too_few_trades(2); low_profit_factor(0.00); negative_expectancy(-1.039)
RYAN,Financials,SECTOR_FINANCIALS,2,0,2,0.0,0.0,-1.0591,-2.0957,-209.57,0.0,-6.1027,-5.5212,-6.6841,0.0,209.57,-2.0957,-117.8125,-117.8125,-1.0,12.5,20,0,2,too_few_trades(2); low_profit_factor(0.00); negative_expectancy(-1.059)
FMC,Materials,SECTOR_MATERIALS,8,2,6,25.0,0.2021,-1.1417,-9.133,-913.3,7.9162,-11.7616,9.4352,-35.4769,231.29,1144.59,-9.8835,-8.094,-9.3475,-0.9241,23.5,56,3,5,low_profit_factor(0.20); negative_expectancy(-1.142)
MSDL,Financials,SECTOR_FINANCIALS,5,0,5,0.0,0.0,-1.1465,-5.5151,-551.51,0.0,-3.866,-3.0102,-4.3988,0.0,551.51,-5.5151,-113.1544,-113.1544,-1.0,10.8,22,0,5,low_profit_factor(0.00); negative_expectancy(-1.147)
SBET,Communication Services,SECTOR_COMMUNICATION_SERVICES,12,0,12,0.0,0.0,-1.1624,-13.0836,-1308.36,0.0,-18.5031,-8.3407,-46.7143,0.0,1308.36,-13.0836,-27.755,-27.755,-1.0,5.9,22,2,10,low_profit_factor(0.00); negative_expectancy(-1.162)
AMC,Communication Services,SECTOR_COMMUNICATION_SERVICES,10,1,9,10.0,0.1499,-1.164,-11.5867,-1158.67,45.2492,-17.2867,45.2492,-48.6532,204.3,1362.97,-12.7386,-7.61,-14.0249,-0.9096,17.6,110,0,10,low_profit_factor(0.15); negative_expectancy(-1.164)
DNUT,Consumer Staples,SECTOR_CONSUMER_STAPLES,9,1,8,11.11,0.108,-1.1994,-10.032,-1003.2,5.8148,-12.9932,5.8148,-27.972,121.5,1124.7,-10.032,-19.4932,-25.7491,-1.0,12.1,63,0,9,low_profit_factor(0.11); negative_expectancy(-1.199)
PGR,Financials,SECTOR_FINANCIALS,1,0,1,0.0,0.0,-1.2537,-1.163,-116.3,0.0,-4.9431,-4.9431,-4.9431,0.0,116.3,-1.163,0.0,0.0,-1.0,2.0,2,0,1,too_few_trades(1); low_profit_factor(0.00); negative_expectancy(-1.254)
BMNR,Financials,SECTOR_FINANCIALS,16,0,16,0.0,0.0,-1.3082,-19.3376,-1933.76,0.0,-30.1094,-13.4059,-49.292,0.0,1933.76,-19.3376,-54.0216,-54.0216,-1.0,12.9,119,0,16,low_profit_factor(0.00); negative_expectancy(-1.308)
NABL,Technology,SECTOR_TECHNOLOGY,2,0,2,0.0,0.0,-2.2073,-4.4088,-440.88,0.0,-11.4638,-7.9377,-14.9899,0.0,440.88,-4.4088,-36.4938,-36.4938,-1.0,74.5,136,0,2,too_few_trades(2); low_profit_factor(0.00); negative_expectancy(-2.207)
AKTS,Healthcare,SECTOR_HEALTHCARE,12,0,12,0.0,0.0,-4.134,-42.5872,-4258.72,0.0,-22.6131,-1.9324,-93.3333,0.0,4258.72,-42.5872,-15.253,-15.253,-1.0,10.2,32,1,11,low_profit_factor(0.00); negative_expectancy(-4.134)
