ticker,sector,spider_id,batch,batch_name,total_trades,winning_trades,losing_trades,win_rate_pct,profit_factor,expectancy_r,net_pnl_usd,net_return_pct,gross_wins_usd,gross_losses_usd,avg_win_pct,avg_loss_pct,best_trade_pct,worst_trade_pct,avg_hold_days,stage6_entries,stage7_entries
WOLF,Technology,SECTOR_TECHNOLOGY,B2,Batch 2 — 2024 to 2026,4,1,3,25.0,27.4942,19.0305,7624.51,76.2451,7912.29,287.78,1637.9518,-15.4002,1637.9518,-17.6312,10.8,1,3
ASST,Financials,SECTOR_FINANCIALS,B2,Batch 2 — 2024 to 2026,5,1,4,20.0,18.1816,10.7383,4214.81,42.1481,4460.12,245.31,1073.486,-20.4437,1073.486,-29.066,5.4,0,5
ROOT,Financials,SECTOR_FINANCIALS,B2,Batch 2 — 2024 to 2026,9,5,4,55.56,12.265,3.3615,3265.26,32.6526,3555.12,289.86,92.852,-10.3126,383.871,-13.8792,12.6,1,8
VITL,Consumer Staples,SECTOR_CONSUMER_STAPLES,B2,Batch 2 — 2024 to 2026,9,5,4,55.56,18.6936,3.3018,2926.7,29.267,3092.11,165.41,37.7052,-3.4341,157.1252,-8.6664,17.7,0,9
ABTC,Financials,SECTOR_FINANCIALS,B2,Batch 2 — 2024 to 2026,5,1,4,20.0,5.4848,3.1269,1573.77,15.7377,1924.68,350.91,416.129,-17.5418,416.129,-21.1519,13.0,0,5
CRSR,Technology,SECTOR_TECHNOLOGY,B2,Batch 2 — 2024 to 2026,3,2,1,66.67,11.1877,3.0535,1013.17,10.1317,1112.62,99.45,48.0115,-8.3316,85.7605,-8.3316,33.3,1,2
ORKA,Healthcare,SECTOR_HEALTHCARE,B2,Batch 2 — 2024 to 2026,6,3,3,50.0,6.064,3.0144,1804.77,18.0477,2161.16,356.39,75.4413,-15.9177,132.6364,-20.5379,26.0,1,5
RGTI,Technology,SECTOR_TECHNOLOGY,B2,Batch 2 — 2024 to 2026,9,5,4,55.56,14.9459,2.9084,2679.15,26.7915,2871.26,192.11,106.9269,-7.5909,314.916,-11.1272,13.0,0,9
BETR,Financials,SECTOR_FINANCIALS,B2,Batch 2 — 2024 to 2026,5,1,4,20.0,5.2083,2.8613,1434.4,14.344,1775.25,340.85,228.8283,-13.6747,228.8283,-15.8599,17.4,0,5
LUMN,Communication Services,SECTOR_COMMUNICATION_SERVICES,B2,Batch 2 — 2024 to 2026,10,4,6,40.0,9.4697,2.6147,2057.96,20.5796,2300.94,242.98,85.023,-5.7456,301.5504,-14.8414,16.2,0,10
VFF,Consumer Staples,SECTOR_CONSUMER_STAPLES,B2,Batch 2 — 2024 to 2026,5,4,1,80.0,32.7736,2.561,1275.71,12.7571,1315.86,40.15,42.9837,-4.2735,69.1083,-4.2735,16.6,0,5
SATL,Industrials,SECTOR_INDUSTRIALS,B2,Batch 2 — 2024 to 2026,8,2,6,25.0,5.7488,2.5456,2119.19,21.1919,2565.45,446.26,147.4223,-11.8339,170.4545,-15.5583,8.9,1,7
MBI,Financials,SECTOR_FINANCIALS,B2,Batch 2 — 2024 to 2026,5,2,3,40.0,11.8508,2.5324,1154.85,11.5485,1261.28,106.43,52.7952,-3.4606,57.0539,-9.6866,17.4,0,5
EXAS,Healthcare,SECTOR_HEALTHCARE,B2,Batch 2 — 2024 to 2026,7,5,2,71.43,14.8167,2.4194,1678.45,16.7845,1799.93,121.48,22.7898,-4.8875,76.2931,-7.8186,25.1,1,6
HYMC,Materials,SECTOR_MATERIALS,B2,Batch 2 — 2024 to 2026,9,4,5,44.44,5.6627,2.3767,1862.71,18.6271,2262.2,399.49,89.6893,-10.9781,257.4163,-13.0366,15.7,0,9
AMRC,Industrials,SECTOR_INDUSTRIALS,B2,Batch 2 — 2024 to 2026,6,4,2,66.67,14.3353,2.3701,1431.68,14.3168,1539.04,107.36,55.1168,-7.5075,141.2511,-12.2535,27.8,1,5
BW,Industrials,SECTOR_INDUSTRIALS,B2,Batch 2 — 2024 to 2026,7,5,2,71.43,15.4107,2.3626,1637.2,16.372,1750.81,113.61,70.9372,-10.166,231.8113,-17.4141,29.7,0,7
GLSI,Healthcare,SECTOR_HEALTHCARE,B2,Batch 2 — 2024 to 2026,6,3,3,50.0,7.5763,2.2601,1087.07,10.8707,1252.37,165.3,56.6446,-8.8127,149.2723,-9.7547,11.8,0,6
CAPR,Healthcare,SECTOR_HEALTHCARE,B2,Batch 2 — 2024 to 2026,9,2,7,22.22,4.2238,2.243,1564.46,15.6446,2049.75,485.29,153.5183,-10.2155,286.5385,-16.2592,12.3,0,9
INDV,Healthcare,SECTOR_HEALTHCARE,B2,Batch 2 — 2024 to 2026,7,5,2,71.43,11.7881,2.2172,1540.22,15.4022,1682.99,142.77,27.9126,-6.1961,68.0082,-9.4879,32.1,0,7
IRWD,Healthcare,SECTOR_HEALTHCARE,B2,Batch 2 — 2024 to 2026,7,3,4,42.86,5.1076,2.1693,1543.22,15.4322,1918.92,375.7,107.3381,-13.0154,306.8966,-17.5462,24.7,0,7
EYE,Consumer Discretionary,SECTOR_CONSUMER_DISCRETIONARY,B2,Batch 2 — 2024 to 2026,5,4,1,80.0,11.5899,2.1283,1058.14,10.5814,1158.06,99.92,27.9408,-6.9686,93.1486,-6.9686,32.4,0,5
LMT,Industrials,SECTOR_INDUSTRIALS,B2,Batch 2 — 2024 to 2026,9,5,4,55.56,11.9942,2.096,1733.68,17.3368,1891.37,157.69,13.158,-1.7329,30.7131,-4.4985,16.4,0,9
TBRG,Healthcare,SECTOR_HEALTHCARE,B2,Batch 2 — 2024 to 2026,7,4,3,57.14,7.3232,1.9981,1389.21,13.8921,1608.91,219.7,29.3582,-5.4591,47.7045,-8.3501,24.7,1,6
NBP,Healthcare,SECTOR_HEALTHCARE,B2,Batch 2 — 2024 to 2026,5,3,2,60.0,6.5599,1.9617,999.4,9.994,1179.15,179.75,59.7853,-13.9473,130.3922,-14.4284,12.0,0,5
MLYS,Healthcare,SECTOR_HEALTHCARE,B2,Batch 2 — 2024 to 2026,6,2,4,33.33,5.29,1.9615,1160.06,11.6006,1430.47,270.41,76.0496,-9.6578,151.6469,-17.7124,8.8,0,6
AVBH,Financials,SECTOR_FINANCIALS,B2,Batch 2 — 2024 to 2026,7,4,3,57.14,6.5817,1.9344,1197.6,11.976,1412.16,214.56,6.7002,-1.295,10.0691,-2.0265,14.4,0,7
ISSC,Industrials,SECTOR_INDUSTRIALS,B2,Batch 2 — 2024 to 2026,11,7,4,63.64,6.4481,1.9314,2144.22,21.4422,2537.79,393.57,32.3263,-10.2187,101.6505,-19.5304,15.1,0,11
CD,Financials,SECTOR_FINANCIALS,B2,Batch 2 — 2024 to 2026,9,7,2,77.78,5.431,1.9193,1728.41,17.2841,2118.48,390.07,58.8166,-30.9746,200.4908,-59.4491,12.4,0,9
ARWR,Healthcare,SECTOR_HEALTHCARE,B2,Batch 2 — 2024 to 2026,7,3,4,42.86,4.9411,1.9119,1377.48,13.7748,1727.0,349.52,76.9376,-9.567,177.8978,-11.8213,25.7,1,6
FLNC,Utilities,SECTOR_UTILITIES,B2,Batch 2 — 2024 to 2026,8,6,2,75.0,8.3655,1.9023,1485.54,14.8554,1687.23,201.69,43.8827,-11.9714,194.7989,-12.5,23.0,1,7
VST,Utilities,SECTOR_UTILITIES,B2,Batch 2 — 2024 to 2026,13,6,7,46.15,6.8447,1.8321,2334.88,23.3488,2734.37,399.49,29.4109,-5.5041,68.1294,-10.4352,14.4,0,13
GOLD,Financials,SECTOR_FINANCIALS,B2,Batch 2 — 2024 to 2026,8,4,4,50.0,5.7814,1.7917,1381.45,13.8145,1670.37,288.92,33.7574,-5.9278,81.1037,-8.4485,17.0,0,8
HTZ,Industrials,SECTOR_INDUSTRIALS,B2,Batch 2 — 2024 to 2026,5,3,2,60.0,5.3726,1.7431,869.72,8.6972,1068.62,198.9,47.3387,-12.1696,136.6667,-14.1733,29.4,0,5
NUTX,Healthcare,SECTOR_HEALTHCARE,B2,Batch 2 — 2024 to 2026,11,4,7,36.36,5.3729,1.7235,1862.71,18.6271,2288.68,425.97,93.8719,-11.0653,242.612,-18.8931,16.9,0,11
DIS,Communication Services,SECTOR_COMMUNICATION_SERVICES,B2,Batch 2 — 2024 to 2026,7,5,2,71.43,8.5018,1.6916,1202.54,12.0254,1362.84,160.3,11.4052,-3.7595,24.1204,-4.9577,20.9,1,6
ZUMZ,Consumer Discretionary,SECTOR_CONSUMER_DISCRETIONARY,B2,Batch 2 — 2024 to 2026,7,6,1,85.71,88.157,1.6825,1171.39,11.7139,1184.83,13.44,16.6699,-1.117,55.5471,-1.117,20.7,0,7
MSTR,Technology,SECTOR_TECHNOLOGY,B2,Batch 2 — 2024 to 2026,10,7,3,70.0,7.9898,1.6623,1565.85,15.6585,1789.87,224.02,33.5321,-14.9924,118.2564,-20.7407,12.0,0,10
GEVO,Materials,SECTOR_MATERIALS,B2,Batch 2 — 2024 to 2026,9,3,6,33.33,4.3914,1.6601,1502.32,15.0232,1945.3,442.98,86.6946,-9.5016,253.3333,-13.3154,10.9,0,9
WLFC,Industrials,SECTOR_INDUSTRIALS,B2,Batch 2 — 2024 to 2026,11,5,6,45.45,5.6823,1.6596,1637.72,16.3772,1987.49,349.77,30.1482,-4.4262,52.2923,-8.9807,12.6,0,11
INOD,Technology,SECTOR_TECHNOLOGY,B2,Batch 2 — 2024 to 2026,11,5,6,45.45,5.374,1.6503,1790.07,17.9007,2199.32,409.25,54.2563,-8.4608,131.9791,-29.2071,12.2,0,11
NAGE,Healthcare,SECTOR_HEALTHCARE,B2,Batch 2 — 2024 to 2026,9,5,4,55.56,7.3845,1.6496,1317.24,13.1724,1523.56,206.32,35.1435,-7.4106,93.4343,-12.5684,14.1,0,9
FBRX,Healthcare,SECTOR_HEALTHCARE,B2,Batch 2 — 2024 to 2026,8,3,5,37.5,2.6504,1.609,954.34,9.5434,1532.6,578.26,90.9568,-18.6682,225.7042,-33.4595,11.5,1,7
DJT,Communication Services,SECTOR_COMMUNICATION_SERVICES,B2,Batch 2 — 2024 to 2026,7,2,5,28.57,3.6271,1.5932,1127.41,11.2741,1556.56,429.15,77.6337,-12.7814,97.2897,-16.2834,10.1,0,7
TPB,Consumer Staples,SECTOR_CONSUMER_STAPLES,B2,Batch 2 — 2024 to 2026,12,9,3,75.0,14.2822,1.5804,1726.29,17.2629,1856.26,129.97,12.3153,-3.8706,40.0319,-6.0335,16.2,0,12
HOOD,Financials,SECTOR_FINANCIALS,B2,Batch 2 — 2024 to 2026,12,7,5,58.33,6.6263,1.5646,1818.76,18.1876,2142.02,323.26,35.9073,-7.0067,100.0,-11.4966,19.2,0,12
ALSN,Consumer Discretionary,SECTOR_CONSUMER_DISCRETIONARY,B2,Batch 2 — 2024 to 2026,10,8,2,80.0,11.3039,1.5387,1514.88,15.1488,1661.9,147.02,9.3181,-3.3839,22.5357,-4.5049,16.0,0,10
NVAX,Healthcare,SECTOR_HEALTHCARE,B2,Batch 2 — 2024 to 2026,11,2,9,18.18,3.0697,1.5268,1613.22,16.1322,2392.66,779.44,122.7702,-10.3225,220.8925,-14.4515,6.7,0,11
IONQ,Technology,SECTOR_TECHNOLOGY,B2,Batch 2 — 2024 to 2026,9,4,5,44.44,5.0843,1.5037,1356.3,13.563,1688.38,332.08,54.0759,-10.4128,88.9851,-24.4345,13.0,0,9
CLSK,Financials,SECTOR_FINANCIALS,B2,Batch 2 — 2024 to 2026,5,4,1,80.0,6.5756,1.4732,592.35,5.9235,698.59,106.24,25.9493,-14.1277,61.1754,-14.1277,15.0,0,5
BE,Industrials,SECTOR_INDUSTRIALS,B2,Batch 2 — 2024 to 2026,12,6,6,50.0,5.8432,1.4479,1927.08,19.2708,2324.97,397.89,41.5668,-8.5231,124.4768,-13.7682,12.8,0,12
BAX,Healthcare,SECTOR_HEALTHCARE,B2,Batch 2 — 2024 to 2026,3,3,0,100.0,inf,1.4206,442.67,4.4267,442.67,0.0,6.7043,0.0,10.6743,0.2498,34.0,1,2
BWXT,Industrials,SECTOR_INDUSTRIALS,B2,Batch 2 — 2024 to 2026,12,9,3,75.0,6.7661,1.4154,1668.58,16.6858,1957.96,289.38,9.7409,-5.3124,22.772,-7.0374,15.6,0,12
HLIO,Industrials,SECTOR_INDUSTRIALS,B2,Batch 2 — 2024 to 2026,7,4,3,57.14,9.1696,1.4141,972.43,9.7243,1091.46,119.03,23.9829,-2.4914,67.0596,-6.1603,28.4,1,6
PRM,Materials,SECTOR_MATERIALS,B2,Batch 2 — 2024 to 2026,9,4,5,44.44,7.7097,1.4017,1258.74,12.5874,1446.34,187.6,27.2247,-3.0954,59.6759,-5.748,20.6,0,9
WLDN,Industrials,SECTOR_INDUSTRIALS,B2,Batch 2 — 2024 to 2026,14,6,8,42.86,5.97,1.3943,2120.2,21.202,2546.8,426.6,29.0307,-4.3448,140.1705,-9.407,14.0,0,14
WBD,Communication Services,SECTOR_COMMUNICATION_SERVICES,B2,Batch 2 — 2024 to 2026,9,6,3,66.67,7.049,1.3751,1337.92,13.3792,1559.1,221.18,18.6646,-6.6126,54.2139,-9.4579,16.2,0,9
ASTS,Technology,SECTOR_TECHNOLOGY,B2,Batch 2 — 2024 to 2026,14,6,8,42.86,5.2854,1.3702,1809.7,18.097,2231.99,422.29,56.0017,-9.3198,155.8537,-14.0946,9.6,0,14
FLYW,Technology,SECTOR_TECHNOLOGY,B2,Batch 2 — 2024 to 2026,6,3,3,50.0,5.7311,1.3569,763.69,7.6369,925.11,161.42,27.0795,-4.1323,35.8663,-7.1206,40.0,2,4
KOD,Healthcare,SECTOR_HEALTHCARE,B2,Batch 2 — 2024 to 2026,10,2,8,20.0,2.9658,1.3389,1029.67,10.2967,1553.45,523.78,110.888,-10.6586,180.9689,-18.8449,11.1,0,10
LEU,Energy,SECTOR_ENERGY,B2,Batch 2 — 2024 to 2026,11,4,7,36.36,4.1718,1.323,1425.86,14.2586,1875.4,449.54,59.967,-7.3155,141.5997,-12.6927,11.9,0,11
VKTX,Healthcare,SECTOR_HEALTHCARE,B2,Batch 2 — 2024 to 2026,9,2,7,22.22,3.3598,1.3182,1230.54,12.3054,1752.0,521.46,114.7966,-10.6935,222.7848,-16.4158,17.9,0,9
MRAM,Technology,SECTOR_TECHNOLOGY,B2,Batch 2 — 2024 to 2026,8,5,3,62.5,4.9084,1.3127,1015.87,10.1587,1275.79,259.92,22.2295,-7.4342,58.1602,-9.8998,19.2,0,8
UAL,Industrials,SECTOR_INDUSTRIALS,B2,Batch 2 — 2024 to 2026,12,5,7,41.67,3.4377,1.3076,1159.4,11.594,1635.02,475.62,26.7434,-4.5257,118.7892,-6.5594,13.0,2,10
CRI,Consumer Discretionary,SECTOR_CONSUMER_DISCRETIONARY,B2,Batch 2 — 2024 to 2026,3,2,1,66.67,4.1482,1.3035,311.17,3.1117,410.01,98.84,16.7291,-5.1214,27.6361,-5.1214,48.0,0,3
CDNA,Healthcare,SECTOR_HEALTHCARE,B2,Batch 2 — 2024 to 2026,7,4,3,57.14,4.8888,1.3029,906.56,9.0656,1139.68,233.12,33.693,-8.4415,71.6384,-10.8875,21.6,1,6
CSGS,Technology,SECTOR_TECHNOLOGY,B2,Batch 2 — 2024 to 2026,8,5,3,62.5,9.5202,1.2883,1065.37,10.6537,1190.41,125.04,9.2218,-2.1293,19.2558,-2.9782,17.0,0,8
REZI,Industrials,SECTOR_INDUSTRIALS,B2,Batch 2 — 2024 to 2026,12,7,5,58.33,6.1297,1.2684,1396.71,13.9671,1668.99,272.28,16.3636,-3.3459,34.2097,-6.3076,13.2,0,12
MNPR,Healthcare,SECTOR_HEALTHCARE,B2,Batch 2 — 2024 to 2026,10,7,3,70.0,10.8569,1.2596,1187.26,11.8726,1307.71,120.45,36.8327,-6.8654,104.0243,-10.1786,12.0,0,10
AMKR,Technology,SECTOR_TECHNOLOGY,B2,Batch 2 — 2024 to 2026,7,5,2,71.43,15.1409,1.2574,934.43,9.3443,1000.51,66.08,14.5963,-2.6764,27.8771,-2.801,21.6,1,6
TWLO,Technology,SECTOR_TECHNOLOGY,B2,Batch 2 — 2024 to 2026,10,4,6,40.0,3.7675,1.2552,1258.81,12.5881,1713.67,454.86,23.8332,-5.4979,71.923,-8.1241,16.7,0,10
RIGL,Healthcare,SECTOR_HEALTHCARE,B2,Batch 2 — 2024 to 2026,9,5,4,55.56,5.2229,1.2481,1115.64,11.1564,1379.83,264.19,25.0976,-8.6276,90.7344,-14.135,12.7,0,9
UAMY,Materials,SECTOR_MATERIALS,B2,Batch 2 — 2024 to 2026,13,8,5,61.54,6.4231,1.2433,1336.53,13.3653,1582.98,246.45,34.4811,-7.9486,149.531,-13.4363,10.0,0,13
ETON,Healthcare,SECTOR_HEALTHCARE,B2,Batch 2 — 2024 to 2026,10,4,6,40.0,4.2739,1.2326,1248.98,12.4898,1630.48,381.5,41.7925,-7.1622,127.8689,-11.8387,13.5,0,10
TXG,Healthcare,SECTOR_HEALTHCARE,B2,Batch 2 — 2024 to 2026,4,2,2,50.0,3.5358,1.2305,499.76,4.9976,696.84,197.08,38.1237,-11.6116,67.0046,-14.2283,44.8,0,4
CTMX,Healthcare,SECTOR_HEALTHCARE,B2,Batch 2 — 2024 to 2026,9,3,6,33.33,2.9643,1.2278,1099.8,10.998,1659.68,559.88,91.4346,-14.0104,231.1081,-38.1364,10.6,0,9
FWRD,Industrials,SECTOR_INDUSTRIALS,B2,Batch 2 — 2024 to 2026,6,4,2,66.67,5.8058,1.2275,627.83,6.2783,758.47,130.64,31.0272,-6.7793,80.339,-8.9196,24.8,1,5
CLPT,Healthcare,SECTOR_HEALTHCARE,B2,Batch 2 — 2024 to 2026,8,4,4,50.0,4.2203,1.2267,999.06,9.9906,1309.3,310.24,35.773,-9.6788,105.0455,-11.4051,9.8,0,8
IBM,Technology,SECTOR_TECHNOLOGY,B2,Batch 2 — 2024 to 2026,10,8,2,80.0,32.8918,1.1821,1128.97,11.2897,1164.37,35.4,4.9804,-1.121,11.5802,-2.0858,17.1,0,10
EME,Industrials,SECTOR_INDUSTRIALS,B2,Batch 2 — 2024 to 2026,16,7,9,43.75,3.8427,1.1762,1808.45,18.0845,2444.63,636.18,16.7681,-4.9781,54.607,-11.318,12.8,0,16
IE,Materials,SECTOR_MATERIALS,B2,Batch 2 — 2024 to 2026,9,6,3,66.67,5.4195,1.1647,919.53,9.1953,1127.59,208.06,20.0602,-8.1666,44.6667,-11.8338,20.2,0,9
WT,Financials,SECTOR_FINANCIALS,B2,Batch 2 — 2024 to 2026,11,7,4,63.64,8.97,1.1415,1081.45,10.8145,1217.14,135.69,10.0514,-1.8333,23.2877,-4.4511,14.9,0,11
STAA,Healthcare,SECTOR_HEALTHCARE,B2,Batch 2 — 2024 to 2026,6,2,4,33.33,3.1159,1.1305,698.65,6.9865,1028.84,330.19,42.9183,-8.3302,47.1698,-10.3836,15.0,0,6
LBRT,Energy,SECTOR_ENERGY,B2,Batch 2 — 2024 to 2026,5,4,1,80.0,6.53,1.116,551.56,5.5156,651.3,99.74,15.3159,-9.3922,44.3316,-9.3922,13.4,0,5
APP,Communication Services,SECTOR_COMMUNICATION_SERVICES,B2,Batch 2 — 2024 to 2026,14,8,6,57.14,5.9143,1.1052,1453.0,14.53,1748.67,295.67,23.0845,-5.6028,66.112,-12.3121,14.1,0,14
TWN,Financials,SECTOR_FINANCIALS,B2,Batch 2 — 2024 to 2026,12,5,7,41.67,5.9583,1.1034,1235.16,12.3516,1484.27,249.11,12.4162,-2.0184,28.5389,-3.7427,15.6,0,12
DAL,Industrials,SECTOR_INDUSTRIALS,B2,Batch 2 — 2024 to 2026,10,7,3,70.0,11.1783,1.0892,1018.64,10.1864,1118.72,100.08,11.4842,-2.3051,23.8698,-3.4355,20.0,2,8
PSIX,Industrials,SECTOR_INDUSTRIALS,B2,Batch 2 — 2024 to 2026,14,6,8,42.86,4.9173,1.0891,1470.63,14.7063,1846.05,375.42,40.6171,-7.0554,94.5542,-18.7221,12.3,0,14
ACLS,Technology,SECTOR_TECHNOLOGY,B2,Batch 2 — 2024 to 2026,7,4,3,57.14,4.3909,1.0866,736.88,7.3688,954.19,217.31,22.0913,-5.9424,40.6232,-8.0916,20.9,1,6
PPC,Consumer Staples,SECTOR_CONSUMER_STAPLES,B2,Batch 2 — 2024 to 2026,10,7,3,70.0,8.7589,1.0847,1089.97,10.8997,1230.45,140.48,7.4474,-3.0881,24.1561,-6.2139,15.2,0,10
DSP,Technology,SECTOR_TECHNOLOGY,B2,Batch 2 — 2024 to 2026,11,6,5,54.55,5.6623,1.0795,1167.91,11.6791,1418.41,250.5,16.7111,-4.2778,60.1606,-8.9049,14.0,1,10
PRMB,Consumer Staples,SECTOR_CONSUMER_STAPLES,B2,Batch 2 — 2024 to 2026,11,6,5,54.55,3.9997,1.0787,1166.11,11.6611,1554.85,388.74,12.0729,-4.4541,32.957,-7.8318,14.1,1,10
NRIX,Healthcare,SECTOR_HEALTHCARE,B2,Batch 2 — 2024 to 2026,8,4,4,50.0,4.4197,1.0772,905.7,9.057,1170.55,264.85,34.0152,-8.9489,87.8476,-12.498,18.2,0,8
LBRDA,Communication Services,SECTOR_COMMUNICATION_SERVICES,B2,Batch 2 — 2024 to 2026,6,3,3,50.0,3.1377,1.0764,494.76,4.9476,726.2,231.44,16.5853,-3.8606,36.6946,-7.0719,18.5,0,6
AVXL,Healthcare,SECTOR_HEALTHCARE,B2,Batch 2 — 2024 to 2026,7,4,3,57.14,6.9706,1.07,716.11,7.1611,836.05,119.94,22.7868,-4.8155,36.7803,-11.6921,13.6,1,6
NVDA,Technology,SECTOR_TECHNOLOGY,B2,Batch 2 — 2024 to 2026,12,6,6,50.0,4.3847,1.0676,1231.78,12.3178,1595.71,363.93,21.1562,-4.534,43.3658,-6.9645,16.2,0,12
LYV,Communication Services,SECTOR_COMMUNICATION_SERVICES,B2,Batch 2 — 2024 to 2026,11,6,5,54.55,6.3147,1.0593,1060.34,10.6034,1259.85,199.51,10.5838,-1.9492,33.6043,-4.7051,17.7,0,11
TBBK,Financials,SECTOR_FINANCIALS,B2,Batch 2 — 2024 to 2026,9,6,3,66.67,8.5432,1.0554,891.98,8.9198,1010.23,118.25,10.5298,-2.9441,37.16,-4.3478,13.3,0,9
BKE,Consumer Discretionary,SECTOR_CONSUMER_DISCRETIONARY,B2,Batch 2 — 2024 to 2026,8,3,5,37.5,4.1646,1.052,732.89,7.3289,964.48,231.59,19.8732,-2.7404,36.2896,-5.7295,16.5,0,8
SANA,Healthcare,SECTOR_HEALTHCARE,B2,Batch 2 — 2024 to 2026,8,4,4,50.0,4.3813,1.0514,863.99,8.6399,1119.51,255.52,45.5969,-13.2982,93.0131,-26.4414,12.4,0,8
PVLA,Healthcare,SECTOR_HEALTHCARE,B2,Batch 2 — 2024 to 2026,8,4,4,50.0,4.3828,1.0419,847.43,8.4743,1097.94,250.51,35.0913,-11.1676,97.8261,-19.497,26.0,0,8
ONDS,Technology,SECTOR_TECHNOLOGY,B2,Batch 2 — 2024 to 2026,10,5,5,50.0,4.52,1.0386,1049.31,10.4931,1347.41,298.1,49.8088,-12.0996,161.745,-21.1757,11.0,0,10
ATLC,Financials,SECTOR_FINANCIALS,B2,Batch 2 — 2024 to 2026,11,7,4,63.64,4.7823,1.0332,1077.24,10.7724,1362.05,284.81,13.9729,-6.8315,42.8742,-8.2883,12.1,0,11
ORCL,Technology,SECTOR_TECHNOLOGY,B2,Batch 2 — 2024 to 2026,12,7,5,58.33,4.3367,1.0289,1153.28,11.5328,1498.92,345.64,11.7458,-3.862,49.0303,-8.8476,12.6,0,12
OLMA,Healthcare,SECTOR_HEALTHCARE,B2,Batch 2 — 2024 to 2026,8,3,5,37.5,3.2938,1.0227,824.93,8.2493,1184.57,359.64,59.0436,-10.4341,111.6466,-15.8386,17.6,1,7
AMSC,Industrials,SECTOR_INDUSTRIALS,B2,Batch 2 — 2024 to 2026,11,5,6,45.45,3.6228,1.02,1169.06,11.6906,1614.79,445.73,32.7856,-11.0289,72.3088,-14.4981,12.4,0,11
SEI,Energy,SECTOR_ENERGY,B2,Batch 2 — 2024 to 2026,10,5,5,50.0,3.476,1.0182,1011.1,10.111,1419.46,408.36,28.6481,-8.5416,71.1875,-15.4569,13.5,0,10
GH,Healthcare,SECTOR_HEALTHCARE,B2,Batch 2 — 2024 to 2026,13,6,7,46.15,3.2685,1.0173,1224.8,12.248,1764.71,539.91,29.038,-7.7837,56.0119,-11.6886,11.8,0,13
VSTM,Healthcare,SECTOR_HEALTHCARE,B2,Batch 2 — 2024 to 2026,7,2,5,28.57,3.0149,1.0157,703.66,7.0366,1052.88,349.22,71.8957,-9.2539,93.5484,-14.4344,19.9,1,6
AEVA,Technology,SECTOR_TECHNOLOGY,B2,Batch 2 — 2024 to 2026,10,4,6,40.0,2.6241,1.0131,999.36,9.9936,1614.71,615.35,64.0964,-15.8533,210.6987,-19.7674,11.1,0,10
IBRX,Healthcare,SECTOR_HEALTHCARE,B2,Batch 2 — 2024 to 2026,8,2,6,25.0,2.2274,1.0087,561.9,5.619,1019.68,457.78,67.0093,-11.3479,133.209,-15.954,8.4,0,8
DAN,Consumer Discretionary,SECTOR_CONSUMER_DISCRETIONARY,B2,Batch 2 — 2024 to 2026,10,7,3,70.0,12.7991,1.0056,998.68,9.9868,1083.32,84.64,12.3515,-2.0626,23.7043,-4.1591,16.1,0,10
ERIE,Financials,SECTOR_FINANCIALS,B2,Batch 2 — 2024 to 2026,8,2,6,25.0,3.8243,1.0007,835.34,8.3534,1131.11,295.77,22.004,-2.4843,40.2702,-4.8065,13.9,0,8
NGL,Energy,SECTOR_ENERGY,B2,Batch 2 — 2024 to 2026,10,7,3,70.0,4.6034,0.9929,879.47,8.7947,1123.54,244.07,13.8715,-7.258,40.8408,-12.0789,14.8,0,10
LOB,Financials,SECTOR_FINANCIALS,B2,Batch 2 — 2024 to 2026,6,4,2,66.67,5.4244,0.9919,517.26,5.1726,634.17,116.91,14.264,-3.9354,36.3908,-4.8709,22.5,1,5
BKKT,Technology,SECTOR_TECHNOLOGY,B2,Batch 2 — 2024 to 2026,7,2,5,28.57,2.9264,0.9915,713.07,7.1307,1083.22,370.15,93.9101,-15.3584,115.9365,-24.7591,23.1,1,6
EVRG,Utilities,SECTOR_UTILITIES,B2,Batch 2 — 2024 to 2026,10,9,1,90.0,13.9131,0.99,1016.52,10.1652,1095.24,78.72,3.5949,-3.2257,7.1415,-3.2257,19.6,0,10
DC,Materials,SECTOR_MATERIALS,B2,Batch 2 — 2024 to 2026,9,5,4,55.56,3.4037,0.9777,821.12,8.2112,1162.73,341.61,20.0568,-7.6235,27.3469,-9.7213,14.2,0,9
PGY,Technology,SECTOR_TECHNOLOGY,B2,Batch 2 — 2024 to 2026,7,2,5,28.57,2.4554,0.9721,661.74,6.6174,1116.42,454.68,89.5625,-11.2434,169.1743,-16.6401,26.3,0,7
KVUE,Consumer Staples,SECTOR_CONSUMER_STAPLES,B2,Batch 2 — 2024 to 2026,5,2,3,40.0,3.4923,0.9697,390.5,3.905,547.18,156.68,14.619,-2.6856,23.2721,-4.7602,12.6,0,5
PRDO,Consumer Staples,SECTOR_CONSUMER_STAPLES,B2,Batch 2 — 2024 to 2026,11,6,5,54.55,5.1137,0.9691,982.67,9.8267,1221.55,238.88,10.701,-2.8243,25.974,-5.6432,13.3,0,11
GE,Industrials,SECTOR_INDUSTRIALS,B2,Batch 2 — 2024 to 2026,15,7,8,46.67,4.0749,0.948,1393.73,13.9373,1846.99,453.26,11.5946,-2.8411,35.6279,-5.4567,12.8,0,15
RKLB,Industrials,SECTOR_INDUSTRIALS,B2,Batch 2 — 2024 to 2026,15,7,8,46.67,4.8079,0.9475,1415.33,14.1533,1787.01,371.68,29.2278,-5.8826,70.0,-11.2262,13.5,1,14
SOUN,Technology,SECTOR_TECHNOLOGY,B2,Batch 2 — 2024 to 2026,13,4,9,30.77,2.9031,0.9414,1221.39,12.2139,1863.19,641.8,66.6654,-10.0673,129.9559,-17.8137,6.5,0,13
IBKR,Financials,SECTOR_FINANCIALS,B2,Batch 2 — 2024 to 2026,15,11,4,73.33,4.3681,0.9411,1271.08,12.7108,1648.47,377.39,9.0814,-4.6204,16.5821,-6.5634,14.3,0,15
WDC,Technology,SECTOR_TECHNOLOGY,B2,Batch 2 — 2024 to 2026,16,7,9,43.75,4.0336,0.935,1379.15,13.7915,1833.77,454.62,20.9464,-4.0347,67.2931,-10.908,12.9,0,16
TPR,Consumer Discretionary,SECTOR_CONSUMER_DISCRETIONARY,B2,Batch 2 — 2024 to 2026,15,9,6,60.0,5.3542,0.9232,1215.09,12.1509,1494.15,279.06,11.2152,-2.7682,30.6568,-5.4602,13.7,0,15
COGT,Healthcare,SECTOR_HEALTHCARE,B2,Batch 2 — 2024 to 2026,9,5,4,55.56,4.8204,0.918,831.43,8.3143,1049.06,217.63,28.7972,-6.1573,64.2346,-13.5215,24.3,0,9
MGNI,Communication Services,SECTOR_COMMUNICATION_SERVICES,B2,Batch 2 — 2024 to 2026,9,6,3,66.67,8.0478,0.9137,837.28,8.3728,956.08,118.8,14.1461,-4.5937,25.3146,-9.6387,16.4,1,8
PRME,Healthcare,SECTOR_HEALTHCARE,B2,Batch 2 — 2024 to 2026,5,2,3,40.0,2.7173,0.912,475.62,4.7562,752.57,276.95,67.2738,-15.9391,95.0739,-17.9308,15.4,0,5
GTLS,Industrials,SECTOR_INDUSTRIALS,B2,Batch 2 — 2024 to 2026,11,6,5,54.55,7.4984,0.9088,849.27,8.4927,979.96,130.69,10.0175,-2.2952,43.4709,-6.5382,16.8,0,11
ADNT,Consumer Discretionary,SECTOR_CONSUMER_DISCRETIONARY,B2,Batch 2 — 2024 to 2026,5,3,2,60.0,3.705,0.9062,482.33,4.8233,660.64,178.31,22.0893,-7.2607,58.5296,-8.3344,17.0,0,5
DG,Consumer Staples,SECTOR_CONSUMER_STAPLES,B2,Batch 2 — 2024 to 2026,7,3,4,42.86,4.0133,0.9062,622.76,6.2276,829.43,206.67,16.0942,-3.0812,25.9334,-6.4379,18.0,2,5
EU,Energy,SECTOR_ENERGY,B2,Batch 2 — 2024 to 2026,5,3,2,60.0,3.9269,0.9042,421.12,4.2112,565.0,143.88,27.0229,-9.4064,57.6471,-10.4235,16.6,1,4
TDUP,Consumer Discretionary,SECTOR_CONSUMER_DISCRETIONARY,B2,Batch 2 — 2024 to 2026,9,3,6,33.33,2.7213,0.904,879.73,8.7973,1390.81,511.08,75.3997,-11.1062,143.6242,-19.209,19.4,0,9
AVAV,Industrials,SECTOR_INDUSTRIALS,B2,Batch 2 — 2024 to 2026,12,8,4,66.67,6.4897,0.9024,908.87,9.0887,1074.43,165.56,12.064,-3.5606,37.1951,-7.5926,14.7,0,12
TARS,Healthcare,SECTOR_HEALTHCARE,B2,Batch 2 — 2024 to 2026,10,6,4,60.0,4.1446,0.9001,828.15,8.2815,1091.51,263.36,17.5688,-6.8389,43.3349,-9.7567,13.7,0,10
NN,Technology,SECTOR_TECHNOLOGY,B2,Batch 2 — 2024 to 2026,12,5,7,41.67,2.7292,0.8972,1064.19,10.6419,1679.63,615.44,33.3402,-10.1295,105.1621,-18.8562,11.0,0,12
RIOT,Financials,SECTOR_FINANCIALS,B2,Batch 2 — 2024 to 2026,8,5,3,62.5,3.3914,0.8959,559.68,5.5968,793.72,234.04,23.4225,-9.3579,53.2581,-13.7156,15.8,0,8
CIFR,Financials,SECTOR_FINANCIALS,B2,Batch 2 — 2024 to 2026,10,4,6,40.0,5.5307,0.8943,911.67,9.1167,1112.89,201.22,48.3411,-6.116,99.3528,-16.2745,14.3,1,9
TVTX,Healthcare,SECTOR_HEALTHCARE,B2,Batch 2 — 2024 to 2026,10,7,3,70.0,3.7381,0.8917,837.09,8.3709,1142.81,305.72,17.3869,-11.4701,29.5079,-12.1935,18.2,0,10
DASH,Consumer Discretionary,SECTOR_CONSUMER_DISCRETIONARY,B2,Batch 2 — 2024 to 2026,13,6,7,46.15,7.1944,0.8867,1065.37,10.6537,1237.36,171.99,13.8964,-1.8108,34.888,-3.0093,16.1,0,13
REAL,Consumer Discretionary,SECTOR_CONSUMER_DISCRETIONARY,B2,Batch 2 — 2024 to 2026,13,5,8,38.46,3.4095,0.8836,1263.46,12.6346,1787.83,524.37,38.9514,-8.632,159.8155,-15.5086,10.2,0,13
RCAT,Industrials,SECTOR_INDUSTRIALS,B2,Batch 2 — 2024 to 2026,13,6,7,46.15,3.1506,0.8721,1038.91,10.3891,1521.98,483.07,43.1286,-11.2583,108.4158,-17.3581,9.5,0,13
HL,Materials,SECTOR_MATERIALS,B2,Batch 2 — 2024 to 2026,12,6,6,50.0,3.4206,0.8674,1045.02,10.4502,1476.74,431.72,23.0782,-7.3719,69.0411,-9.2272,13.7,0,12
FISV,Technology,SECTOR_TECHNOLOGY,B2,Batch 2 — 2024 to 2026,10,8,2,80.0,5.5326,0.8565,814.69,8.1469,994.43,179.74,4.0654,-4.7419,11.2807,-5.7284,13.7,1,9
AMD,Technology,SECTOR_TECHNOLOGY,B2,Batch 2 — 2024 to 2026,10,5,5,50.0,3.2439,0.854,785.77,7.8577,1135.95,350.18,19.5245,-6.2796,42.5123,-8.7471,13.0,0,10
TERN,Healthcare,SECTOR_HEALTHCARE,B2,Batch 2 — 2024 to 2026,11,5,6,45.45,4.5646,0.8522,988.18,9.8818,1265.4,277.22,37.7206,-5.7628,81.3725,-11.01,15.3,1,10
EAT,Consumer Discretionary,SECTOR_CONSUMER_DISCRETIONARY,B2,Batch 2 — 2024 to 2026,15,7,8,46.67,3.5714,0.852,1127.73,11.2773,1566.29,438.56,18.7811,-4.7095,63.8114,-12.2236,12.1,0,15
HIVE,Financials,SECTOR_FINANCIALS,B2,Batch 2 — 2024 to 2026,8,4,4,50.0,3.981,0.8491,621.13,6.2113,829.49,208.36,29.2725,-7.9031,54.3956,-14.8765,21.2,1,7
PX,Financials,SECTOR_FINANCIALS,B2,Batch 2 — 2024 to 2026,8,6,2,75.0,9.2571,0.8455,626.63,6.2663,702.52,75.89,7.2865,-2.4844,13.3617,-4.1586,19.4,0,8
PHAT,Healthcare,SECTOR_HEALTHCARE,B2,Batch 2 — 2024 to 2026,8,4,4,50.0,3.844,0.8417,703.18,7.0318,950.43,247.25,37.3809,-8.6504,87.0213,-12.0078,11.6,0,8
SCCO,Materials,SECTOR_MATERIALS,B2,Batch 2 — 2024 to 2026,11,3,8,27.27,3.0148,0.8378,961.23,9.6123,1438.31,477.08,25.9918,-4.1019,30.3933,-8.0735,10.8,0,11
CRMD,Healthcare,SECTOR_HEALTHCARE,B2,Batch 2 — 2024 to 2026,10,6,4,60.0,4.1101,0.8376,779.77,7.7977,1030.49,250.72,21.8456,-5.9343,43.9481,-10.3425,15.0,0,10
ALNY,Healthcare,SECTOR_HEALTHCARE,B2,Batch 2 — 2024 to 2026,15,7,8,46.67,3.4911,0.8308,1187.39,11.8739,1664.05,476.66,13.54,-4.8666,53.6731,-8.1578,8.7,1,14
GVA,Industrials,SECTOR_INDUSTRIALS,B2,Batch 2 — 2024 to 2026,13,10,3,76.92,7.2996,0.8308,988.41,9.8841,1145.31,156.9,6.7683,-2.5315,13.9123,-5.0622,18.0,0,13
NEGG,Consumer Discretionary,SECTOR_CONSUMER_DISCRETIONARY,B2,Batch 2 — 2024 to 2026,8,4,4,50.0,2.5515,0.827,618.32,6.1832,1016.84,398.52,57.0426,-15.6861,93.7736,-17.651,11.0,0,8
IDCC,Technology,SECTOR_TECHNOLOGY,B2,Batch 2 — 2024 to 2026,13,9,4,69.23,5.2448,0.8251,907.16,9.0716,1120.87,213.71,7.7324,-3.1547,22.444,-5.4514,13.3,0,13
AMR,Materials,SECTOR_MATERIALS,B2,Batch 2 — 2024 to 2026,5,3,2,60.0,4.713,0.8225,403.53,4.0353,512.21,108.68,18.9534,-4.8768,35.9628,-8.087,23.6,0,5
NXT,Technology,SECTOR_TECHNOLOGY,B2,Batch 2 — 2024 to 2026,7,4,3,57.14,4.3037,0.8198,586.67,5.8667,764.25,177.58,17.4695,-7.3399,29.5507,-10.1138,13.3,0,7
LITE,Technology,SECTOR_TECHNOLOGY,B2,Batch 2 — 2024 to 2026,14,8,6,57.14,3.6887,0.813,1142.49,11.4249,1567.41,424.92,17.3008,-6.9487,49.4597,-11.5707,14.1,0,14
INSM,Healthcare,SECTOR_HEALTHCARE,B2,Batch 2 — 2024 to 2026,13,9,4,69.23,4.289,0.8123,1011.61,10.1161,1319.18,307.57,12.379,-5.7889,39.7609,-6.2768,10.0,0,13
SNDA,Healthcare,SECTOR_HEALTHCARE,B2,Batch 2 — 2024 to 2026,9,3,6,33.33,5.0055,0.8103,741.73,7.4173,926.91,185.18,35.5092,-2.8989,94.386,-6.0019,12.1,0,9
NEO,Healthcare,SECTOR_HEALTHCARE,B2,Batch 2 — 2024 to 2026,7,4,3,57.14,4.698,0.8099,562.36,5.6236,714.43,152.07,16.5002,-3.6469,52.0301,-5.0081,13.1,0,7
KO,Consumer Staples,SECTOR_CONSUMER_STAPLES,B2,Batch 2 — 2024 to 2026,9,5,4,55.56,3.5817,0.8089,636.0,6.36,882.35,246.35,5.1645,-1.4686,10.0614,-1.8589,12.8,0,9
AENT,Communication Services,SECTOR_COMMUNICATION_SERVICES,B2,Batch 2 — 2024 to 2026,9,5,4,55.56,3.641,0.8039,640.86,6.4086,883.52,242.66,45.2244,-10.0195,127.8641,-15.7623,21.9,1,8
SONO,Technology,SECTOR_TECHNOLOGY,B2,Batch 2 — 2024 to 2026,7,4,3,57.14,3.2081,0.8011,555.96,5.5596,807.74,251.78,17.5148,-5.9427,52.3374,-7.9875,24.1,1,6
CHTR,Communication Services,SECTOR_COMMUNICATION_SERVICES,B2,Batch 2 — 2024 to 2026,5,3,2,60.0,5.6724,0.7989,400.05,4.0005,485.67,85.62,9.9604,-3.3283,24.7032,-5.5532,16.4,0,5
FRGE,Financials,SECTOR_FINANCIALS,B2,Batch 2 — 2024 to 2026,7,2,5,28.57,2.6887,0.7938,609.2,6.092,969.96,360.76,61.3015,-14.5028,115.1868,-25.8637,10.9,1,6
AGL,Healthcare,SECTOR_HEALTHCARE,B2,Batch 2 — 2024 to 2026,4,2,2,50.0,2.6003,0.7914,318.33,3.1833,517.25,198.92,40.4437,-14.7044,79.4239,-15.5809,33.0,0,4
RVLV,Consumer Discretionary,SECTOR_CONSUMER_DISCRETIONARY,B2,Batch 2 — 2024 to 2026,10,7,3,70.0,4.0588,0.7884,713.64,7.1364,946.95,233.31,12.9689,-6.5715,30.5216,-9.4483,15.2,0,10
SATS,Communication Services,SECTOR_COMMUNICATION_SERVICES,B2,Batch 2 — 2024 to 2026,10,5,5,50.0,3.4987,0.7874,762.42,7.6242,1067.55,305.13,19.844,-5.5461,40.3719,-9.4013,12.6,1,9
LVS,Consumer Discretionary,SECTOR_CONSUMER_DISCRETIONARY,B2,Batch 2 — 2024 to 2026,10,5,5,50.0,4.3519,0.7867,794.07,7.9407,1030.97,236.9,12.977,-2.4863,29.4943,-4.7931,14.5,2,8
MATV,Materials,SECTOR_MATERIALS,B2,Batch 2 — 2024 to 2026,7,2,5,28.57,2.9025,0.7861,659.57,6.5957,1006.25,346.68,53.7998,-5.7617,102.1452,-10.9535,17.3,1,6
EMN,Materials,SECTOR_MATERIALS,B2,Batch 2 — 2024 to 2026,6,4,2,66.67,3.8377,0.7859,515.25,5.1525,696.82,181.57,7.4766,-4.1722,12.7308,-4.3517,16.2,0,6
HIMS,Healthcare,SECTOR_HEALTHCARE,B2,Batch 2 — 2024 to 2026,14,8,6,57.14,4.3019,0.7827,1121.41,11.2141,1461.04,339.63,20.1215,-7.4202,55.2903,-15.5738,9.8,0,14
CELH,Consumer Staples,SECTOR_CONSUMER_STAPLES,B2,Batch 2 — 2024 to 2026,9,5,4,55.56,3.4618,0.781,678.32,6.7832,953.86,275.54,17.7365,-8.4941,37.1953,-11.7313,14.4,1,8
ISBA,Financials,SECTOR_FINANCIALS,B2,Batch 2 — 2024 to 2026,11,6,5,54.55,3.2721,0.7794,809.29,8.0929,1165.48,356.19,9.0764,-4.2779,17.5342,-5.5109,12.0,0,11
AWI,Industrials,SECTOR_INDUSTRIALS,B2,Batch 2 — 2024 to 2026,11,7,4,63.64,4.3916,0.7792,936.17,9.3617,1212.2,276.03,7.1124,-3.0139,20.8148,-3.8803,14.4,0,11
OPY,Financials,SECTOR_FINANCIALS,B2,Batch 2 — 2024 to 2026,11,6,5,54.55,4.5062,0.777,698.4,6.984,897.59,199.19,8.679,-2.468,13.2589,-5.2862,13.4,0,11
ATRO,Industrials,SECTOR_INDUSTRIALS,B2,Batch 2 — 2024 to 2026,14,6,8,42.86,2.9058,0.7756,1111.12,11.1112,1694.15,583.03,22.6085,-6.2928,44.3121,-10.5333,13.0,0,14
CRS,Industrials,SECTOR_INDUSTRIALS,B2,Batch 2 — 2024 to 2026,12,8,4,66.67,4.4576,0.7733,928.82,9.2882,1197.45,268.63,12.4926,-5.0912,38.5964,-6.6709,15.0,0,12
SOFI,Financials,SECTOR_FINANCIALS,B2,Batch 2 — 2024 to 2026,11,3,8,27.27,2.2755,0.7731,746.73,7.4673,1332.15,585.42,37.1813,-6.5712,61.0187,-11.794,11.1,0,11
NGVT,Materials,SECTOR_MATERIALS,B2,Batch 2 — 2024 to 2026,7,4,3,57.14,2.9532,0.7703,431.17,4.3117,651.92,220.75,15.6974,-6.0293,25.4464,-8.6368,18.7,0,7
GNE,Utilities,SECTOR_UTILITIES,B2,Batch 2 — 2024 to 2026,6,2,4,33.33,2.3679,0.7658,490.59,4.9059,849.23,358.64,28.7786,-5.702,56.3567,-6.6012,14.5,0,6
EGY,Energy,SECTOR_ENERGY,B2,Batch 2 — 2024 to 2026,7,3,4,42.86,2.5748,0.7649,578.07,5.7807,945.15,367.08,20.9174,-7.4255,31.0861,-9.9446,14.0,0,7
AVPT,Technology,SECTOR_TECHNOLOGY,B2,Batch 2 — 2024 to 2026,11,5,6,45.45,3.617,0.7562,915.85,9.1585,1265.81,349.96,13.8439,-3.6426,39.3267,-6.3137,13.5,2,9
UPWK,Communication Services,SECTOR_COMMUNICATION_SERVICES,B2,Batch 2 — 2024 to 2026,8,4,4,50.0,2.6583,0.7551,599.78,5.9978,961.46,361.68,21.0277,-6.5336,42.7613,-7.4775,15.8,0,8
COLL,Healthcare,SECTOR_HEALTHCARE,B2,Batch 2 — 2024 to 2026,6,5,1,83.33,6.7499,0.747,448.55,4.4855,526.56,78.01,7.5122,-6.524,14.3486,-6.524,23.3,0,6
TER,Technology,SECTOR_TECHNOLOGY,B2,Batch 2 — 2024 to 2026,12,7,5,58.33,5.5392,0.7443,826.31,8.2631,1008.35,182.04,12.0136,-2.9733,38.393,-6.9441,17.7,2,10
TYRA,Healthcare,SECTOR_HEALTHCARE,B2,Batch 2 — 2024 to 2026,5,2,3,40.0,3.9206,0.7434,404.83,4.0483,543.44,138.61,31.4826,-5.7459,48.6017,-13.4258,23.8,0,5
PCN,Financials,SECTOR_FINANCIALS,B2,Batch 2 — 2024 to 2026,9,5,4,55.56,4.1364,0.7408,609.19,6.0919,803.42,194.23,2.0866,-0.7774,4.6875,-1.6912,13.3,0,9
NWPX,Materials,SECTOR_MATERIALS,B2,Batch 2 — 2024 to 2026,11,7,4,63.64,4.07,0.7398,735.75,7.3575,975.41,239.66,8.2321,-3.5047,25.0915,-3.9074,14.1,0,11
NEE,Utilities,SECTOR_UTILITIES,B2,Batch 2 — 2024 to 2026,9,5,4,55.56,2.8169,0.7382,630.74,6.3074,977.9,347.16,8.9194,-4.5859,16.9018,-5.6406,13.7,0,9
PL,Industrials,SECTOR_INDUSTRIALS,B2,Batch 2 — 2024 to 2026,12,4,8,33.33,2.2227,0.7348,753.74,7.5374,1370.19,616.45,42.1513,-7.9758,58.2996,-12.479,12.8,0,12
FOLD,Healthcare,SECTOR_HEALTHCARE,B2,Batch 2 — 2024 to 2026,8,4,4,50.0,2.8926,0.7309,580.41,5.8041,887.08,306.67,16.6284,-5.2718,45.1679,-7.5165,16.6,0,8
SES,Consumer Discretionary,SECTOR_CONSUMER_DISCRETIONARY,B2,Batch 2 — 2024 to 2026,9,3,6,33.33,3.3257,0.7302,694.0,6.94,992.4,298.4,59.3883,-8.9643,138.3253,-20.8035,12.7,1,8
FCX,Materials,SECTOR_MATERIALS,B2,Batch 2 — 2024 to 2026,8,4,4,50.0,3.3005,0.7299,572.49,5.7249,821.34,248.85,14.2254,-4.1916,38.7788,-9.2326,16.8,0,8
RJF,Financials,SECTOR_FINANCIALS,B2,Batch 2 — 2024 to 2026,13,6,7,46.15,3.7115,0.7287,951.27,9.5127,1302.1,350.83,8.4403,-2.0187,37.2118,-3.7448,11.7,0,13
TPC,Industrials,SECTOR_INDUSTRIALS,B2,Batch 2 — 2024 to 2026,15,7,8,46.67,2.7576,0.7287,1107.2,11.072,1737.14,629.94,26.241,-8.2387,107.088,-11.5234,13.6,0,15
DXPE,Industrials,SECTOR_INDUSTRIALS,B2,Batch 2 — 2024 to 2026,14,7,7,50.0,3.3854,0.7286,1027.97,10.2797,1458.91,430.94,14.089,-4.4073,35.0908,-10.4365,12.1,0,14
SWIM,Industrials,SECTOR_INDUSTRIALS,B2,Batch 2 — 2024 to 2026,8,5,3,62.5,4.2916,0.7273,542.29,5.4229,707.04,164.75,20.1354,-5.9679,64.3258,-7.7079,14.4,0,8
CM,Financials,SECTOR_FINANCIALS,B2,Batch 2 — 2024 to 2026,15,8,7,53.33,4.1625,0.7272,1110.94,11.1094,1462.23,351.29,6.0515,-1.6125,15.7935,-3.6957,14.8,0,15
IDR,Materials,SECTOR_MATERIALS,B2,Batch 2 — 2024 to 2026,13,9,4,69.23,5.7327,0.7245,810.9,8.109,982.24,171.34,13.0826,-5.0773,30.3876,-7.618,14.4,0,13
NGVC,Consumer Staples,SECTOR_CONSUMER_STAPLES,B2,Batch 2 — 2024 to 2026,11,6,5,54.55,3.1154,0.7242,815.81,8.1581,1201.46,385.65,12.9408,-6.1706,33.8827,-11.052,12.8,0,11
PCVX,Healthcare,SECTOR_HEALTHCARE,B2,Batch 2 — 2024 to 2026,9,6,3,66.67,3.9575,0.7239,633.89,6.3389,848.22,214.33,11.3995,-7.4919,40.6416,-12.2411,14.7,1,8
CAT,Industrials,SECTOR_INDUSTRIALS,B2,Batch 2 — 2024 to 2026,14,7,7,50.0,3.0306,0.7227,801.08,8.0108,1195.58,394.5,8.0712,-2.7479,18.7514,-5.5963,12.1,0,14
UCTT,Technology,SECTOR_TECHNOLOGY,B2,Batch 2 — 2024 to 2026,8,4,4,50.0,2.8064,0.7222,613.29,6.1329,952.8,339.51,18.9357,-7.5184,46.0381,-9.7091,15.6,0,8
NKTR,Healthcare,SECTOR_HEALTHCARE,B2,Batch 2 — 2024 to 2026,5,2,3,40.0,3.0294,0.7202,353.72,3.5372,528.02,174.3,31.9367,-8.2734,63.7931,-13.6752,10.4,0,5
PCRX,Healthcare,SECTOR_HEALTHCARE,B2,Batch 2 — 2024 to 2026,6,3,3,50.0,2.5905,0.7175,312.27,3.1227,508.6,196.33,21.3285,-5.6814,59.0654,-7.8489,26.8,1,5
CPNG,Consumer Discretionary,SECTOR_CONSUMER_DISCRETIONARY,B2,Batch 2 — 2024 to 2026,11,7,4,63.64,9.4694,0.7166,772.92,7.7292,864.18,91.26,7.6069,-1.3659,18.0829,-3.08,12.1,0,11
WOOF,Consumer Discretionary,SECTOR_CONSUMER_DISCRETIONARY,B2,Batch 2 — 2024 to 2026,7,2,5,28.57,3.1179,0.7145,532.06,5.3206,783.28,251.22,48.4564,-6.9675,95.1111,-12.7269,16.9,0,7
BKSY,Industrials,SECTOR_INDUSTRIALS,B2,Batch 2 — 2024 to 2026,12,8,4,66.67,3.1149,0.7143,755.33,7.5533,1112.48,357.15,21.8176,-10.8388,69.6552,-11.8451,11.2,1,11
AIO,Financials,SECTOR_FINANCIALS,B2,Batch 2 — 2024 to 2026,9,5,4,55.56,3.2065,0.7132,659.89,6.5989,958.95,299.06,6.3739,-2.8811,12.453,-4.8096,13.2,1,8
APGE,Healthcare,SECTOR_HEALTHCARE,B2,Batch 2 — 2024 to 2026,6,3,3,50.0,3.068,0.7118,440.59,4.4059,653.64,213.05,20.5227,-7.4462,34.9687,-14.5124,15.7,0,6
AX,Financials,SECTOR_FINANCIALS,B2,Batch 2 — 2024 to 2026,10,5,5,50.0,6.7261,0.709,629.47,6.2947,739.4,109.93,9.4453,-1.258,27.2378,-1.8808,13.7,0,10
RBLX,Communication Services,SECTOR_COMMUNICATION_SERVICES,B2,Batch 2 — 2024 to 2026,11,4,7,36.36,3.8763,0.7068,679.4,6.794,915.61,236.21,20.5143,-2.7464,53.4284,-7.8233,14.8,0,11
OMCL,Healthcare,SECTOR_HEALTHCARE,B2,Batch 2 — 2024 to 2026,8,3,5,37.5,2.0921,0.7047,422.7,4.227,809.74,387.04,26.6641,-6.6143,50.4101,-8.4791,22.0,1,7
SEB,Industrials,SECTOR_INDUSTRIALS,B2,Batch 2 — 2024 to 2026,9,3,6,33.33,2.3333,0.7038,1292.84,12.9284,2262.52,969.68,23.5398,-4.7595,42.1678,-6.5794,23.9,0,9
MEDP,Healthcare,SECTOR_HEALTHCARE,B2,Batch 2 — 2024 to 2026,12,5,7,41.67,2.8029,0.6978,821.97,8.2197,1277.88,455.91,14.993,-4.7765,42.1353,-8.5924,10.4,0,12
ARVN,Healthcare,SECTOR_HEALTHCARE,B2,Batch 2 — 2024 to 2026,5,3,2,60.0,3.0649,0.693,363.86,3.6386,540.07,176.21,32.4421,-9.9823,86.7925,-10.7461,36.8,1,4
MSI,Technology,SECTOR_TECHNOLOGY,B2,Batch 2 — 2024 to 2026,12,8,4,66.67,3.5602,0.69,705.55,7.0555,981.13,275.58,4.2275,-2.2703,8.5448,-3.5002,15.0,1,11
GLW,Technology,SECTOR_TECHNOLOGY,B2,Batch 2 — 2024 to 2026,18,8,10,44.44,3.5852,0.6871,1115.96,11.1596,1547.63,431.67,8.8476,-2.1874,27.5247,-4.3007,10.8,0,18
ULCC,Industrials,SECTOR_INDUSTRIALS,B2,Batch 2 — 2024 to 2026,7,3,4,42.86,2.0537,0.6865,360.86,3.6086,703.32,342.46,31.572,-10.1724,59.7938,-11.779,15.3,1,6
SFST,Financials,SECTOR_FINANCIALS,B2,Batch 2 — 2024 to 2026,10,4,6,40.0,3.2852,0.6726,594.05,5.9405,854.0,259.95,12.0392,-2.5432,24.7581,-5.2047,12.1,0,10
AXTI,Technology,SECTOR_TECHNOLOGY,B2,Batch 2 — 2024 to 2026,8,4,4,50.0,2.4287,0.6712,469.16,4.6916,797.55,328.39,31.9279,-10.7858,60.3571,-14.0733,13.1,0,8
TSLA,Consumer Discretionary,SECTOR_CONSUMER_DISCRETIONARY,B2,Batch 2 — 2024 to 2026,11,6,5,54.55,3.4715,0.6705,605.24,6.0524,850.13,244.89,15.4515,-4.7129,30.6076,-8.5203,14.3,0,11
USLM,Materials,SECTOR_MATERIALS,B2,Batch 2 — 2024 to 2026,14,5,9,35.71,2.4935,0.6704,870.28,8.7028,1452.99,582.71,17.2095,-4.1549,47.5788,-6.1279,10.4,0,14
BKU,Financials,SECTOR_FINANCIALS,B2,Batch 2 — 2024 to 2026,8,5,3,62.5,13.1773,0.6699,538.6,5.386,582.83,44.23,6.8684,-0.8273,13.3937,-1.5597,15.9,0,8
DYN,Healthcare,SECTOR_HEALTHCARE,B2,Batch 2 — 2024 to 2026,9,4,5,44.44,2.7523,0.6688,594.35,5.9435,933.53,339.18,30.2713,-9.2197,105.8651,-16.6453,17.4,0,9
AXON,Industrials,SECTOR_INDUSTRIALS,B2,Batch 2 — 2024 to 2026,13,5,8,38.46,3.0126,0.6683,835.47,8.3547,1250.59,415.12,13.674,-4.0543,39.0376,-7.607,12.4,0,13
APLD,Technology,SECTOR_TECHNOLOGY,B2,Batch 2 — 2024 to 2026,13,6,7,46.15,3.0005,0.6679,950.77,9.5077,1426.04,475.27,34.0759,-11.2402,74.2476,-17.979,12.1,1,12
ANIP,Healthcare,SECTOR_HEALTHCARE,B2,Batch 2 — 2024 to 2026,9,4,5,44.44,2.6845,0.6672,612.33,6.1233,975.83,363.5,15.7627,-4.5553,38.6933,-6.9689,12.6,0,9
OPCH,Healthcare,SECTOR_HEALTHCARE,B2,Batch 2 — 2024 to 2026,6,3,3,50.0,2.9569,0.6637,397.06,3.9706,599.96,202.9,11.693,-3.4606,18.6271,-5.4937,15.5,0,6
PM,Consumer Staples,SECTOR_CONSUMER_STAPLES,B2,Batch 2 — 2024 to 2026,14,8,6,57.14,2.7784,0.6631,940.46,9.4046,1469.29,528.83,6.0224,-3.7467,18.4253,-8.7431,11.5,0,14
TPL,Energy,SECTOR_ENERGY,B2,Batch 2 — 2024 to 2026,12,5,7,41.67,2.9812,0.6598,831.57,8.3157,1251.31,419.74,16.4144,-4.4836,54.8776,-8.2241,11.9,0,12
ERAS,Healthcare,SECTOR_HEALTHCARE,B2,Batch 2 — 2024 to 2026,11,5,6,45.45,3.0228,0.6579,734.51,7.3451,1097.62,363.11,37.9823,-9.1105,141.3872,-18.139,13.9,0,11
SMR,Industrials,SECTOR_INDUSTRIALS,B2,Batch 2 — 2024 to 2026,13,6,7,46.15,3.0537,0.6577,865.87,8.6587,1287.49,421.62,32.1135,-11.2069,68.581,-19.0646,9.5,0,13
ARLO,Industrials,SECTOR_INDUSTRIALS,B2,Batch 2 — 2024 to 2026,8,2,6,25.0,2.3276,0.6528,627.08,6.2708,1099.42,472.34,46.3579,-6.6667,64.8039,-15.9123,11.5,1,7
FDP,Consumer Staples,SECTOR_CONSUMER_STAPLES,B2,Batch 2 — 2024 to 2026,10,6,4,60.0,2.6809,0.6492,465.37,4.6537,742.22,276.85,6.6979,-2.8257,22.108,-5.3058,11.4,0,10
STRL,Industrials,SECTOR_INDUSTRIALS,B2,Batch 2 — 2024 to 2026,15,9,6,60.0,2.7873,0.6446,914.44,9.1444,1426.08,511.64,16.2421,-6.8691,60.0689,-12.1032,12.3,0,15
BME,Financials,SECTOR_FINANCIALS,B2,Batch 2 — 2024 to 2026,7,5,2,71.43,4.4049,0.6437,458.27,4.5827,592.86,134.59,2.6424,-1.7315,4.0754,-2.4784,21.3,0,7
TTMI,Technology,SECTOR_TECHNOLOGY,B2,Batch 2 — 2024 to 2026,15,8,7,53.33,3.6169,0.6437,943.02,9.4302,1303.38,360.36,15.6002,-3.3706,87.563,-6.1209,11.6,0,15
GPGI,Industrials,SECTOR_INDUSTRIALS,B2,Batch 2 — 2024 to 2026,12,5,7,41.67,2.3936,0.6417,736.05,7.3605,1264.2,528.15,22.8938,-5.8274,55.8763,-8.1769,14.4,0,12
AEO,Consumer Discretionary,SECTOR_CONSUMER_DISCRETIONARY,B2,Batch 2 — 2024 to 2026,9,3,6,33.33,1.8515,0.64,521.77,5.2177,1134.51,612.74,35.0004,-8.618,48.3944,-13.4711,15.2,0,9
NRGV,Utilities,SECTOR_UTILITIES,B2,Batch 2 — 2024 to 2026,10,3,7,30.0,2.3245,0.6381,663.23,6.6323,1163.96,500.73,61.806,-12.2147,79.798,-22.9433,13.8,0,10
SVRA,Healthcare,SECTOR_HEALTHCARE,B2,Batch 2 — 2024 to 2026,5,3,2,60.0,1.9259,0.6372,318.32,3.1832,662.12,343.8,26.5684,-22.3533,40.7115,-33.7931,21.8,0,5
WYNN,Consumer Discretionary,SECTOR_CONSUMER_DISCRETIONARY,B2,Batch 2 — 2024 to 2026,10,4,6,40.0,2.8761,0.637,642.9,6.429,985.58,342.68,12.0876,-3.6256,24.8781,-6.5775,10.1,0,10
NECB,Financials,SECTOR_FINANCIALS,B2,Batch 2 — 2024 to 2026,11,5,6,45.45,2.8339,0.6354,678.36,6.7836,1048.27,369.91,8.5895,-3.8659,16.5936,-8.4819,10.2,0,11
ASMB,Healthcare,SECTOR_HEALTHCARE,B2,Batch 2 — 2024 to 2026,8,4,4,50.0,3.6513,0.6328,575.34,5.7534,792.34,217.0,21.9812,-7.0602,56.8696,-10.8092,16.0,0,8
PCT,Industrials,SECTOR_INDUSTRIALS,B2,Batch 2 — 2024 to 2026,8,4,4,50.0,3.0872,0.6309,517.95,5.1795,766.11,248.16,29.0183,-7.134,70.2597,-9.5506,16.1,0,8
MATX,Industrials,SECTOR_INDUSTRIALS,B2,Batch 2 — 2024 to 2026,8,3,5,37.5,2.681,0.6304,481.21,4.8121,767.48,286.27,14.9004,-3.3638,23.9944,-4.9915,13.1,0,8
TEAM,Technology,SECTOR_TECHNOLOGY,B2,Batch 2 — 2024 to 2026,7,3,4,42.86,1.4914,0.6304,267.7,2.677,812.47,544.77,22.9727,-9.6502,32.4307,-12.0159,13.1,1,6
PRIM,Industrials,SECTOR_INDUSTRIALS,B2,Batch 2 — 2024 to 2026,15,10,5,66.67,3.9982,0.6289,937.97,9.3797,1250.81,312.84,8.0439,-4.809,17.3743,-7.8007,13.2,0,15
PCB,Financials,SECTOR_FINANCIALS,B2,Batch 2 — 2024 to 2026,8,4,4,50.0,3.6346,0.6268,384.44,3.8444,530.36,145.92,7.7696,-1.8095,13.8691,-3.3642,14.4,0,8
ACMR,Technology,SECTOR_TECHNOLOGY,B2,Batch 2 — 2024 to 2026,11,6,5,54.55,3.1548,0.626,668.73,6.6873,979.08,310.35,16.5071,-6.7737,31.0848,-9.8198,15.4,0,11
CDE,Materials,SECTOR_MATERIALS,B2,Batch 2 — 2024 to 2026,12,3,9,25.0,3.0806,0.6247,784.59,7.8459,1161.68,377.09,36.9949,-4.4848,54.9209,-9.8474,14.2,0,12
KMT,Industrials,SECTOR_INDUSTRIALS,B2,Batch 2 — 2024 to 2026,8,5,3,62.5,4.2185,0.6234,510.07,5.1007,668.55,158.48,6.9319,-2.3174,13.9947,-3.3084,14.8,0,8
FRSH,Technology,SECTOR_TECHNOLOGY,B2,Batch 2 — 2024 to 2026,5,3,2,60.0,2.3135,0.6217,244.47,2.4447,430.59,186.12,10.1467,-6.6174,24.3902,-7.3442,22.8,1,4
IMMX,Healthcare,SECTOR_HEALTHCARE,B2,Batch 2 — 2024 to 2026,7,5,2,71.43,10.8327,0.6213,412.68,4.1268,454.65,41.97,15.0219,-3.842,31.3492,-4.0476,15.0,0,7
JEF,Financials,SECTOR_FINANCIALS,B2,Batch 2 — 2024 to 2026,10,7,3,70.0,4.5964,0.62,560.6,5.606,716.48,155.88,6.2924,-2.4424,17.7585,-4.1245,20.9,1,9
SKYW,Industrials,SECTOR_INDUSTRIALS,B2,Batch 2 — 2024 to 2026,13,7,6,53.85,3.7739,0.6186,786.39,7.8639,1069.89,283.5,9.7611,-3.2133,21.0672,-6.3157,12.6,0,13
JAMF,Technology,SECTOR_TECHNOLOGY,B2,Batch 2 — 2024 to 2026,8,4,4,50.0,2.5406,0.6137,467.27,4.6727,770.57,303.3,15.0152,-4.8624,42.3877,-7.1698,18.6,0,8
ANF,Consumer Discretionary,SECTOR_CONSUMER_DISCRETIONARY,B2,Batch 2 — 2024 to 2026,9,4,5,44.44,2.4486,0.6134,477.43,4.7743,807.01,329.58,18.2159,-6.776,34.7645,-12.6642,19.4,0,9
ESTA,Healthcare,SECTOR_HEALTHCARE,B2,Batch 2 — 2024 to 2026,8,4,4,50.0,2.5545,0.6116,480.62,4.8062,789.8,309.18,26.0188,-8.8716,68.3037,-14.8022,18.6,0,8
VERA,Healthcare,SECTOR_HEALTHCARE,B2,Batch 2 — 2024 to 2026,9,3,6,33.33,1.9317,0.6108,573.52,5.7352,1189.06,615.54,50.6743,-13.0168,72.6568,-35.5606,11.4,1,8
CIVB,Financials,SECTOR_FINANCIALS,B2,Batch 2 — 2024 to 2026,11,6,5,54.55,2.7732,0.6089,535.61,5.3561,837.67,302.06,8.6296,-4.3892,21.0847,-7.5601,11.0,0,11
IDA,Utilities,SECTOR_UTILITIES,B2,Batch 2 — 2024 to 2026,13,7,6,53.85,3.0338,0.607,679.64,6.7964,1013.81,334.17,5.0678,-1.8119,11.0511,-3.2692,13.2,0,13
ATI,Industrials,SECTOR_INDUSTRIALS,B2,Batch 2 — 2024 to 2026,7,3,4,42.86,3.3499,0.6068,467.35,4.6735,666.23,198.88,17.3727,-2.7146,31.5714,-4.763,16.4,0,7
BH,Consumer Discretionary,SECTOR_CONSUMER_DISCRETIONARY,B2,Batch 2 — 2024 to 2026,14,7,7,50.0,3.0256,0.6067,700.14,7.0014,1045.79,345.65,10.5868,-3.1148,32.5269,-4.3437,13.8,0,14
CELC,Healthcare,SECTOR_HEALTHCARE,B2,Batch 2 — 2024 to 2026,9,4,5,44.44,3.6823,0.6062,587.12,5.8712,806.01,218.89,30.7605,-5.4351,57.2857,-9.5878,15.4,0,9
CTEV,Healthcare,SECTOR_HEALTHCARE,B2,Batch 2 — 2024 to 2026,8,4,4,50.0,2.7601,0.6053,468.49,4.6849,734.66,266.17,30.4149,-10.7435,70.0437,-20.6198,14.5,0,8
STX,Technology,SECTOR_TECHNOLOGY,B2,Batch 2 — 2024 to 2026,16,7,9,43.75,2.6551,0.6037,808.47,8.0847,1296.95,488.48,16.8079,-3.6342,57.0652,-9.9492,10.3,0,16
KALU,Materials,SECTOR_MATERIALS,B2,Batch 2 — 2024 to 2026,11,5,6,45.45,3.1918,0.6032,706.32,7.0632,1028.58,322.26,16.6576,-3.7837,28.9437,-6.808,14.6,0,11
NWBI,Financials,SECTOR_FINANCIALS,B2,Batch 2 — 2024 to 2026,6,3,3,50.0,2.3255,0.6026,271.11,2.7111,475.65,204.54,7.7802,-3.0767,15.3641,-5.2611,18.0,0,6
IONS,Healthcare,SECTOR_HEALTHCARE,B2,Batch 2 — 2024 to 2026,9,5,4,55.56,3.3529,0.6025,534.81,5.3481,762.11,227.3,11.5345,-3.838,22.1261,-4.5803,13.4,0,9
NEM,Materials,SECTOR_MATERIALS,B2,Batch 2 — 2024 to 2026,16,10,6,62.5,2.716,0.6013,976.44,9.7644,1545.46,569.02,8.931,-5.0947,21.6331,-6.9036,13.7,0,16
REGN,Healthcare,SECTOR_HEALTHCARE,B2,Batch 2 — 2024 to 2026,9,5,4,55.56,2.5013,0.5994,356.15,3.5615,593.38,237.23,8.7681,-3.5303,30.7975,-6.0987,19.9,0,9
BLTE,Healthcare,SECTOR_HEALTHCARE,B2,Batch 2 — 2024 to 2026,12,6,6,50.0,2.649,0.5994,671.25,6.7125,1078.32,407.07,15.1402,-7.381,44.4541,-12.2817,12.1,0,12
QBTS,Technology,SECTOR_TECHNOLOGY,B2,Batch 2 — 2024 to 2026,13,4,9,30.77,2.0178,0.5972,787.95,7.8795,1562.15,774.2,58.5988,-16.3347,82.966,-21.0526,7.8,0,13
ACHR,Industrials,SECTOR_INDUSTRIALS,B2,Batch 2 — 2024 to 2026,9,2,7,22.22,1.7044,0.5958,383.06,3.8306,926.89,543.83,59.7647,-10.738,98.8201,-16.8356,8.0,0,9
ATXS,Healthcare,SECTOR_HEALTHCARE,B2,Batch 2 — 2024 to 2026,8,4,4,50.0,2.7231,0.5946,526.46,5.2646,831.99,305.53,24.4918,-8.1029,46.5476,-14.5768,16.1,1,7
UI,Technology,SECTOR_TECHNOLOGY,B2,Batch 2 — 2024 to 2026,13,6,7,46.15,2.7334,0.5934,715.06,7.1506,1127.58,412.52,17.1469,-5.8622,31.0535,-11.8019,12.2,0,13
MHK,Consumer Discretionary,SECTOR_CONSUMER_DISCRETIONARY,B2,Batch 2 — 2024 to 2026,8,5,3,62.5,2.8529,0.593,465.19,4.6519,716.25,251.06,8.4137,-4.3916,19.7641,-5.1361,14.6,0,8
VIAV,Technology,SECTOR_TECHNOLOGY,B2,Batch 2 — 2024 to 2026,15,8,7,53.33,2.5912,0.5905,866.71,8.6671,1411.4,544.69,10.81,-4.8598,29.0765,-6.8271,11.3,0,15
WMT,Consumer Staples,SECTOR_CONSUMER_STAPLES,B2,Batch 2 — 2024 to 2026,18,12,6,66.67,5.2845,0.589,1124.78,11.2478,1387.3,262.52,3.6623,-1.616,10.362,-3.0376,13.6,0,18
RCUS,Healthcare,SECTOR_HEALTHCARE,B2,Batch 2 — 2024 to 2026,7,1,6,14.29,1.8254,0.5829,405.71,4.0571,897.26,491.55,84.6352,-9.0396,84.6352,-14.6789,16.7,1,6
DFTX,Healthcare,SECTOR_HEALTHCARE,B2,Batch 2 — 2024 to 2026,12,6,6,50.0,2.4109,0.5798,719.87,7.1987,1230.1,510.23,24.6769,-11.9676,111.236,-17.2891,11.1,0,12
PI,Technology,SECTOR_TECHNOLOGY,B2,Batch 2 — 2024 to 2026,11,5,6,45.45,2.1612,0.5789,510.82,5.1082,950.73,439.91,25.3704,-6.8542,87.5321,-11.7199,17.2,0,11
LTH,Consumer Discretionary,SECTOR_CONSUMER_DISCRETIONARY,B2,Batch 2 — 2024 to 2026,11,4,7,36.36,2.1698,0.5772,490.89,4.9089,910.51,419.62,14.7129,-4.4371,31.8595,-7.5607,9.4,0,11
AEP,Utilities,SECTOR_UTILITIES,B2,Batch 2 — 2024 to 2026,11,9,2,81.82,9.3472,0.5753,623.7,6.237,698.42,74.72,2.5736,-1.1296,6.7726,-1.2499,13.4,0,11
MAMA,Consumer Staples,SECTOR_CONSUMER_STAPLES,B2,Batch 2 — 2024 to 2026,12,7,5,58.33,3.4241,0.5753,674.78,6.7478,953.14,278.36,12.7265,-5.429,22.3926,-10.169,12.1,0,12
LPTH,Technology,SECTOR_TECHNOLOGY,B2,Batch 2 — 2024 to 2026,15,6,9,40.0,2.4083,0.5737,817.64,8.1764,1398.21,580.57,30.3276,-8.7003,76.5027,-18.4441,10.5,0,15
DY,Industrials,SECTOR_INDUSTRIALS,B2,Batch 2 — 2024 to 2026,15,9,6,60.0,3.272,0.5677,854.21,8.5421,1230.19,375.98,9.3745,-5.1959,43.1496,-7.3209,11.6,0,15
KYMR,Healthcare,SECTOR_HEALTHCARE,B2,Batch 2 — 2024 to 2026,9,3,6,33.33,2.644,0.5625,543.25,5.4325,873.7,330.45,33.989,-6.5773,42.1182,-9.9098,16.4,0,9
ICE,Financials,SECTOR_FINANCIALS,B2,Batch 2 — 2024 to 2026,13,7,6,53.85,3.1115,0.5609,670.72,6.7072,988.37,317.65,5.0365,-1.7125,10.6879,-3.972,14.8,1,12
SCSC,Technology,SECTOR_TECHNOLOGY,B2,Batch 2 — 2024 to 2026,7,5,2,71.43,3.0847,0.5595,372.3,3.723,550.89,178.59,8.4612,-5.6025,23.8095,-5.7941,14.0,1,6
FULC,Healthcare,SECTOR_HEALTHCARE,B2,Batch 2 — 2024 to 2026,10,4,6,40.0,2.2385,0.5576,559.23,5.5923,1010.76,451.53,35.0397,-10.1159,99.7118,-14.6216,16.8,1,9
EMR,Industrials,SECTOR_INDUSTRIALS,B2,Batch 2 — 2024 to 2026,11,7,4,63.64,3.9614,0.5554,612.38,6.1238,819.17,206.79,5.4714,-2.3475,13.0099,-4.5505,16.8,1,10
LOPE,Consumer Staples,SECTOR_CONSUMER_STAPLES,B2,Batch 2 — 2024 to 2026,11,6,5,54.55,5.0558,0.5505,618.87,6.1887,771.46,152.59,5.696,-1.3563,10.8351,-2.26,13.2,1,10
PFS,Financials,SECTOR_FINANCIALS,B2,Batch 2 — 2024 to 2026,8,5,3,62.5,2.738,0.5504,415.72,4.1572,654.92,239.2,7.4228,-4.5396,16.6211,-5.909,15.1,0,8
OKE,Energy,SECTOR_ENERGY,B2,Batch 2 — 2024 to 2026,10,5,5,50.0,2.3212,0.549,561.28,5.6128,986.09,424.81,7.6239,-3.3661,11.2595,-4.1608,13.9,0,10
BTU,Energy,SECTOR_ENERGY,B2,Batch 2 — 2024 to 2026,11,5,6,45.45,1.8816,0.5483,453.9,4.539,968.77,514.87,20.5982,-6.6172,68.3851,-11.9381,12.3,0,11
BHRB,Financials,SECTOR_FINANCIALS,B2,Batch 2 — 2024 to 2026,6,3,3,50.0,2.5283,0.5471,317.46,3.1746,525.18,207.72,11.6202,-3.9644,15.9735,-4.9554,17.2,0,6
MCB,Financials,SECTOR_FINANCIALS,B2,Batch 2 — 2024 to 2026,11,7,4,63.64,4.5207,0.5466,512.89,5.1289,658.57,145.68,6.9031,-2.733,22.7189,-7.0465,12.9,0,11
AAP,Consumer Discretionary,SECTOR_CONSUMER_DISCRETIONARY,B2,Batch 2 — 2024 to 2026,6,3,3,50.0,2.0367,0.5465,302.43,3.0243,594.15,291.72,18.9695,-7.6777,42.9405,-8.7109,7.8,0,6
LOW,Consumer Discretionary,SECTOR_CONSUMER_DISCRETIONARY,B2,Batch 2 — 2024 to 2026,9,4,5,44.44,2.5317,0.5463,436.39,4.3639,721.29,284.9,8.0974,-2.7342,14.7959,-6.0517,15.7,0,9
SEE,Consumer Discretionary,SECTOR_CONSUMER_DISCRETIONARY,B2,Batch 2 — 2024 to 2026,8,5,3,62.5,4.0535,0.5437,410.88,4.1088,545.44,134.56,7.5929,-2.7605,15.6131,-5.4644,22.8,0,8
RVMD,Healthcare,SECTOR_HEALTHCARE,B2,Batch 2 — 2024 to 2026,11,5,6,45.45,2.5954,0.5431,597.9,5.979,972.66,374.76,14.8077,-5.6611,61.9147,-9.4377,11.6,0,11
SHAK,Consumer Discretionary,SECTOR_CONSUMER_DISCRETIONARY,B2,Batch 2 — 2024 to 2026,10,4,6,40.0,2.5375,0.5395,545.15,5.4515,899.71,354.56,18.5542,-4.5676,32.0127,-8.8533,10.3,0,10
EPAM,Technology,SECTOR_TECHNOLOGY,B2,Batch 2 — 2024 to 2026,9,3,6,33.33,2.6949,0.5388,537.13,5.3713,854.04,316.91,16.5112,-4.028,26.5175,-8.1748,22.6,1,8
DAVE,Technology,SECTOR_TECHNOLOGY,B2,Batch 2 — 2024 to 2026,15,4,11,26.67,2.4168,0.5365,793.87,7.9387,1354.21,560.34,48.8217,-7.1415,126.3135,-15.1315,10.3,0,15
KROS,Healthcare,SECTOR_HEALTHCARE,B2,Batch 2 — 2024 to 2026,7,3,4,42.86,2.8841,0.5364,400.31,4.0031,612.78,212.47,24.7597,-5.0745,58.7264,-8.6227,31.0,1,6
TTI,Industrials,SECTOR_INDUSTRIALS,B2,Batch 2 — 2024 to 2026,11,5,6,45.45,2.3139,0.5362,645.1,6.451,1136.08,490.98,22.7461,-8.4743,52.1739,-10.9825,14.9,0,11
FHI,Financials,SECTOR_FINANCIALS,B2,Batch 2 — 2024 to 2026,13,7,6,53.85,3.2817,0.5353,687.67,6.8767,989.06,301.39,5.1852,-2.101,11.6924,-3.5612,11.6,0,13
CNK,Communication Services,SECTOR_COMMUNICATION_SERVICES,B2,Batch 2 — 2024 to 2026,14,7,7,50.0,2.6739,0.5347,670.36,6.7036,1070.83,400.47,10.7836,-3.4884,20.5004,-6.343,12.8,0,14
URBN,Consumer Discretionary,SECTOR_CONSUMER_DISCRETIONARY,B2,Batch 2 — 2024 to 2026,12,4,8,33.33,2.6878,0.5342,669.95,6.6995,1066.88,396.93,18.0114,-3.596,48.0749,-7.8123,10.8,0,12
FRBA,Financials,SECTOR_FINANCIALS,B2,Batch 2 — 2024 to 2026,7,5,2,71.43,2.8545,0.5296,306.74,3.0674,472.14,165.4,4.9004,-4.6989,12.1188,-5.3358,11.4,0,7
KAI,Industrials,SECTOR_INDUSTRIALS,B2,Batch 2 — 2024 to 2026,10,5,5,50.0,2.6728,0.5267,451.12,4.5112,720.8,269.68,8.7646,-3.6302,17.2382,-6.0657,13.8,0,10
NVRI,Industrials,SECTOR_INDUSTRIALS,B2,Batch 2 — 2024 to 2026,11,7,4,63.64,5.0325,0.5252,550.03,5.5003,686.43,136.4,9.0056,-2.5876,17.9632,-6.3232,15.3,0,11
UTG,Financials,SECTOR_FINANCIALS,B2,Batch 2 — 2024 to 2026,12,6,6,50.0,2.7613,0.5244,658.89,6.5889,1032.99,374.1,4.4456,-1.7094,10.8711,-3.355,14.2,0,12
SNOW,Technology,SECTOR_TECHNOLOGY,B2,Batch 2 — 2024 to 2026,11,4,7,36.36,2.0399,0.519,535.0,5.35,1049.46,514.46,20.4215,-5.2503,45.1791,-8.0507,14.6,1,10
INCY,Healthcare,SECTOR_HEALTHCARE,B2,Batch 2 — 2024 to 2026,10,5,5,50.0,2.8249,0.5154,493.09,4.9309,763.29,270.2,8.7626,-3.0474,12.0785,-5.0249,12.1,0,10
ALDX,Healthcare,SECTOR_HEALTHCARE,B2,Batch 2 — 2024 to 2026,7,2,5,28.57,2.2635,0.5121,380.59,3.8059,681.8,301.21,50.782,-7.1302,91.791,-10.2124,9.7,1,6
HCC,Materials,SECTOR_MATERIALS,B2,Batch 2 — 2024 to 2026,5,4,1,80.0,3.5599,0.5115,204.59,2.0459,284.51,79.92,6.7626,-7.0331,13.4278,-7.0331,13.6,0,5
CTSH,Technology,SECTOR_TECHNOLOGY,B2,Batch 2 — 2024 to 2026,8,4,4,50.0,2.4388,0.5108,360.04,3.6004,610.28,250.24,7.4674,-2.1963,17.3664,-3.4134,15.2,0,8
SMG,Materials,SECTOR_MATERIALS,B2,Batch 2 — 2024 to 2026,8,4,4,50.0,2.89,0.5096,442.62,4.4262,676.81,234.19,11.9918,-3.1835,16.6174,-6.0398,16.4,0,8
VSCO,Consumer Discretionary,SECTOR_CONSUMER_DISCRETIONARY,B2,Batch 2 — 2024 to 2026,13,7,6,53.85,2.8946,0.5077,663.31,6.6331,1013.42,350.11,13.8381,-6.3796,31.4875,-13.5563,14.8,0,13
AAPL,Technology,SECTOR_TECHNOLOGY,B2,Batch 2 — 2024 to 2026,11,7,4,63.64,4.7751,0.5062,506.73,5.0673,640.96,134.23,3.9504,-1.3885,8.3098,-2.6253,12.9,0,11
HQH,Financials,SECTOR_FINANCIALS,B2,Batch 2 — 2024 to 2026,9,5,4,55.56,3.2518,0.5041,465.55,4.6555,672.3,206.75,3.8038,-1.8092,8.6806,-3.2597,13.9,0,9
SUPN,Healthcare,SECTOR_HEALTHCARE,B2,Batch 2 — 2024 to 2026,9,5,4,55.56,2.202,0.5026,429.6,4.296,787.0,357.4,9.6071,-5.3484,33.4219,-7.3276,18.0,0,9
COST,Consumer Staples,SECTOR_CONSUMER_STAPLES,B2,Batch 2 — 2024 to 2026,13,6,7,46.15,3.7317,0.5018,558.35,5.5835,762.75,204.4,5.0588,-1.1619,13.3953,-3.0467,12.5,0,13
HUT,Financials,SECTOR_FINANCIALS,B2,Batch 2 — 2024 to 2026,14,8,6,57.14,2.9797,0.501,662.4,6.624,997.0,334.6,18.4175,-9.3123,58.104,-16.9345,11.2,0,14
WINA,Consumer Discretionary,SECTOR_CONSUMER_DISCRETIONARY,B2,Batch 2 — 2024 to 2026,8,4,4,50.0,2.4545,0.4986,367.19,3.6719,619.64,252.45,11.382,-4.7897,24.8629,-6.9942,14.8,0,8
COIN,Financials,SECTOR_FINANCIALS,B2,Batch 2 — 2024 to 2026,12,5,7,41.67,2.5098,0.4984,485.78,4.8578,807.53,321.75,22.6729,-6.0825,33.3373,-15.0007,9.4,0,12
BHF,Financials,SECTOR_FINANCIALS,B2,Batch 2 — 2024 to 2026,8,5,3,62.5,2.4378,0.4981,378.83,3.7883,642.3,263.47,8.5681,-5.8407,19.4196,-8.2567,12.2,0,8
MU,Technology,SECTOR_TECHNOLOGY,B2,Batch 2 — 2024 to 2026,16,9,7,56.25,2.1606,0.4965,769.89,7.6989,1433.27,663.38,14.8161,-8.0721,49.6951,-17.9226,10.3,1,15
LIFE,Financials,SECTOR_FINANCIALS,B2,Batch 2 — 2024 to 2026,8,4,4,50.0,1.9244,0.496,267.38,2.6738,556.64,289.26,19.629,-10.3941,43.1925,-15.5751,7.1,0,8
MCS,Communication Services,SECTOR_COMMUNICATION_SERVICES,B2,Batch 2 — 2024 to 2026,10,3,7,30.0,1.4106,0.4952,257.1,2.571,883.27,626.17,18.342,-5.1078,31.7576,-6.9494,22.5,2,8
CENX,Materials,SECTOR_MATERIALS,B2,Batch 2 — 2024 to 2026,14,5,9,35.71,3.0357,0.4948,708.11,7.0811,1055.95,347.84,20.8619,-4.0457,49.9567,-8.7284,11.4,0,14
MRNA,Healthcare,SECTOR_HEALTHCARE,B2,Batch 2 — 2024 to 2026,6,2,4,33.33,1.5681,0.4924,191.15,1.9115,527.63,336.48,32.7097,-8.6965,59.9637,-10.9064,15.2,0,6
AGYS,Technology,SECTOR_TECHNOLOGY,B2,Batch 2 — 2024 to 2026,10,6,4,60.0,2.9151,0.4914,511.26,5.1126,778.22,266.96,9.213,-4.8906,37.6574,-8.0896,9.7,0,10
LZ,Industrials,SECTOR_INDUSTRIALS,B2,Batch 2 — 2024 to 2026,7,3,4,42.86,2.2316,0.4886,366.44,3.6644,663.96,297.52,16.9247,-6.6187,35.2593,-8.5789,23.0,2,5
HUBS,Technology,SECTOR_TECHNOLOGY,B2,Batch 2 — 2024 to 2026,8,4,4,50.0,2.9359,0.4866,446.98,4.4698,677.87,230.89,11.0168,-6.5602,35.6982,-7.6269,15.5,1,7
TASK,Technology,SECTOR_TECHNOLOGY,B2,Batch 2 — 2024 to 2026,9,6,3,66.67,2.3815,0.482,405.16,4.0516,698.43,293.27,8.7637,-8.7279,18.4975,-10.1515,12.8,1,8
CRVS,Healthcare,SECTOR_HEALTHCARE,B2,Batch 2 — 2024 to 2026,14,4,10,28.57,2.2173,0.4745,657.34,6.5734,1197.32,539.98,38.3983,-7.257,73.913,-14.6144,10.0,0,14
FTI,Energy,SECTOR_ENERGY,B2,Batch 2 — 2024 to 2026,13,7,6,53.85,2.1838,0.4745,614.13,6.1413,1132.93,518.8,8.9584,-5.209,22.8882,-7.3203,12.4,0,13
ENVA,Financials,SECTOR_FINANCIALS,B2,Batch 2 — 2024 to 2026,12,6,6,50.0,2.2688,0.4743,522.15,5.2215,933.68,411.53,8.8868,-4.4125,18.1697,-9.7775,11.5,0,12
GTES,Industrials,SECTOR_INDUSTRIALS,B2,Batch 2 — 2024 to 2026,11,5,6,45.45,1.8904,0.4736,482.68,4.8268,1024.79,542.11,11.6499,-4.534,28.7732,-7.86,11.9,0,11
META,Communication Services,SECTOR_COMMUNICATION_SERVICES,B2,Batch 2 — 2024 to 2026,15,8,7,53.33,2.3365,0.4726,661.76,6.6176,1156.89,495.13,7.7343,-3.5815,32.5505,-11.0918,10.7,0,15
EPD,Energy,SECTOR_ENERGY,B2,Batch 2 — 2024 to 2026,10,5,5,50.0,2.2164,0.4712,460.88,4.6088,839.78,378.9,4.1095,-2.2837,9.4,-3.6544,12.0,0,10
MPC,Energy,SECTOR_ENERGY,B2,Batch 2 — 2024 to 2026,5,4,1,80.0,3.2889,0.4704,241.0,2.41,346.29,105.29,4.8344,-5.3639,10.4581,-5.3639,17.0,0,5
APEI,Consumer Staples,SECTOR_CONSUMER_STAPLES,B2,Batch 2 — 2024 to 2026,11,3,8,27.27,2.169,0.4682,435.3,4.353,807.68,372.38,22.6157,-4.5466,35.2527,-12.9213,11.8,0,11
FDX,Industrials,SECTOR_INDUSTRIALS,B2,Batch 2 — 2024 to 2026,10,6,4,60.0,2.084,0.4681,376.39,3.7639,723.6,347.21,5.4795,-4.7157,12.828,-6.8181,13.8,0,10
PLOW,Consumer Discretionary,SECTOR_CONSUMER_DISCRETIONARY,B2,Batch 2 — 2024 to 2026,10,7,3,70.0,2.5604,0.4671,442.44,4.4244,725.98,283.54,5.7556,-5.1726,13.8373,-6.0059,15.5,0,10
HQY,Healthcare,SECTOR_HEALTHCARE,B2,Batch 2 — 2024 to 2026,10,7,3,70.0,2.6356,0.4671,448.48,4.4848,722.68,274.2,7.2604,-6.3367,16.3808,-7.0329,14.9,0,10
AMLX,Healthcare,SECTOR_HEALTHCARE,B2,Batch 2 — 2024 to 2026,10,4,6,40.0,1.3568,0.4671,452.49,4.5249,1720.68,1268.19,49.5892,-23.168,124.6696,-84.0363,27.3,2,8
SNA,Industrials,SECTOR_INDUSTRIALS,B2,Batch 2 — 2024 to 2026,10,5,5,50.0,2.412,0.467,434.94,4.3494,742.97,308.03,5.0662,-2.551,21.5365,-3.7067,10.9,0,10
LHX,Industrials,SECTOR_INDUSTRIALS,B2,Batch 2 — 2024 to 2026,12,6,6,50.0,2.5804,0.4664,555.97,5.5597,907.77,351.8,6.9983,-2.5101,16.0315,-4.3576,16.2,0,12
FOX,Communication Services,SECTOR_COMMUNICATION_SERVICES,B2,Batch 2 — 2024 to 2026,17,10,7,58.82,2.9821,0.4648,799.42,7.9942,1202.74,403.32,4.5189,-2.6651,10.2893,-8.9213,13.9,0,17
CNX,Energy,SECTOR_ENERGY,B2,Batch 2 — 2024 to 2026,13,7,6,53.85,2.4203,0.4645,565.56,5.6556,963.75,398.19,7.2694,-4.1415,19.6491,-5.8698,11.6,1,12
FULT,Financials,SECTOR_FINANCIALS,B2,Batch 2 — 2024 to 2026,9,4,5,44.44,5.2082,0.4611,420.06,4.2006,519.88,99.82,7.374,-1.0776,11.1046,-1.9116,15.7,1,8
FCF,Financials,SECTOR_FINANCIALS,B2,Batch 2 — 2024 to 2026,8,3,5,37.5,1.8881,0.4602,253.93,2.5393,539.86,285.93,9.7358,-2.5247,20.1012,-4.7599,16.6,0,8
RL,Consumer Discretionary,SECTOR_CONSUMER_DISCRETIONARY,B2,Batch 2 — 2024 to 2026,14,6,8,42.86,2.7071,0.4562,617.88,6.1788,979.83,361.95,9.9408,-2.5627,20.8121,-4.7615,11.5,0,14
WULF,Financials,SECTOR_FINANCIALS,B2,Batch 2 — 2024 to 2026,11,4,7,36.36,2.3256,0.4553,454.74,4.5474,797.79,343.05,40.7953,-8.1841,99.2218,-14.5533,11.9,1,10
DDOG,Technology,SECTOR_TECHNOLOGY,B2,Batch 2 — 2024 to 2026,9,5,4,55.56,3.1897,0.454,394.98,3.9498,575.36,180.38,7.9079,-3.2817,12.1266,-4.0205,11.6,0,9
SKYT,Technology,SECTOR_TECHNOLOGY,B2,Batch 2 — 2024 to 2026,11,5,6,45.45,2.4438,0.4531,498.75,4.9875,844.2,345.45,22.739,-8.3346,36.8732,-18.6407,9.9,0,11
SM,Energy,SECTOR_ENERGY,B2,Batch 2 — 2024 to 2026,5,1,4,20.0,1.8069,0.45,220.44,2.2044,493.64,273.2,29.1667,-5.2007,29.1667,-9.9782,14.0,0,5
UNFI,Consumer Staples,SECTOR_CONSUMER_STAPLES,B2,Batch 2 — 2024 to 2026,16,8,8,50.0,2.2689,0.4498,737.38,7.3738,1318.51,581.13,11.9247,-5.5781,36.7424,-9.5268,11.2,1,15
PAYO,Technology,SECTOR_TECHNOLOGY,B2,Batch 2 — 2024 to 2026,10,4,6,40.0,1.6158,0.4484,371.13,3.7113,973.81,602.68,14.6768,-7.5038,32.3821,-11.0857,12.2,1,9
OWL,Financials,SECTOR_FINANCIALS,B2,Batch 2 — 2024 to 2026,10,5,5,50.0,2.4875,0.4479,496.56,4.9656,830.39,333.83,8.1008,-5.4949,22.3195,-10.0862,14.4,0,10
MAX,Communication Services,SECTOR_COMMUNICATION_SERVICES,B2,Batch 2 — 2024 to 2026,9,4,5,44.44,2.4145,0.4478,494.2,4.942,843.58,349.38,19.9335,-6.9681,40.1728,-12.4329,20.4,0,9
AWK,Utilities,SECTOR_UTILITIES,B2,Batch 2 — 2024 to 2026,7,4,3,57.14,3.2979,0.4476,278.32,2.7832,399.44,121.12,4.3836,-1.6419,7.2713,-2.8886,9.6,0,7
SMBK,Financials,SECTOR_FINANCIALS,B2,Batch 2 — 2024 to 2026,13,7,6,53.85,2.502,0.4432,485.63,4.8563,808.96,323.33,6.2025,-2.6335,17.7303,-4.8422,11.2,0,13
RUSHA,Consumer Discretionary,SECTOR_CONSUMER_DISCRETIONARY,B2,Batch 2 — 2024 to 2026,9,6,3,66.67,2.7698,0.4401,376.02,3.7602,588.49,212.47,5.1542,-3.7413,9.9511,-5.4418,10.7,0,9
FIX,Industrials,SECTOR_INDUSTRIALS,B2,Batch 2 — 2024 to 2026,8,6,2,75.0,2.6208,0.4345,295.09,2.9509,477.15,182.06,8.1645,-9.0707,27.4026,-9.3167,13.8,0,8
EOSE,Industrials,SECTOR_INDUSTRIALS,B2,Batch 2 — 2024 to 2026,14,3,11,21.43,1.7448,0.4336,480.2,4.802,1124.98,644.78,62.807,-9.3246,91.9313,-19.2961,9.1,0,14
STBA,Financials,SECTOR_FINANCIALS,B2,Batch 2 — 2024 to 2026,9,3,6,33.33,2.726,0.4335,289.86,2.8986,457.8,167.94,9.485,-1.5622,22.1956,-3.8571,13.7,0,9
AIR,Industrials,SECTOR_INDUSTRIALS,B2,Batch 2 — 2024 to 2026,13,7,6,53.85,2.2277,0.4309,583.18,5.8318,1058.2,475.02,8.6516,-4.1481,18.1899,-9.3116,11.7,0,13
AZZ,Industrials,SECTOR_INDUSTRIALS,B2,Batch 2 — 2024 to 2026,13,6,7,46.15,2.645,0.4294,505.44,5.0544,812.7,307.26,7.9167,-2.653,13.1624,-7.2364,11.3,0,13
JXN,Financials,SECTOR_FINANCIALS,B2,Batch 2 — 2024 to 2026,14,9,5,64.29,2.6632,0.4289,574.51,5.7451,919.93,345.42,6.4661,-4.3158,16.4575,-6.3683,15.0,0,14
PARR,Energy,SECTOR_ENERGY,B2,Batch 2 — 2024 to 2026,10,3,7,30.0,1.8883,0.4272,400.73,4.0073,851.86,451.13,27.3553,-5.7764,40.9927,-8.5428,9.1,0,10
YOU,Technology,SECTOR_TECHNOLOGY,B2,Batch 2 — 2024 to 2026,11,6,5,54.55,2.2763,0.4259,445.23,4.4523,794.07,348.84,10.3604,-6.0724,25.8776,-9.8271,12.5,0,11
VTYX,Healthcare,SECTOR_HEALTHCARE,B2,Batch 2 — 2024 to 2026,8,3,5,37.5,1.8499,0.4252,356.44,3.5644,775.81,419.37,42.8324,-12.6376,73.5484,-15.0644,23.6,1,7
ATGE,Consumer Staples,SECTOR_CONSUMER_STAPLES,B2,Batch 2 — 2024 to 2026,14,7,7,50.0,2.809,0.4247,587.31,5.8731,911.97,324.66,8.2037,-2.7276,14.6549,-5.8007,10.2,2,12
SIMA,Financials,SECTOR_FINANCIALS,B2,Batch 2 — 2024 to 2026,9,5,4,55.56,4.5312,0.4246,352.24,3.5224,451.99,99.75,0.5212,-0.154,0.808,-0.5,11.4,0,9
ASA,Financials,SECTOR_FINANCIALS,B2,Batch 2 — 2024 to 2026,18,9,9,50.0,2.4668,0.4245,792.48,7.9248,1332.77,540.29,8.5704,-4.0953,39.2222,-9.3248,11.0,0,18
FSTR,Industrials,SECTOR_INDUSTRIALS,B2,Batch 2 — 2024 to 2026,9,5,4,55.56,2.8802,0.4245,389.52,3.8952,596.69,207.17,8.2888,-3.4472,18.5017,-6.4241,11.1,0,9
HALO,Healthcare,SECTOR_HEALTHCARE,B2,Batch 2 — 2024 to 2026,14,7,7,50.0,2.6301,0.4245,593.36,5.9336,957.36,364.0,7.3406,-3.7534,25.9933,-8.0488,13.5,0,14
WEAV,Healthcare,SECTOR_HEALTHCARE,B2,Batch 2 — 2024 to 2026,8,4,4,50.0,3.684,0.4229,367.2,3.672,504.01,136.81,8.6445,-2.9776,18.1525,-6.6255,13.9,1,7
QUBT,Technology,SECTOR_TECHNOLOGY,B2,Batch 2 — 2024 to 2026,11,6,5,54.55,2.2344,0.4213,465.71,4.6571,842.98,377.27,23.7539,-12.6156,43.0556,-20.1635,11.2,0,11
LRCX,Technology,SECTOR_TECHNOLOGY,B2,Batch 2 — 2024 to 2026,16,9,7,56.25,2.1811,0.4192,597.9,5.979,1104.11,506.21,8.7939,-4.6911,22.7961,-7.326,9.9,0,16
COKE,Consumer Staples,SECTOR_CONSUMER_STAPLES,B2,Batch 2 — 2024 to 2026,13,5,8,38.46,1.8779,0.4188,518.47,5.1847,1109.06,590.59,10.2759,-4.0578,16.937,-7.4771,10.1,0,13
EWBC,Financials,SECTOR_FINANCIALS,B2,Batch 2 — 2024 to 2026,12,5,7,41.67,1.9031,0.4171,407.07,4.0707,857.83,450.76,9.472,-3.6788,26.2506,-5.2069,11.8,0,12
TDW,Energy,SECTOR_ENERGY,B2,Batch 2 — 2024 to 2026,5,2,3,40.0,2.0342,0.4161,192.92,1.9292,379.46,186.54,22.4324,-5.6918,37.4938,-8.6869,22.8,1,4
LINC,Consumer Staples,SECTOR_CONSUMER_STAPLES,B2,Batch 2 — 2024 to 2026,13,7,6,53.85,2.1055,0.416,431.19,4.3119,821.24,390.05,9.6082,-4.7199,27.8643,-7.5256,11.3,0,13
LTBR,Industrials,SECTOR_INDUSTRIALS,B2,Batch 2 — 2024 to 2026,12,3,9,25.0,1.8445,0.416,493.57,4.9357,1078.0,584.43,57.5065,-9.5676,121.7791,-13.1579,9.4,0,12
RDW,Industrials,SECTOR_INDUSTRIALS,B2,Batch 2 — 2024 to 2026,14,8,6,57.14,2.9604,0.4146,625.18,6.2518,944.09,318.91,14.7466,-7.6396,45.6432,-12.5637,13.2,1,13
VRTS,Financials,SECTOR_FINANCIALS,B2,Batch 2 — 2024 to 2026,6,3,3,50.0,2.9627,0.4144,182.16,1.8216,274.97,92.81,7.6024,-2.1288,19.6777,-2.3313,20.3,2,4
FTAI,Industrials,SECTOR_INDUSTRIALS,B2,Batch 2 — 2024 to 2026,19,7,12,36.84,2.1063,0.4134,659.75,6.5975,1256.11,596.36,14.4853,-5.0522,37.037,-13.4135,9.4,0,19
ENVX,Industrials,SECTOR_INDUSTRIALS,B2,Batch 2 — 2024 to 2026,8,2,6,25.0,2.3533,0.4131,350.42,3.5042,609.36,258.94,44.9436,-6.4465,88.4921,-13.9736,13.9,0,8
AMTB,Financials,SECTOR_FINANCIALS,B2,Batch 2 — 2024 to 2026,8,3,5,37.5,2.0495,0.4118,267.38,2.6738,522.16,254.78,11.4096,-2.9271,16.1157,-5.6939,15.1,0,8
CTLP,Technology,SECTOR_TECHNOLOGY,B2,Batch 2 — 2024 to 2026,8,4,4,50.0,2.4243,0.4106,344.63,3.4463,586.6,241.97,11.4763,-4.6717,22.7086,-6.6575,13.5,0,8
AXGN,Healthcare,SECTOR_HEALTHCARE,B2,Batch 2 — 2024 to 2026,12,6,6,50.0,2.0665,0.4105,502.08,5.0208,972.86,470.78,15.9889,-7.9251,31.117,-11.0872,15.2,1,11
NHC,Healthcare,SECTOR_HEALTHCARE,B2,Batch 2 — 2024 to 2026,11,5,6,45.45,2.2998,0.4102,394.19,3.9419,697.45,303.26,6.9734,-2.6877,13.4973,-4.5914,11.8,0,11
ABAT,Industrials,SECTOR_INDUSTRIALS,B2,Batch 2 — 2024 to 2026,6,3,3,50.0,1.7511,0.4084,225.97,2.2597,526.83,300.86,27.9811,-15.7427,58.9825,-17.9356,8.5,0,6
FE,Utilities,SECTOR_UTILITIES,B2,Batch 2 — 2024 to 2026,12,6,6,50.0,2.1058,0.4083,451.95,4.5195,860.65,408.7,4.1963,-2.5303,8.4687,-4.7909,12.2,0,12
KE,Industrials,SECTOR_INDUSTRIALS,B2,Batch 2 — 2024 to 2026,10,2,8,20.0,1.2361,0.4072,169.16,1.6916,885.75,716.59,28.941,-5.0637,56.9069,-6.6849,10.8,0,10
CMI,Industrials,SECTOR_INDUSTRIALS,B2,Batch 2 — 2024 to 2026,16,9,7,56.25,3.0837,0.4009,654.96,6.5496,969.28,314.32,4.7062,-2.7887,9.7861,-5.7663,12.3,0,16
CRUS,Technology,SECTOR_TECHNOLOGY,B2,Batch 2 — 2024 to 2026,11,5,6,45.45,3.0047,0.4001,445.51,4.4551,667.74,222.23,8.1152,-2.7291,20.5748,-7.206,15.9,0,11
GNK,Industrials,SECTOR_INDUSTRIALS,B2,Batch 2 — 2024 to 2026,11,5,6,45.45,2.3174,0.3987,458.79,4.5879,807.04,348.25,9.4161,-3.027,20.5033,-4.9513,15.7,1,10
NTRA,Healthcare,SECTOR_HEALTHCARE,B2,Batch 2 — 2024 to 2026,16,6,10,37.5,2.6805,0.397,591.48,5.9148,943.44,351.96,10.8053,-2.341,24.5481,-6.7285,10.0,0,16
OFIX,Healthcare,SECTOR_HEALTHCARE,B2,Batch 2 — 2024 to 2026,7,3,4,42.86,2.0284,0.3967,283.66,2.8366,559.48,275.82,13.9865,-5.716,19.1837,-9.5312,8.7,0,7
LEGH,Consumer Discretionary,SECTOR_CONSUMER_DISCRETIONARY,B2,Batch 2 — 2024 to 2026,7,4,3,57.14,5.6545,0.3957,296.26,2.9626,359.91,63.65,6.1391,-1.3718,18.013,-1.5655,21.3,0,7
JANX,Healthcare,SECTOR_HEALTHCARE,B2,Batch 2 — 2024 to 2026,10,3,7,30.0,1.6451,0.3954,422.15,4.2215,1076.51,654.36,62.483,-11.3114,184.1667,-29.2702,11.6,0,10
C,Financials,SECTOR_FINANCIALS,B2,Batch 2 — 2024 to 2026,17,10,7,58.82,2.3199,0.394,530.83,5.3083,933.01,402.18,4.8791,-2.3446,14.8125,-4.2264,10.4,0,17
HP,Energy,SECTOR_ENERGY,B2,Batch 2 — 2024 to 2026,9,7,2,77.78,2.7897,0.3936,352.0,3.52,548.68,196.68,6.3452,-7.0109,27.0718,-7.3283,19.4,0,9
PEPG,Healthcare,SECTOR_HEALTHCARE,B2,Batch 2 — 2024 to 2026,8,2,6,25.0,1.7723,0.3932,325.13,3.2513,746.1,420.97,63.4433,-10.9913,126.2626,-16.9191,8.2,0,8
DINO,Energy,SECTOR_ENERGY,B2,Batch 2 — 2024 to 2026,7,2,5,28.57,1.8746,0.3904,271.76,2.7176,582.5,310.74,21.3907,-3.8215,29.9637,-7.2092,14.4,0,7
LXFR,Industrials,SECTOR_INDUSTRIALS,B2,Batch 2 — 2024 to 2026,11,5,6,45.45,2.5124,0.3894,469.68,4.6968,780.24,310.56,10.292,-3.3601,23.5174,-6.3215,17.7,0,11
MDB,Technology,SECTOR_TECHNOLOGY,B2,Batch 2 — 2024 to 2026,9,3,6,33.33,1.5943,0.3884,285.22,2.8522,765.14,479.92,28.2822,-7.5888,75.3614,-8.7026,20.2,1,8
CVCO,Consumer Discretionary,SECTOR_CONSUMER_DISCRETIONARY,B2,Batch 2 — 2024 to 2026,12,7,5,58.33,2.6061,0.3872,404.14,4.0414,655.77,251.63,6.4082,-3.1804,20.239,-5.67,12.2,0,12
DFP,Financials,SECTOR_FINANCIALS,B2,Batch 2 — 2024 to 2026,13,8,5,61.54,3.3456,0.3856,510.16,5.1016,727.66,217.5,1.5998,-0.8782,5.9731,-1.6275,9.6,0,13
MSGE,Consumer Discretionary,SECTOR_CONSUMER_DISCRETIONARY,B2,Batch 2 — 2024 to 2026,7,4,3,57.14,2.0098,0.3854,270.36,2.7036,538.1,267.74,8.1342,-5.2246,12.0745,-6.612,10.7,0,7
ASAN,Technology,SECTOR_TECHNOLOGY,B2,Batch 2 — 2024 to 2026,9,2,7,22.22,1.2757,0.3851,167.15,1.6715,773.38,606.23,35.56,-7.7274,70.5929,-9.8204,10.8,0,9
GPOR,Energy,SECTOR_ENERGY,B2,Batch 2 — 2024 to 2026,10,6,4,60.0,2.3599,0.3838,350.52,3.5052,608.27,257.75,6.651,-3.9524,17.9356,-7.5955,12.7,0,10
ORIC,Healthcare,SECTOR_HEALTHCARE,B2,Batch 2 — 2024 to 2026,11,7,4,63.64,3.6935,0.3818,440.69,4.4069,604.3,163.61,11.5943,-6.242,38.7443,-7.9749,11.6,0,11
MAIN,Financials,SECTOR_FINANCIALS,B2,Batch 2 — 2024 to 2026,15,10,5,66.67,3.2699,0.3816,499.41,4.9941,719.42,220.01,2.5932,-1.3622,8.5042,-2.8968,10.8,0,15
ODC,Materials,SECTOR_MATERIALS,B2,Batch 2 — 2024 to 2026,11,5,6,45.45,1.9525,0.3806,414.87,4.1487,850.42,435.55,9.8541,-3.8107,28.0609,-5.269,12.0,0,11
ACAD,Healthcare,SECTOR_HEALTHCARE,B2,Batch 2 — 2024 to 2026,10,5,5,50.0,2.3052,0.3805,345.97,3.4597,611.04,265.07,10.0007,-3.7174,27.8504,-6.7628,14.3,0,10
OCGN,Healthcare,SECTOR_HEALTHCARE,B2,Batch 2 — 2024 to 2026,8,5,3,62.5,2.2122,0.3804,299.7,2.997,546.94,247.24,11.7042,-10.7214,29.7521,-13.2602,9.1,0,8
UBER,Technology,SECTOR_TECHNOLOGY,B2,Batch 2 — 2024 to 2026,11,4,7,36.36,2.2026,0.38,483.38,4.8338,885.34,401.96,13.1232,-3.6219,21.3325,-6.6791,10.9,0,11
ELF,Consumer Staples,SECTOR_CONSUMER_STAPLES,B2,Batch 2 — 2024 to 2026,11,4,7,36.36,1.8903,0.3788,375.43,3.7543,797.11,421.68,23.4941,-6.3549,74.068,-11.4775,12.7,1,10
MOFG,Financials,SECTOR_FINANCIALS,B2,Batch 2 — 2024 to 2026,8,4,4,50.0,2.4467,0.3777,242.64,2.4264,410.36,167.72,7.1076,-3.3962,14.5778,-7.4474,13.2,0,8
GNRC,Industrials,SECTOR_INDUSTRIALS,B2,Batch 2 — 2024 to 2026,11,7,4,63.64,2.5571,0.3766,415.44,4.1544,682.25,266.81,6.8531,-5.3246,15.3713,-8.8882,11.1,0,11
DRS,Industrials,SECTOR_INDUSTRIALS,B2,Batch 2 — 2024 to 2026,15,8,7,53.33,2.9362,0.3758,504.37,5.0437,764.87,260.5,5.8985,-2.447,11.3544,-3.5753,10.4,0,15
KFS,Consumer Discretionary,SECTOR_CONSUMER_DISCRETIONARY,B2,Batch 2 — 2024 to 2026,10,3,7,30.0,2.1367,0.3746,394.98,3.9498,742.46,347.48,19.4896,-3.0671,56.106,-5.2854,8.4,0,10
GHC,Consumer Staples,SECTOR_CONSUMER_STAPLES,B2,Batch 2 — 2024 to 2026,13,8,5,61.54,2.2529,0.3743,354.88,3.5488,638.13,283.25,4.2565,-3.4148,17.4028,-6.0825,10.5,0,13
SBH,Consumer Discretionary,SECTOR_CONSUMER_DISCRETIONARY,B2,Batch 2 — 2024 to 2026,8,2,6,25.0,1.8056,0.3742,328.72,3.2872,736.78,408.06,27.41,-6.1941,54.5825,-10.9661,12.9,0,8
DLO,Technology,SECTOR_TECHNOLOGY,B2,Batch 2 — 2024 to 2026,8,4,4,50.0,1.8203,0.3722,286.98,2.8698,636.84,349.86,13.776,-6.5474,30.742,-9.4225,18.5,1,7
INNV,Healthcare,SECTOR_HEALTHCARE,B2,Batch 2 — 2024 to 2026,5,2,3,40.0,1.7797,0.3721,176.17,1.7617,402.12,225.95,30.2725,-9.3875,32.5714,-13.4887,33.6,0,5
VAC,Consumer Discretionary,SECTOR_CONSUMER_DISCRETIONARY,B2,Batch 2 — 2024 to 2026,8,3,5,37.5,1.6697,0.3717,267.32,2.6732,666.48,399.16,17.7093,-5.5852,24.4038,-8.0155,19.1,2,6
BOOT,Consumer Discretionary,SECTOR_CONSUMER_DISCRETIONARY,B2,Batch 2 — 2024 to 2026,15,6,9,40.0,2.9016,0.371,513.27,5.1327,783.18,269.91,12.9531,-2.3131,41.8855,-6.9284,11.2,0,15
USFD,Consumer Staples,SECTOR_CONSUMER_STAPLES,B2,Batch 2 — 2024 to 2026,14,6,8,42.86,2.0668,0.3709,430.44,4.3044,833.94,403.5,6.5041,-2.3046,14.5455,-4.4722,11.1,0,14
AMAT,Technology,SECTOR_TECHNOLOGY,B2,Batch 2 — 2024 to 2026,14,7,7,50.0,1.8895,0.3695,488.03,4.8803,1036.7,548.67,9.2588,-5.095,17.2075,-9.5751,11.1,0,14
ROST,Consumer Discretionary,SECTOR_CONSUMER_DISCRETIONARY,B2,Batch 2 — 2024 to 2026,12,7,5,58.33,2.0376,0.3674,330.91,3.3091,649.84,318.93,4.297,-2.5553,9.8333,-3.7483,14.2,0,12
RBC,Industrials,SECTOR_INDUSTRIALS,B2,Batch 2 — 2024 to 2026,12,7,5,58.33,2.5776,0.3657,355.66,3.5566,581.1,225.44,4.6387,-2.2643,8.5628,-3.2197,11.3,0,12
DV,Communication Services,SECTOR_COMMUNICATION_SERVICES,B2,Batch 2 — 2024 to 2026,4,2,2,50.0,1.6489,0.3649,135.51,1.3551,344.34,208.83,10.1046,-7.0095,16.4981,-7.6729,31.0,2,2
IIIV,Technology,SECTOR_TECHNOLOGY,B2,Batch 2 — 2024 to 2026,10,6,4,60.0,2.0937,0.3634,352.06,3.5206,673.96,321.9,7.1119,-5.4296,17.4538,-7.3061,12.9,0,10
W,Consumer Discretionary,SECTOR_CONSUMER_DISCRETIONARY,B2,Batch 2 — 2024 to 2026,12,5,7,41.67,1.9745,0.3616,429.87,4.2987,870.98,441.11,22.9156,-6.3478,67.8825,-10.3852,13.2,0,12
POWL,Industrials,SECTOR_INDUSTRIALS,B2,Batch 2 — 2024 to 2026,14,6,8,42.86,2.0377,0.3613,512.29,5.1229,1005.96,493.67,18.8302,-8.2721,44.1083,-14.8118,13.1,0,14
NPO,Industrials,SECTOR_INDUSTRIALS,B2,Batch 2 — 2024 to 2026,11,7,4,63.64,3.0717,0.3603,384.72,3.8472,570.42,185.7,4.7987,-2.9932,10.4496,-5.0783,11.6,0,11
OVV,Energy,SECTOR_ENERGY,B2,Batch 2 — 2024 to 2026,10,5,5,50.0,2.4459,0.3589,356.31,3.5631,602.73,246.42,6.8575,-3.0043,22.162,-6.348,14.3,0,10
EXPE,Consumer Discretionary,SECTOR_CONSUMER_DISCRETIONARY,B2,Batch 2 — 2024 to 2026,12,7,5,58.33,2.7558,0.357,404.93,4.0493,635.55,230.62,5.7944,-3.3326,14.9305,-7.9292,14.7,0,12
CVGW,Consumer Staples,SECTOR_CONSUMER_STAPLES,B2,Batch 2 — 2024 to 2026,7,4,3,57.14,2.3369,0.3556,227.54,2.2754,397.74,170.2,6.6466,-3.6175,17.181,-7.4768,14.9,1,6
HOG,Consumer Discretionary,SECTOR_CONSUMER_DISCRETIONARY,B2,Batch 2 — 2024 to 2026,5,2,3,40.0,2.0019,0.3547,171.89,1.7189,343.46,171.57,13.8651,-3.4408,19.64,-6.9045,27.8,0,5
FFC,Financials,SECTOR_FINANCIALS,B2,Batch 2 — 2024 to 2026,10,5,5,50.0,2.4004,0.354,359.52,3.5952,616.25,256.73,2.5473,-1.0595,9.2777,-1.8176,9.8,0,10
IIM,Financials,SECTOR_FINANCIALS,B2,Batch 2 — 2024 to 2026,9,3,6,33.33,2.1672,0.3529,322.82,3.2282,599.39,276.57,3.4651,-0.8944,6.518,-1.677,12.9,0,9
SGHT,Healthcare,SECTOR_HEALTHCARE,B2,Batch 2 — 2024 to 2026,9,5,4,55.56,2.3649,0.3525,342.64,3.4264,593.68,251.04,14.9851,-10.2196,39.3235,-17.124,13.4,0,9
OPLN,Consumer Discretionary,SECTOR_CONSUMER_DISCRETIONARY,B2,Batch 2 — 2024 to 2026,14,7,7,50.0,2.3894,0.3507,509.3,5.093,875.86,366.56,6.4533,-2.8683,12.8946,-5.9433,11.4,0,14
LIND,Consumer Discretionary,SECTOR_CONSUMER_DISCRETIONARY,B2,Batch 2 — 2024 to 2026,10,6,4,60.0,2.5231,0.35,388.17,3.8817,643.02,254.85,9.134,-7.6216,22.1356,-11.619,12.5,0,10
RMNI,Technology,SECTOR_TECHNOLOGY,B2,Batch 2 — 2024 to 2026,7,3,4,42.86,2.286,0.3498,279.47,2.7947,496.79,217.32,18.4161,-6.4866,32.1429,-12.0922,13.6,0,7
BWMN,Industrials,SECTOR_INDUSTRIALS,B2,Batch 2 — 2024 to 2026,10,5,5,50.0,2.3037,0.3495,373.48,3.7348,659.96,286.48,8.9265,-5.4129,16.4469,-11.5665,12.9,0,10
CTOS,Industrials,SECTOR_INDUSTRIALS,B2,Batch 2 — 2024 to 2026,9,3,6,33.33,1.6286,0.3493,232.32,2.3232,601.93,369.61,24.9786,-4.852,39.7468,-12.4481,13.8,0,9
RS,Materials,SECTOR_MATERIALS,B2,Batch 2 — 2024 to 2026,5,4,1,80.0,3.076,0.3487,182.19,1.8219,269.95,87.76,3.0694,-3.7167,7.0222,-3.7167,10.6,0,5
KLIC,Technology,SECTOR_TECHNOLOGY,B2,Batch 2 — 2024 to 2026,8,5,3,62.5,2.0618,0.3479,322.64,3.2264,626.49,303.85,9.1177,-8.2012,19.72,-9.2402,21.2,1,7
IRON,Healthcare,SECTOR_HEALTHCARE,B2,Batch 2 — 2024 to 2026,10,3,7,30.0,1.9014,0.3476,298.39,2.9839,629.42,331.03,21.8527,-4.7729,33.909,-9.1159,12.6,1,9
DUOL,Technology,SECTOR_TECHNOLOGY,B2,Batch 2 — 2024 to 2026,11,6,5,54.55,1.5594,0.3461,234.36,2.3436,653.3,418.94,13.4492,-8.8765,36.9622,-17.0262,12.1,0,11
DFIN,Technology,SECTOR_TECHNOLOGY,B2,Batch 2 — 2024 to 2026,8,3,5,37.5,1.8997,0.3433,288.17,2.8817,608.45,320.28,15.6714,-2.8577,40.4413,-4.3143,13.0,1,7
RZLT,Healthcare,SECTOR_HEALTHCARE,B2,Batch 2 — 2024 to 2026,14,7,7,50.0,1.9578,0.343,439.86,4.3986,899.12,459.26,41.8263,-8.913,172.6531,-16.754,14.4,0,14
UTHR,Healthcare,SECTOR_HEALTHCARE,B2,Batch 2 — 2024 to 2026,13,6,7,46.15,1.8933,0.3426,464.45,4.6445,984.35,519.9,9.5814,-4.4028,36.4051,-9.7383,10.9,0,13
AMGN,Healthcare,SECTOR_HEALTHCARE,B2,Batch 2 — 2024 to 2026,11,4,7,36.36,1.9601,0.3424,371.77,3.7177,759.0,387.23,7.9421,-2.4761,13.538,-4.8379,11.8,0,11
LDI,Financials,SECTOR_FINANCIALS,B2,Batch 2 — 2024 to 2026,8,3,5,37.5,1.5947,0.342,259.26,2.5926,695.19,435.93,35.1361,-12.6248,53.6481,-19.3182,10.5,0,8
AQST,Healthcare,SECTOR_HEALTHCARE,B2,Batch 2 — 2024 to 2026,11,5,6,45.45,2.8671,0.3414,400.05,4.0005,614.31,214.26,14.8993,-4.7333,36.3636,-13.173,11.9,0,11
TRIP,Consumer Discretionary,SECTOR_CONSUMER_DISCRETIONARY,B2,Batch 2 — 2024 to 2026,8,3,5,37.5,1.6856,0.3404,222.13,2.2213,546.14,324.01,13.1845,-4.6209,20.1543,-9.4521,15.6,0,8
DOV,Industrials,SECTOR_INDUSTRIALS,B2,Batch 2 — 2024 to 2026,13,6,7,46.15,2.5952,0.3393,462.35,4.6235,752.18,289.83,5.1834,-1.5461,12.5192,-3.5789,15.3,1,12
MTB,Financials,SECTOR_FINANCIALS,B2,Batch 2 — 2024 to 2026,14,10,4,71.43,2.917,0.3391,435.48,4.3548,662.65,227.17,3.2428,-2.6201,7.6649,-3.954,11.6,0,14
PNW,Utilities,SECTOR_UTILITIES,B2,Batch 2 — 2024 to 2026,13,8,5,61.54,2.6824,0.3365,479.58,4.7958,764.63,285.05,3.0716,-1.939,9.8303,-3.3396,11.8,0,13
BCAL,Financials,SECTOR_FINANCIALS,B2,Batch 2 — 2024 to 2026,6,5,1,83.33,1.5927,0.3364,156.08,1.5608,419.42,263.34,5.1336,-14.3544,10.5625,-14.3544,23.0,0,6
NDAQ,Financials,SECTOR_FINANCIALS,B2,Batch 2 — 2024 to 2026,15,7,8,46.67,2.1589,0.3364,439.01,4.3901,817.83,378.82,5.224,-1.72,15.1804,-3.2854,11.7,0,15
ZURA,Healthcare,SECTOR_HEALTHCARE,B2,Batch 2 — 2024 to 2026,7,3,4,42.86,1.6273,0.3361,213.24,2.1324,553.15,339.91,25.6224,-13.9397,64.6288,-20.0632,7.3,1,6
NTRS,Financials,SECTOR_FINANCIALS,B2,Batch 2 — 2024 to 2026,15,6,9,40.0,1.8859,0.3347,424.91,4.2491,904.57,479.66,7.1199,-2.3663,14.882,-4.3858,10.0,0,15
VCEL,Healthcare,SECTOR_HEALTHCARE,B2,Batch 2 — 2024 to 2026,8,3,5,37.5,1.4358,0.3303,183.96,1.8396,606.04,422.08,17.7236,-6.1179,25.3863,-9.4916,20.1,1,7
CFFN,Financials,SECTOR_FINANCIALS,B2,Batch 2 — 2024 to 2026,8,6,2,75.0,2.9686,0.3285,259.62,2.5962,391.5,131.88,3.2918,-4.0236,6.4298,-6.9014,14.1,0,8
RCL,Consumer Discretionary,SECTOR_CONSUMER_DISCRETIONARY,B2,Batch 2 — 2024 to 2026,16,7,9,43.75,2.8586,0.3281,498.08,4.9808,766.07,267.99,7.0103,-2.1626,18.9554,-6.3091,12.1,0,16
TRST,Financials,SECTOR_FINANCIALS,B2,Batch 2 — 2024 to 2026,10,4,6,40.0,1.8126,0.3269,293.19,2.9319,654.0,360.81,8.4061,-3.1806,10.976,-5.9028,14.2,0,10
EE,Energy,SECTOR_ENERGY,B2,Batch 2 — 2024 to 2026,13,5,8,38.46,1.7811,0.3261,420.85,4.2085,959.62,538.77,12.6833,-4.4805,24.5,-7.2693,12.2,0,13
CRF,Financials,SECTOR_FINANCIALS,B2,Batch 2 — 2024 to 2026,12,7,5,58.33,1.7735,0.3259,297.34,2.9734,681.75,384.41,2.8674,-1.8332,6.6207,-3.0108,11.6,0,12
TNC,Industrials,SECTOR_INDUSTRIALS,B2,Batch 2 — 2024 to 2026,6,1,5,16.67,1.3564,0.3258,174.97,1.7497,665.84,490.87,25.1082,-5.014,25.1082,-7.6993,39.3,0,6
CASH,Financials,SECTOR_FINANCIALS,B2,Batch 2 — 2024 to 2026,13,7,6,53.85,2.1605,0.3255,426.4,4.264,793.83,367.43,5.4993,-2.8961,16.8047,-4.3489,10.5,0,13
ATEC,Healthcare,SECTOR_HEALTHCARE,B2,Batch 2 — 2024 to 2026,11,5,6,45.45,1.7199,0.325,308.28,3.0828,736.49,428.21,14.7063,-5.0528,23.8834,-7.45,12.1,0,11
VRT,Industrials,SECTOR_INDUSTRIALS,B2,Batch 2 — 2024 to 2026,14,8,6,57.14,1.9252,0.324,467.76,4.6776,973.31,505.55,11.8971,-7.668,24.6694,-22.0083,13.6,0,14
HDSN,Materials,SECTOR_MATERIALS,B2,Batch 2 — 2024 to 2026,8,5,3,62.5,2.1347,0.3235,226.75,2.2675,426.59,199.84,6.699,-4.0303,15.2886,-5.823,10.5,0,8
SO,Utilities,SECTOR_UTILITIES,B2,Batch 2 — 2024 to 2026,14,7,7,50.0,2.464,0.3209,475.48,4.7548,800.26,324.78,3.4572,-1.6594,8.35,-4.0713,11.0,1,13
MNKD,Healthcare,SECTOR_HEALTHCARE,B2,Batch 2 — 2024 to 2026,10,6,4,60.0,2.1211,0.3208,305.07,3.0507,577.18,272.11,8.5239,-5.5864,23.3333,-9.2437,11.2,0,10
NXDR,Communication Services,SECTOR_COMMUNICATION_SERVICES,B2,Batch 2 — 2024 to 2026,10,3,7,30.0,1.9184,0.3207,342.79,3.4279,716.04,373.25,22.7036,-5.2926,32.2981,-11.3773,13.5,0,10
VYX,Technology,SECTOR_TECHNOLOGY,B2,Batch 2 — 2024 to 2026,6,3,3,50.0,1.7733,0.3206,191.96,1.9196,440.18,248.22,12.8906,-5.4306,35.6112,-7.2977,16.5,0,6
TRMB,Technology,SECTOR_TECHNOLOGY,B2,Batch 2 — 2024 to 2026,12,5,7,41.67,1.7598,0.3191,356.57,3.5657,825.88,469.31,8.5251,-2.9535,13.0228,-5.0776,11.1,0,12
MYRG,Industrials,SECTOR_INDUSTRIALS,B2,Batch 2 — 2024 to 2026,13,6,7,46.15,1.8661,0.3183,392.49,3.9249,845.65,453.16,11.2883,-3.9432,28.8596,-6.5582,9.7,0,13
FEIM,Technology,SECTOR_TECHNOLOGY,B2,Batch 2 — 2024 to 2026,14,5,9,35.71,1.6682,0.3183,371.3,3.713,926.99,555.69,18.8971,-6.6169,45.5836,-10.5781,8.7,0,14
ADX,Financials,SECTOR_FINANCIALS,B2,Batch 2 — 2024 to 2026,16,10,6,62.5,2.4137,0.3177,412.81,4.1281,704.81,292.0,2.2563,-1.1634,7.0984,-2.7029,11.4,0,16
ELA,Consumer Discretionary,SECTOR_CONSUMER_DISCRETIONARY,B2,Batch 2 — 2024 to 2026,13,7,6,53.85,2.0402,0.3166,361.2,3.612,708.44,347.24,8.4519,-6.1117,22.6667,-11.6901,9.0,0,13
EVR,Financials,SECTOR_FINANCIALS,B2,Batch 2 — 2024 to 2026,14,7,7,50.0,1.9565,0.3162,336.95,3.3695,689.24,352.29,7.6232,-2.9979,16.9458,-6.639,12.8,0,14
NTAP,Technology,SECTOR_TECHNOLOGY,B2,Batch 2 — 2024 to 2026,11,3,8,27.27,1.4047,0.3159,269.26,2.6926,934.61,665.35,15.936,-3.7111,20.4378,-8.4382,15.2,1,10
PIPR,Financials,SECTOR_FINANCIALS,B2,Batch 2 — 2024 to 2026,14,6,8,42.86,1.7054,0.3146,267.11,2.6711,645.75,378.64,8.5805,-2.9102,28.0217,-6.0832,14.1,0,14
SHC,Healthcare,SECTOR_HEALTHCARE,B2,Batch 2 — 2024 to 2026,8,3,5,37.5,1.4826,0.3146,250.22,2.5022,768.67,518.45,20.0124,-7.2295,31.1864,-10.0124,24.8,0,8
MATW,Industrials,SECTOR_INDUSTRIALS,B2,Batch 2 — 2024 to 2026,8,2,6,25.0,1.3799,0.3137,154.54,1.5454,561.28,406.74,20.0012,-4.3414,26.4555,-6.5001,13.1,0,8
RSG,Industrials,SECTOR_INDUSTRIALS,B2,Batch 2 — 2024 to 2026,13,7,6,53.85,2.0387,0.313,358.17,3.5817,702.98,344.81,2.7925,-1.6752,7.1121,-2.941,11.4,0,13
AYI,Industrials,SECTOR_INDUSTRIALS,B2,Batch 2 — 2024 to 2026,11,5,6,45.45,1.8202,0.3104,330.6,3.306,733.65,403.05,8.1658,-3.7294,15.263,-5.9316,13.9,1,10
CCB,Financials,SECTOR_FINANCIALS,B2,Batch 2 — 2024 to 2026,13,6,7,46.15,2.1301,0.3084,356.39,3.5639,671.76,315.37,7.3523,-2.9856,18.7823,-6.0293,10.2,0,13
OPK,Healthcare,SECTOR_HEALTHCARE,B2,Batch 2 — 2024 to 2026,7,5,2,71.43,3.5446,0.3081,223.67,2.2367,311.57,87.9,5.6511,-3.6252,18.5841,-5.1813,16.6,0,7
NPWR,Industrials,SECTOR_INDUSTRIALS,B2,Batch 2 — 2024 to 2026,7,2,5,28.57,1.447,0.307,229.39,2.2939,742.57,513.18,35.5367,-18.6013,52.3096,-23.1848,17.3,0,7
KD,Technology,SECTOR_TECHNOLOGY,B2,Batch 2 — 2024 to 2026,10,4,6,40.0,1.8683,0.3068,320.53,3.2053,689.66,369.13,12.1952,-3.7174,27.0062,-6.1344,10.0,0,10
STKL,Consumer Staples,SECTOR_CONSUMER_STAPLES,B2,Batch 2 — 2024 to 2026,8,4,4,50.0,1.7702,0.3066,223.12,2.2312,512.8,289.68,12.9426,-5.8702,29.4118,-8.5778,15.4,1,7
CCL,Consumer Discretionary,SECTOR_CONSUMER_DISCRETIONARY,B2,Batch 2 — 2024 to 2026,13,6,7,46.15,1.9538,0.3052,407.45,4.0745,834.64,427.19,10.6203,-4.224,30.715,-6.7738,12.0,0,13
APO,Financials,SECTOR_FINANCIALS,B2,Batch 2 — 2024 to 2026,15,5,10,33.33,1.9515,0.3041,477.85,4.7785,980.04,502.19,10.792,-2.9553,22.5376,-6.0026,10.1,0,15
BA,Industrials,SECTOR_INDUSTRIALS,B2,Batch 2 — 2024 to 2026,7,4,3,57.14,1.6706,0.3035,191.54,1.9154,477.18,285.64,8.397,-5.5967,18.8653,-5.8667,13.9,0,7
TXRH,Consumer Discretionary,SECTOR_CONSUMER_DISCRETIONARY,B2,Batch 2 — 2024 to 2026,14,4,10,28.57,1.9096,0.3033,464.42,4.6442,974.97,510.55,10.4098,-2.4819,17.5143,-5.1646,10.6,0,14
CTGO,Materials,SECTOR_MATERIALS,B2,Batch 2 — 2024 to 2026,11,5,6,45.45,1.755,0.303,338.98,3.3898,787.98,449.0,18.5061,-7.1796,60.8065,-9.8057,12.4,0,11
CVLG,Industrials,SECTOR_INDUSTRIALS,B2,Batch 2 — 2024 to 2026,11,3,8,27.27,2.7816,0.3029,383.98,3.8398,599.51,215.53,13.2347,-1.427,18.3664,-2.5594,13.1,1,10
TREE,Financials,SECTOR_FINANCIALS,B2,Batch 2 — 2024 to 2026,13,2,11,15.38,1.609,0.3017,426.97,4.2697,1128.09,701.12,46.0701,-7.3766,89.8442,-14.202,10.5,1,12
LYFT,Technology,SECTOR_TECHNOLOGY,B2,Batch 2 — 2024 to 2026,9,3,6,33.33,1.52,0.3007,278.85,2.7885,815.14,536.29,23.8847,-7.9541,37.3342,-19.5873,12.7,0,9
JPM,Financials,SECTOR_FINANCIALS,B2,Batch 2 — 2024 to 2026,16,10,6,62.5,2.5102,0.3006,413.44,4.1344,687.21,273.77,2.7614,-1.6494,7.1566,-3.5195,11.6,0,16
CL,Consumer Staples,SECTOR_CONSUMER_STAPLES,B2,Batch 2 — 2024 to 2026,13,8,5,61.54,2.0759,0.3002,435.48,4.3548,840.23,404.75,3.2203,-3.0743,10.1098,-3.8488,12.2,1,12
GILD,Healthcare,SECTOR_HEALTHCARE,B2,Batch 2 — 2024 to 2026,14,7,7,50.0,1.9566,0.3002,388.93,3.8893,795.49,406.56,5.1336,-2.5659,9.928,-5.1751,11.9,0,14
NATR,Consumer Staples,SECTOR_CONSUMER_STAPLES,B2,Batch 2 — 2024 to 2026,11,6,5,54.55,2.0577,0.2989,336.67,3.3667,654.96,318.29,8.6429,-4.027,18.7229,-6.3819,11.9,0,11
PSN,Technology,SECTOR_TECHNOLOGY,B2,Batch 2 — 2024 to 2026,13,5,8,38.46,1.7185,0.2963,398.97,3.9897,954.27,555.3,9.5803,-3.2231,18.5169,-5.7682,14.3,1,12
ALF,Financials,SECTOR_FINANCIALS,B2,Batch 2 — 2024 to 2026,12,7,5,58.33,3.214,0.2958,349.5,3.495,507.36,157.86,0.3881,-0.1893,1.1617,-0.5671,8.8,0,12
HII,Industrials,SECTOR_INDUSTRIALS,B2,Batch 2 — 2024 to 2026,15,8,7,53.33,2.168,0.2952,508.59,5.0859,944.02,435.43,5.3706,-3.8521,15.0947,-7.7675,10.7,0,15
INBX,Healthcare,SECTOR_HEALTHCARE,B2,Batch 2 — 2024 to 2026,10,4,6,40.0,1.5774,0.2951,306.92,3.0692,838.45,531.53,28.7857,-9.4971,76.8576,-12.3119,15.9,1,9
NG,Materials,SECTOR_MATERIALS,B2,Batch 2 — 2024 to 2026,12,5,7,41.67,1.5936,0.2949,306.84,3.0684,823.79,516.95,16.5777,-8.2999,33.7912,-11.8026,13.0,1,11
SPHR,Communication Services,SECTOR_COMMUNICATION_SERVICES,B2,Batch 2 — 2024 to 2026,16,9,7,56.25,2.1612,0.2949,509.25,5.0925,947.79,438.54,8.9767,-5.4525,19.1882,-8.6685,10.8,0,16
AAMI,Financials,SECTOR_FINANCIALS,B2,Batch 2 — 2024 to 2026,12,3,9,25.0,1.467,0.2943,203.76,2.0376,640.12,436.36,13.5148,-2.6872,27.5056,-5.1189,12.2,0,12
RNA,Healthcare,SECTOR_HEALTHCARE,B2,Batch 2 — 2024 to 2026,16,6,10,37.5,1.781,0.2938,498.51,4.9851,1136.84,638.33,22.7668,-6.9747,97.5692,-12.6282,11.7,0,16
VC,Consumer Discretionary,SECTOR_CONSUMER_DISCRETIONARY,B2,Batch 2 — 2024 to 2026,6,2,4,33.33,1.5216,0.2936,172.0,1.72,501.76,329.76,21.6521,-4.9405,39.655,-6.1092,17.2,0,6
FDUS,Financials,SECTOR_FINANCIALS,B2,Batch 2 — 2024 to 2026,7,4,3,57.14,2.213,0.2932,224.28,2.2428,409.18,184.9,3.5913,-2.4504,6.2356,-3.6612,19.6,0,7
KEX,Industrials,SECTOR_INDUSTRIALS,B2,Batch 2 — 2024 to 2026,7,3,4,42.86,1.7365,0.2932,203.11,2.0311,478.87,275.76,7.8299,-3.025,19.8112,-7.5908,11.7,1,6
CCSI,Technology,SECTOR_TECHNOLOGY,B2,Batch 2 — 2024 to 2026,8,5,3,62.5,1.8453,0.293,220.03,2.2003,480.32,260.29,8.3708,-8.3584,15.55,-11.2445,18.4,0,8
LXRX,Healthcare,SECTOR_HEALTHCARE,B2,Batch 2 — 2024 to 2026,6,4,2,66.67,1.4457,0.2916,126.16,1.2616,409.24,283.08,13.9051,-21.0305,24.4444,-21.8732,10.7,0,6
GRND,Technology,SECTOR_TECHNOLOGY,B2,Batch 2 — 2024 to 2026,9,4,5,44.44,1.8181,0.2912,248.36,2.4836,551.95,303.59,11.7241,-4.0322,26.2594,-6.2284,11.2,0,9
LILAK,Communication Services,SECTOR_COMMUNICATION_SERVICES,B2,Batch 2 — 2024 to 2026,8,3,5,37.5,1.4235,0.29,236.47,2.3647,794.83,558.36,22.6936,-7.0169,45.7875,-12.1212,17.1,0,8
SEIC,Financials,SECTOR_FINANCIALS,B2,Batch 2 — 2024 to 2026,13,6,7,46.15,2.0016,0.289,303.86,3.0386,607.22,303.36,4.6552,-1.5578,7.0899,-3.6262,10.9,0,13
FOXA,Communication Services,SECTOR_COMMUNICATION_SERVICES,B2,Batch 2 — 2024 to 2026,17,9,8,52.94,2.0894,0.2882,496.85,4.9685,952.92,456.07,4.2132,-2.6503,9.3409,-9.3508,12.8,0,17
HTBK,Financials,SECTOR_FINANCIALS,B2,Batch 2 — 2024 to 2026,10,5,5,50.0,1.8836,0.2852,300.68,3.0068,640.96,340.28,7.0178,-3.7582,11.2078,-5.3026,15.8,0,10
PACK,Consumer Discretionary,SECTOR_CONSUMER_DISCRETIONARY,B2,Batch 2 — 2024 to 2026,10,3,7,30.0,2.2955,0.2848,340.12,3.4012,602.65,262.53,24.4999,-4.7808,56.2887,-11.4104,13.2,1,9
SITM,Technology,SECTOR_TECHNOLOGY,B2,Batch 2 — 2024 to 2026,14,5,9,35.71,1.9191,0.2848,444.02,4.4402,927.14,483.12,19.7178,-6.5922,31.1488,-14.815,9.9,0,14
RTX,Industrials,SECTOR_INDUSTRIALS,B2,Batch 2 — 2024 to 2026,14,6,8,42.86,1.9752,0.284,424.18,4.2418,859.15,434.97,5.1397,-2.0429,10.5257,-3.9115,12.7,0,14
TNGX,Healthcare,SECTOR_HEALTHCARE,B2,Batch 2 — 2024 to 2026,10,6,4,60.0,1.8845,0.2833,282.28,2.8228,601.41,319.13,20.5589,-12.3267,99.697,-20.1188,11.0,0,10
GDDY,Technology,SECTOR_TECHNOLOGY,B2,Batch 2 — 2024 to 2026,13,5,8,38.46,1.408,0.2832,216.94,2.1694,748.68,531.74,7.7822,-3.0212,20.5316,-6.5527,10.3,0,13
GL,Financials,SECTOR_FINANCIALS,B2,Batch 2 — 2024 to 2026,10,4,6,40.0,1.9585,0.2826,292.26,2.9226,597.18,304.92,7.7899,-2.1047,19.7739,-4.5077,11.0,0,10
ETR,Utilities,SECTOR_UTILITIES,B2,Batch 2 — 2024 to 2026,13,7,6,53.85,1.9941,0.2824,396.08,3.9608,794.53,398.45,3.8006,-3.1368,7.4959,-6.6015,11.4,0,13
PBI,Industrials,SECTOR_INDUSTRIALS,B2,Batch 2 — 2024 to 2026,11,5,6,45.45,2.1169,0.2815,281.93,2.8193,534.35,252.42,8.9058,-3.16,21.6707,-5.5735,12.6,0,11
TRDA,Healthcare,SECTOR_HEALTHCARE,B2,Batch 2 — 2024 to 2026,9,2,7,22.22,1.5075,0.2807,258.16,2.5816,766.82,508.66,44.5448,-7.0117,81.6926,-12.1372,12.4,0,9
MDGL,Healthcare,SECTOR_HEALTHCARE,B2,Batch 2 — 2024 to 2026,12,6,6,50.0,1.7877,0.2783,300.0,3.0,680.86,380.86,12.4069,-7.826,20.0713,-13.5122,8.6,0,12
QCOM,Technology,SECTOR_TECHNOLOGY,B2,Batch 2 — 2024 to 2026,10,5,5,50.0,1.832,0.2775,259.6,2.596,571.61,312.01,6.4288,-3.4739,16.1984,-4.9856,12.6,0,10
TROX,Materials,SECTOR_MATERIALS,B2,Batch 2 — 2024 to 2026,8,3,5,37.5,1.7337,0.2766,221.36,2.2136,523.08,301.72,20.9827,-6.0726,51.8797,-14.0307,15.1,1,7
TXNM,Utilities,SECTOR_UTILITIES,B2,Batch 2 — 2024 to 2026,11,7,4,63.64,1.6804,0.2766,236.04,2.3604,582.93,346.89,2.3348,-2.3942,4.987,-4.2645,12.9,1,10
CFLT,Technology,SECTOR_TECHNOLOGY,B2,Batch 2 — 2024 to 2026,10,5,5,50.0,1.496,0.2759,286.68,2.8668,864.63,577.95,14.7218,-10.5012,40.1464,-23.469,17.4,0,10
VNT,Technology,SECTOR_TECHNOLOGY,B2,Batch 2 — 2024 to 2026,13,6,7,46.15,1.7877,0.2758,332.81,3.3281,755.34,422.53,5.4591,-2.5833,10.2779,-4.9564,11.8,1,12
CGNX,Technology,SECTOR_TECHNOLOGY,B2,Batch 2 — 2024 to 2026,10,4,6,40.0,1.5652,0.2745,292.97,2.9297,811.35,518.38,14.7908,-5.3306,49.2224,-7.343,15.7,0,10
CALM,Consumer Staples,SECTOR_CONSUMER_STAPLES,B2,Batch 2 — 2024 to 2026,12,4,8,33.33,1.6346,0.274,350.85,3.5085,903.73,552.88,10.4973,-4.3726,20.2796,-7.3044,9.2,0,12
FPF,Financials,SECTOR_FINANCIALS,B2,Batch 2 — 2024 to 2026,13,10,3,76.92,3.3536,0.2738,283.42,2.8342,403.84,120.42,0.9474,-0.8597,2.6898,-2.2503,11.8,0,13
VTOL,Energy,SECTOR_ENERGY,B2,Batch 2 — 2024 to 2026,12,4,8,33.33,1.5856,0.2736,237.9,2.379,644.15,406.25,10.4141,-3.0503,26.9659,-6.1529,9.0,0,12
LYTS,Technology,SECTOR_TECHNOLOGY,B2,Batch 2 — 2024 to 2026,12,5,7,41.67,1.6519,0.2712,377.23,3.7723,955.91,578.68,10.0179,-5.3702,17.2334,-10.4793,10.2,0,12
CUBI,Financials,SECTOR_FINANCIALS,B2,Batch 2 — 2024 to 2026,10,5,5,50.0,1.5541,0.2709,192.26,1.9226,539.21,346.95,8.1628,-5.176,19.0319,-6.884,11.2,0,10
NSSC,Industrials,SECTOR_INDUSTRIALS,B2,Batch 2 — 2024 to 2026,12,3,9,25.0,1.5884,0.2687,342.17,3.4217,923.71,581.54,20.1994,-4.3842,51.4072,-8.2078,13.2,1,11
RRBI,Financials,SECTOR_FINANCIALS,B2,Batch 2 — 2024 to 2026,12,8,4,66.67,2.1488,0.2681,303.68,3.0368,568.03,264.35,3.6119,-3.5497,8.5443,-4.3594,10.8,0,12
TDY,Technology,SECTOR_TECHNOLOGY,B2,Batch 2 — 2024 to 2026,13,7,6,53.85,1.9591,0.2671,317.42,3.1742,648.36,330.94,3.6428,-2.027,13.0058,-3.299,9.5,0,13
CVNA,Consumer Discretionary,SECTOR_CONSUMER_DISCRETIONARY,B2,Batch 2 — 2024 to 2026,14,5,9,35.71,1.8881,0.2663,413.42,4.1342,878.93,465.51,23.1998,-7.3502,51.8685,-17.158,13.3,0,14
NET,Technology,SECTOR_TECHNOLOGY,B2,Batch 2 — 2024 to 2026,12,5,7,41.67,1.5868,0.2656,292.56,2.9256,791.09,498.53,12.0779,-4.9367,28.669,-9.2552,9.1,0,12
COHR,Technology,SECTOR_TECHNOLOGY,B2,Batch 2 — 2024 to 2026,14,6,8,42.86,2.1266,0.2654,434.88,4.3488,820.9,386.02,11.7675,-5.2242,19.3985,-8.2799,13.2,0,14
PUMP,Energy,SECTOR_ENERGY,B2,Batch 2 — 2024 to 2026,10,4,6,40.0,1.5662,0.2643,282.9,2.829,782.52,499.62,18.9734,-6.9072,49.6051,-10.4205,10.6,0,10
EXPO,Industrials,SECTOR_INDUSTRIALS,B2,Batch 2 — 2024 to 2026,4,3,1,75.0,5.4782,0.2636,104.79,1.0479,128.19,23.4,1.7533,-1.6411,3.0131,-1.6411,27.0,0,4
FIBK,Financials,SECTOR_FINANCIALS,B2,Batch 2 — 2024 to 2026,9,5,4,55.56,1.6659,0.2627,169.94,1.6994,425.15,255.21,5.2805,-3.1739,13.897,-3.83,10.8,0,9
KRUS,Consumer Discretionary,SECTOR_CONSUMER_DISCRETIONARY,B2,Batch 2 — 2024 to 2026,11,5,6,45.45,1.841,0.2618,290.46,2.9046,635.83,345.37,14.6197,-6.2648,23.1634,-10.3587,12.4,1,10
GATX,Industrials,SECTOR_INDUSTRIALS,B2,Batch 2 — 2024 to 2026,12,6,6,50.0,1.9437,0.2614,259.53,2.5953,534.54,275.01,4.5184,-2.0846,15.8794,-3.9668,13.5,0,12
MSFT,Technology,SECTOR_TECHNOLOGY,B2,Batch 2 — 2024 to 2026,12,6,6,50.0,1.6611,0.26,267.64,2.6764,672.51,404.87,5.4098,-2.2964,21.222,-4.0701,12.8,0,12
BLBD,Industrials,SECTOR_INDUSTRIALS,B2,Batch 2 — 2024 to 2026,10,6,4,60.0,2.2581,0.2595,303.26,3.0326,544.31,241.05,6.0364,-5.4836,24.4249,-9.2199,9.6,0,10
GEL,Energy,SECTOR_ENERGY,B2,Batch 2 — 2024 to 2026,10,3,7,30.0,2.0771,0.2585,277.16,2.7716,534.48,257.32,12.4844,-2.4819,31.1399,-5.2174,10.9,0,10
BPOP,Financials,SECTOR_FINANCIALS,B2,Batch 2 — 2024 to 2026,12,7,5,58.33,2.6364,0.2582,283.63,2.8363,456.96,173.33,3.0857,-1.6187,5.8169,-2.6583,10.2,0,12
NGS,Energy,SECTOR_ENERGY,B2,Batch 2 — 2024 to 2026,14,5,9,35.71,1.8592,0.2554,387.72,3.8772,838.98,451.26,12.7129,-3.6822,26.3383,-7.9524,9.4,1,13
JBL,Technology,SECTOR_TECHNOLOGY,B2,Batch 2 — 2024 to 2026,14,4,10,28.57,1.4882,0.2553,345.98,3.4598,1054.64,708.66,19.917,-4.4603,49.2589,-9.3891,11.6,0,14
DGICA,Financials,SECTOR_FINANCIALS,B2,Batch 2 — 2024 to 2026,11,4,7,36.36,2.1289,0.2545,308.98,3.0898,582.67,273.69,6.5058,-2.1426,19.0072,-4.4046,10.9,1,10
FBNC,Financials,SECTOR_FINANCIALS,B2,Batch 2 — 2024 to 2026,10,4,6,40.0,1.4587,0.2538,159.82,1.5982,508.25,348.43,7.8529,-3.3345,17.2794,-5.4069,11.0,0,10
ALNT,Technology,SECTOR_TECHNOLOGY,B2,Batch 2 — 2024 to 2026,10,4,6,40.0,1.7911,0.2537,278.3,2.783,630.11,351.81,11.2043,-4.5322,17.1925,-8.5625,11.3,0,10
TXN,Technology,SECTOR_TECHNOLOGY,B2,Batch 2 — 2024 to 2026,11,5,6,45.45,1.6299,0.2525,298.25,2.9825,771.77,473.52,9.2464,-4.2278,21.9036,-5.1358,14.0,0,11
BBW,Consumer Discretionary,SECTOR_CONSUMER_DISCRETIONARY,B2,Batch 2 — 2024 to 2026,14,6,8,42.86,1.4587,0.2523,366.34,3.6634,1164.97,798.63,16.0727,-7.5838,30.5826,-12.7494,11.2,0,14
PWP,Financials,SECTOR_FINANCIALS,B2,Batch 2 — 2024 to 2026,13,8,5,61.54,2.2972,0.2518,269.06,2.6906,476.47,207.41,4.9275,-3.4707,12.7907,-7.0519,13.0,0,13
JOBY,Industrials,SECTOR_INDUSTRIALS,B2,Batch 2 — 2024 to 2026,10,4,6,40.0,1.6682,0.2516,265.5,2.655,662.84,397.34,21.5504,-8.2115,65.1905,-14.811,10.3,0,10
REPX,Energy,SECTOR_ENERGY,B2,Batch 2 — 2024 to 2026,10,5,5,50.0,1.7898,0.2516,232.92,2.3292,527.82,294.9,8.3093,-5.579,21.1632,-9.9885,10.8,0,10
NBN,Financials,SECTOR_FINANCIALS,B2,Batch 2 — 2024 to 2026,15,6,9,40.0,1.5817,0.2503,298.0,2.98,810.3,512.3,9.2473,-3.6297,31.5561,-6.2814,10.1,0,15
TOST,Technology,SECTOR_TECHNOLOGY,B2,Batch 2 — 2024 to 2026,7,4,3,57.14,1.8086,0.2492,193.0,1.93,431.68,238.68,7.5954,-6.4845,23.9973,-7.2354,12.0,0,7
MELI,Consumer Discretionary,SECTOR_CONSUMER_DISCRETIONARY,B2,Batch 2 — 2024 to 2026,11,5,6,45.45,1.6266,0.249,378.41,3.7841,982.32,603.91,10.5783,-4.7738,19.8577,-7.3792,10.5,0,11
BV,Industrials,SECTOR_INDUSTRIALS,B2,Batch 2 — 2024 to 2026,10,5,5,50.0,1.614,0.2485,280.03,2.8003,736.1,456.07,9.0192,-5.4967,21.3675,-8.3744,11.5,0,10
CFR,Financials,SECTOR_FINANCIALS,B2,Batch 2 — 2024 to 2026,11,7,4,63.64,2.2957,0.2478,223.1,2.231,395.29,172.19,2.8394,-2.1736,8.3154,-4.3907,10.1,0,11
KTOS,Industrials,SECTOR_INDUSTRIALS,B2,Batch 2 — 2024 to 2026,17,7,10,41.18,1.7634,0.2475,490.88,4.9088,1133.93,643.05,14.1143,-5.1523,37.1658,-9.8151,9.2,0,17
SXI,Industrials,SECTOR_INDUSTRIALS,B2,Batch 2 — 2024 to 2026,13,3,10,23.08,1.7331,0.2474,348.87,3.4887,824.74,475.87,15.4453,-2.6884,25.9927,-4.5186,10.7,0,13
KALV,Healthcare,SECTOR_HEALTHCARE,B2,Batch 2 — 2024 to 2026,9,4,5,44.44,2.3848,0.2471,226.24,2.2624,389.61,163.37,9.2448,-3.7513,24.3271,-7.4483,10.4,0,9
CCD,Financials,SECTOR_FINANCIALS,B2,Batch 2 — 2024 to 2026,9,4,5,44.44,1.47,0.2467,126.47,1.2647,395.56,269.09,3.282,-1.7951,4.0919,-4.6076,17.6,1,8
THC,Healthcare,SECTOR_HEALTHCARE,B2,Batch 2 — 2024 to 2026,15,8,7,53.33,2.1275,0.2466,414.44,4.1444,782.03,367.59,7.1997,-3.5726,19.8546,-7.031,12.6,0,15
BUSE,Financials,SECTOR_FINANCIALS,B2,Batch 2 — 2024 to 2026,7,4,3,57.14,1.5193,0.2464,114.32,1.1432,334.46,220.14,4.9567,-3.7764,8.0959,-5.7813,17.9,0,7
CARG,Consumer Discretionary,SECTOR_CONSUMER_DISCRETIONARY,B2,Batch 2 — 2024 to 2026,12,6,6,50.0,2.485,0.2457,286.03,2.8603,478.64,192.61,4.2887,-2.1362,14.0862,-3.4582,12.1,0,12
BY,Financials,SECTOR_FINANCIALS,B2,Batch 2 — 2024 to 2026,11,6,5,54.55,1.942,0.2457,239.98,2.3998,494.74,254.76,4.3028,-2.448,7.0183,-4.6942,13.0,0,11
FIVE,Consumer Discretionary,SECTOR_CONSUMER_DISCRETIONARY,B2,Batch 2 — 2024 to 2026,10,3,7,30.0,1.4108,0.2445,181.26,1.8126,622.45,441.19,22.911,-5.0993,47.1429,-9.011,18.3,1,9
AEF,Financials,SECTOR_FINANCIALS,B2,Batch 2 — 2024 to 2026,16,8,8,50.0,1.9962,0.2443,385.57,3.8557,772.61,387.04,3.4084,-1.5979,11.0325,-3.122,9.9,0,16
PR,Energy,SECTOR_ENERGY,B2,Batch 2 — 2024 to 2026,7,4,3,57.14,1.4932,0.2435,151.72,1.5172,459.36,307.64,7.6666,-5.4394,12.7184,-7.4526,13.4,0,7
OPFI,Financials,SECTOR_FINANCIALS,B2,Batch 2 — 2024 to 2026,12,6,6,50.0,1.7592,0.2431,235.21,2.3521,545.04,309.83,13.138,-6.5503,45.0,-11.9816,11.9,0,12
CTS,Technology,SECTOR_TECHNOLOGY,B2,Batch 2 — 2024 to 2026,11,5,6,45.45,1.414,0.243,223.34,2.2334,762.76,539.42,7.9865,-4.8934,12.4453,-7.7879,10.6,0,11
RYAM,Materials,SECTOR_MATERIALS,B2,Batch 2 — 2024 to 2026,12,3,9,25.0,1.5632,0.2418,308.23,3.0823,855.49,547.26,26.972,-5.2201,58.913,-9.1803,12.6,0,12
FICO,Technology,SECTOR_TECHNOLOGY,B2,Batch 2 — 2024 to 2026,13,5,8,38.46,1.3907,0.2403,170.87,1.7087,608.23,437.36,7.7771,-3.0478,12.5183,-7.3422,11.2,0,13
TMO,Healthcare,SECTOR_HEALTHCARE,B2,Batch 2 — 2024 to 2026,10,5,5,50.0,2.1567,0.2368,214.67,2.1467,400.26,185.59,4.4738,-1.7959,8.4904,-4.1057,12.9,0,10
NAC,Financials,SECTOR_FINANCIALS,B2,Batch 2 — 2024 to 2026,10,5,5,50.0,1.7392,0.2366,192.27,1.9227,452.36,260.09,1.742,-0.8303,3.1678,-1.4326,14.2,0,10
AMBA,Technology,SECTOR_TECHNOLOGY,B2,Batch 2 — 2024 to 2026,11,5,6,45.45,1.7357,0.2366,274.68,2.7468,648.04,373.36,11.9589,-5.7794,35.5253,-10.2481,11.8,1,10
ALK,Industrials,SECTOR_INDUSTRIALS,B2,Batch 2 — 2024 to 2026,15,6,9,40.0,1.6973,0.2366,324.12,3.2412,788.92,464.8,8.126,-4.1801,16.5468,-10.9789,12.3,0,15
ABUS,Healthcare,SECTOR_HEALTHCARE,B2,Batch 2 — 2024 to 2026,10,4,6,40.0,1.635,0.2355,244.96,2.4496,630.71,385.75,11.0041,-5.28,18.0556,-8.0253,8.8,0,10
GS,Financials,SECTOR_FINANCIALS,B2,Batch 2 — 2024 to 2026,15,8,7,53.33,1.4454,0.2352,190.08,1.9008,616.84,426.76,5.4325,-3.193,13.0435,-4.5732,13.3,0,15
WS,Materials,SECTOR_MATERIALS,B2,Batch 2 — 2024 to 2026,5,2,3,40.0,1.5068,0.2343,113.68,1.1368,337.97,224.29,14.2492,-4.5339,21.3577,-6.392,16.8,0,5
WEX,Technology,SECTOR_TECHNOLOGY,B2,Batch 2 — 2024 to 2026,10,6,4,60.0,1.5548,0.2343,230.17,2.3017,645.01,414.84,5.5989,-5.6164,16.7993,-12.0139,16.2,2,8
IBP,Consumer Discretionary,SECTOR_CONSUMER_DISCRETIONARY,B2,Batch 2 — 2024 to 2026,13,6,7,46.15,1.596,0.2342,239.44,2.3944,641.17,401.73,9.4538,-4.4575,29.3841,-7.4564,10.5,0,13
BBY,Consumer Discretionary,SECTOR_CONSUMER_DISCRETIONARY,B2,Batch 2 — 2024 to 2026,8,5,3,62.5,1.5854,0.2338,160.96,1.6096,435.94,274.98,5.0189,-5.4882,11.1275,-8.1449,17.4,1,7
DHI,Consumer Discretionary,SECTOR_CONSUMER_DISCRETIONARY,B2,Batch 2 — 2024 to 2026,10,2,8,20.0,1.5153,0.2337,235.47,2.3547,692.4,456.93,20.5383,-3.2242,28.3663,-6.4377,11.3,0,10
PLAY,Communication Services,SECTOR_COMMUNICATION_SERVICES,B2,Batch 2 — 2024 to 2026,8,3,5,37.5,1.4635,0.2336,196.74,1.9674,621.18,424.44,22.0432,-7.3296,45.8511,-8.6198,14.9,0,8
HRTG,Financials,SECTOR_FINANCIALS,B2,Batch 2 — 2024 to 2026,13,5,8,38.46,1.4705,0.2327,296.84,2.9684,927.77,630.93,21.7446,-7.2576,45.2912,-10.4317,8.3,0,13
SSB,Financials,SECTOR_FINANCIALS,B2,Batch 2 — 2024 to 2026,10,4,6,40.0,1.8983,0.2317,252.16,2.5216,532.87,280.71,5.5957,-2.6558,15.5414,-5.469,8.3,0,10
NPKI,Energy,SECTOR_ENERGY,B2,Batch 2 — 2024 to 2026,11,5,6,45.45,2.1822,0.2302,230.03,2.3003,424.61,194.58,6.03,-1.8871,16.1795,-3.607,12.0,0,11
AL,Industrials,SECTOR_INDUSTRIALS,B2,Batch 2 — 2024 to 2026,13,5,8,38.46,1.7403,0.23,309.32,3.0932,727.15,417.83,7.994,-2.4113,19.6095,-6.133,10.5,0,13
CRK,Energy,SECTOR_ENERGY,B2,Batch 2 — 2024 to 2026,15,8,7,53.33,1.6579,0.2293,371.34,3.7134,935.79,564.45,10.1736,-7.361,17.2118,-10.2564,11.9,1,14
CORT,Healthcare,SECTOR_HEALTHCARE,B2,Batch 2 — 2024 to 2026,11,5,6,45.45,1.6291,0.2292,262.15,2.6215,678.83,416.68,10.6063,-7.1305,24.4584,-22.0091,12.3,0,11
CSL,Industrials,SECTOR_INDUSTRIALS,B2,Batch 2 — 2024 to 2026,10,6,4,60.0,1.503,0.2286,188.18,1.8818,562.28,374.1,5.3799,-5.3076,9.1582,-12.2989,15.8,0,10
CMG,Consumer Discretionary,SECTOR_CONSUMER_DISCRETIONARY,B2,Batch 2 — 2024 to 2026,12,6,6,50.0,1.7772,0.2276,272.67,2.7267,623.52,350.85,4.021,-2.849,8.0678,-5.5958,10.6,0,12
MCHP,Technology,SECTOR_TECHNOLOGY,B2,Batch 2 — 2024 to 2026,8,3,5,37.5,1.5667,0.2269,186.62,1.8662,515.93,329.31,19.8456,-4.167,54.351,-7.1195,11.8,0,8
CVBF,Financials,SECTOR_FINANCIALS,B2,Batch 2 — 2024 to 2026,8,4,4,50.0,1.596,0.2265,132.69,1.3269,355.31,222.62,5.2213,-3.2126,11.8161,-5.931,11.0,0,8
WSBC,Financials,SECTOR_FINANCIALS,B2,Batch 2 — 2024 to 2026,9,5,4,55.56,1.772,0.2233,216.68,2.1668,497.35,280.67,4.5952,-3.2,12.099,-4.7261,14.0,0,9
EXLS,Technology,SECTOR_TECHNOLOGY,B2,Batch 2 — 2024 to 2026,10,7,3,70.0,1.7629,0.2226,196.6,1.966,454.29,257.69,2.8617,-4.6219,6.9701,-6.2667,12.0,0,10
GPCR,Healthcare,SECTOR_HEALTHCARE,B2,Batch 2 — 2024 to 2026,7,3,4,42.86,1.4617,0.2224,150.49,1.5049,476.47,325.98,18.0392,-11.8516,33.8941,-14.8626,16.7,0,7
FRST,Financials,SECTOR_FINANCIALS,B2,Batch 2 — 2024 to 2026,7,3,4,42.86,1.3644,0.2219,150.07,1.5007,561.9,411.83,13.3837,-5.6454,18.5106,-7.5,13.6,0,7
SHBI,Financials,SECTOR_FINANCIALS,B2,Batch 2 — 2024 to 2026,10,5,5,50.0,1.5583,0.2219,171.21,1.7121,477.86,306.65,5.9409,-3.4936,15.2705,-5.5902,13.3,0,10
DTM,Energy,SECTOR_ENERGY,B2,Batch 2 — 2024 to 2026,19,8,11,42.11,1.7922,0.2211,484.62,4.8462,1096.33,611.71,4.9443,-2.3646,25.8171,-4.9539,9.7,0,19
BKR,Energy,SECTOR_ENERGY,B2,Batch 2 — 2024 to 2026,13,5,8,38.46,1.5789,0.2203,279.07,2.7907,761.17,482.1,7.4314,-3.0795,10.9523,-5.0648,12.0,0,13
WMG,Communication Services,SECTOR_COMMUNICATION_SERVICES,B2,Batch 2 — 2024 to 2026,10,3,7,30.0,1.519,0.2202,246.91,2.4691,722.67,475.76,10.8486,-3.6986,21.953,-6.035,13.1,1,9
AMAL,Financials,SECTOR_FINANCIALS,B2,Batch 2 — 2024 to 2026,11,6,5,54.55,1.5063,0.219,182.92,1.8292,544.18,361.26,5.9448,-4.1798,11.6621,-6.2541,11.7,0,11
SSTK,Communication Services,SECTOR_COMMUNICATION_SERVICES,B2,Batch 2 — 2024 to 2026,6,1,5,16.67,1.5077,0.2187,161.12,1.6112,478.5,317.38,51.1491,-6.2827,51.1491,-12.9249,24.8,1,5
WFC,Financials,SECTOR_FINANCIALS,B2,Batch 2 — 2024 to 2026,14,6,8,42.86,1.8383,0.2179,281.89,2.8189,618.15,336.26,5.3783,-1.7431,9.896,-3.5554,11.0,0,14
OCUL,Healthcare,SECTOR_HEALTHCARE,B2,Batch 2 — 2024 to 2026,13,5,8,38.46,1.5962,0.2176,312.19,3.1219,835.81,523.62,22.0085,-7.614,93.8976,-12.29,9.4,0,13
CARR,Industrials,SECTOR_INDUSTRIALS,B2,Batch 2 — 2024 to 2026,10,5,5,50.0,1.9262,0.216,225.65,2.2565,469.27,243.62,5.0555,-2.0739,9.232,-3.3398,11.8,0,10
HNRG,Energy,SECTOR_ENERGY,B2,Batch 2 — 2024 to 2026,12,6,6,50.0,1.5152,0.215,275.94,2.7594,811.51,535.57,16.153,-9.7694,37.2581,-18.0381,11.8,1,11
HAE,Healthcare,SECTOR_HEALTHCARE,B2,Batch 2 — 2024 to 2026,8,4,4,50.0,1.705,0.2139,199.15,1.9915,481.63,282.48,8.4883,-4.9009,20.2644,-7.6811,16.4,1,7
DAKT,Technology,SECTOR_TECHNOLOGY,B2,Batch 2 — 2024 to 2026,13,6,7,46.15,1.5598,0.2134,237.52,2.3752,661.83,424.31,8.9681,-4.2445,11.1195,-11.1765,10.8,0,13
CPF,Financials,SECTOR_FINANCIALS,B2,Batch 2 — 2024 to 2026,12,6,6,50.0,2.3399,0.2132,253.47,2.5347,442.64,189.17,3.3948,-1.7339,8.5965,-4.2881,9.7,0,12
VMC,Materials,SECTOR_MATERIALS,B2,Batch 2 — 2024 to 2026,12,4,8,33.33,1.3507,0.213,166.97,1.6697,643.13,476.16,7.2519,-2.5954,16.1838,-4.4972,9.8,0,12
FLEX,Technology,SECTOR_TECHNOLOGY,B2,Batch 2 — 2024 to 2026,14,4,10,28.57,1.3172,0.2124,197.95,1.9795,822.09,624.14,17.3849,-4.0651,40.4695,-6.7741,11.9,0,14
RAMP,Technology,SECTOR_TECHNOLOGY,B2,Batch 2 — 2024 to 2026,10,3,7,30.0,1.2258,0.2124,123.54,1.2354,670.77,547.23,14.3438,-4.1071,22.3981,-5.3081,12.5,0,10
AAOI,Technology,SECTOR_TECHNOLOGY,B2,Batch 2 — 2024 to 2026,13,5,8,38.46,1.666,0.2123,309.12,3.0912,773.24,464.12,24.6986,-8.95,54.1323,-15.738,10.1,0,13
HOPE,Financials,SECTOR_FINANCIALS,B2,Batch 2 — 2024 to 2026,8,5,3,62.5,1.3549,0.2122,98.46,0.9846,375.89,277.43,4.4535,-6.2749,13.2586,-6.9811,10.6,0,8
TE,Industrials,SECTOR_INDUSTRIALS,B2,Batch 2 — 2024 to 2026,11,4,7,36.36,1.2756,0.2115,147.19,1.4719,681.19,534.0,31.679,-13.2802,66.6197,-15.8908,14.6,1,10
WM,Industrials,SECTOR_INDUSTRIALS,B2,Batch 2 — 2024 to 2026,13,3,10,23.08,1.636,0.211,272.89,2.7289,701.94,429.05,5.9771,-1.3935,14.3531,-3.0574,10.8,0,13
VSEC,Industrials,SECTOR_INDUSTRIALS,B2,Batch 2 — 2024 to 2026,13,6,7,46.15,1.7696,0.2105,311.28,3.1128,715.73,404.45,8.3552,-4.5195,16.228,-8.4131,11.3,0,13
NTNX,Technology,SECTOR_TECHNOLOGY,B2,Batch 2 — 2024 to 2026,10,4,6,40.0,1.6553,0.2087,209.99,2.0999,530.46,320.47,8.6932,-3.5004,12.2161,-7.8125,12.4,0,10
BURL,Consumer Discretionary,SECTOR_CONSUMER_DISCRETIONARY,B2,Batch 2 — 2024 to 2026,13,7,6,53.85,1.2811,0.2086,144.01,1.4401,656.28,512.27,6.7684,-5.665,17.529,-12.4773,11.2,0,13
XYL,Industrials,SECTOR_INDUSTRIALS,B2,Batch 2 — 2024 to 2026,13,6,7,46.15,1.7598,0.205,288.27,2.8827,667.67,379.4,3.8399,-2.0399,10.3849,-3.7823,9.6,0,13
BRK-A,Financials,SECTOR_FINANCIALS,B2,Batch 2 — 2024 to 2026,13,7,6,53.85,1.3034,0.2049,30326.91,303.2691,130272.0,99945.09,2.9155,-2.3261,8.3006,-3.7019,10.5,0,13
INSW,Energy,SECTOR_ENERGY,B2,Batch 2 — 2024 to 2026,11,7,4,63.64,1.5795,0.2034,204.5,2.045,557.39,352.89,5.6398,-4.9944,18.1711,-7.681,14.0,0,11
LUNR,Industrials,SECTOR_INDUSTRIALS,B2,Batch 2 — 2024 to 2026,15,5,10,33.33,1.4151,0.2032,255.27,2.5527,870.29,615.02,28.3254,-9.2042,49.1329,-16.3861,9.3,1,14
UEC,Energy,SECTOR_ENERGY,B2,Batch 2 — 2024 to 2026,12,5,7,41.67,1.2938,0.2028,180.56,1.8056,795.12,614.56,20.3867,-9.6829,26.6667,-13.4815,12.8,0,12
SSRM,Materials,SECTOR_MATERIALS,B2,Batch 2 — 2024 to 2026,14,5,9,35.71,1.3488,0.2026,281.69,2.8169,1089.24,807.55,17.4921,-8.3907,53.2728,-10.6224,14.6,1,13
CAF,Financials,SECTOR_FINANCIALS,B2,Batch 2 — 2024 to 2026,16,7,9,43.75,1.3442,0.2015,228.07,2.2807,890.67,662.6,3.9513,-2.1753,13.1255,-3.6929,9.9,0,16
NEWT,Financials,SECTOR_FINANCIALS,B2,Batch 2 — 2024 to 2026,9,5,4,55.56,1.6129,0.2003,129.3,1.293,340.26,210.96,4.7772,-4.3345,8.2637,-9.8882,13.4,0,9
BRK-B,Financials,SECTOR_FINANCIALS,B2,Batch 2 — 2024 to 2026,14,6,8,42.86,1.6379,0.1979,310.77,3.1077,797.91,487.14,3.4129,-1.9181,8.7161,-3.7433,10.1,0,14
MDXG,Healthcare,SECTOR_HEALTHCARE,B2,Batch 2 — 2024 to 2026,6,2,4,33.33,1.0721,0.1976,26.57,0.2657,394.9,368.33,19.4679,-6.0337,35.4046,-11.6848,20.7,0,6
SR,Utilities,SECTOR_UTILITIES,B2,Batch 2 — 2024 to 2026,14,6,8,42.86,1.7006,0.1964,316.74,3.1674,768.82,452.08,4.5961,-2.2264,11.467,-3.9022,8.6,0,14
RAPT,Healthcare,SECTOR_HEALTHCARE,B2,Batch 2 — 2024 to 2026,9,2,7,22.22,1.4081,0.1964,235.33,2.3533,811.97,576.64,58.2052,-16.4723,116.1672,-44.5255,9.4,0,9
DAY,Technology,SECTOR_TECHNOLOGY,B2,Batch 2 — 2024 to 2026,11,4,7,36.36,1.4697,0.1957,206.83,2.0683,647.21,440.38,9.4152,-3.1124,20.3409,-5.6791,14.8,0,11
EXE,Energy,SECTOR_ENERGY,B2,Batch 2 — 2024 to 2026,14,6,8,42.86,1.6334,0.1949,271.04,2.7104,698.93,427.89,6.4763,-2.8862,12.2311,-5.2441,11.3,0,14
PDFS,Technology,SECTOR_TECHNOLOGY,B2,Batch 2 — 2024 to 2026,9,4,5,44.44,1.4886,0.1941,156.63,1.5663,477.2,320.57,11.6192,-3.9415,37.1767,-6.5547,20.2,1,8
NWFL,Financials,SECTOR_FINANCIALS,B2,Batch 2 — 2024 to 2026,7,4,3,57.14,1.9619,0.194,120.32,1.2032,245.4,125.08,3.3061,-3.1116,4.5994,-8.133,18.3,0,7
HUBB,Industrials,SECTOR_INDUSTRIALS,B2,Batch 2 — 2024 to 2026,6,2,4,33.33,1.7438,0.1938,106.85,1.0685,250.51,143.66,8.6103,-2.0536,10.2944,-5.0325,12.5,0,6
FDMT,Healthcare,SECTOR_HEALTHCARE,B2,Batch 2 — 2024 to 2026,9,3,6,33.33,1.3505,0.1934,174.48,1.7448,672.35,497.87,27.8853,-10.9141,42.876,-15.8536,7.9,1,8
SMPL,Consumer Staples,SECTOR_CONSUMER_STAPLES,B2,Batch 2 — 2024 to 2026,6,2,4,33.33,1.4306,0.1921,116.83,1.1683,388.18,271.35,8.6384,-4.217,9.0378,-6.9186,15.7,0,6
IBEX,Technology,SECTOR_TECHNOLOGY,B2,Batch 2 — 2024 to 2026,11,6,5,54.55,1.7457,0.1915,216.08,2.1608,505.86,289.78,5.7493,-4.3413,13.7431,-7.0761,13.8,0,11
IQV,Healthcare,SECTOR_HEALTHCARE,B2,Batch 2 — 2024 to 2026,9,3,6,33.33,1.6044,0.1912,156.49,1.5649,415.39,258.9,8.3114,-2.3445,14.508,-5.5473,12.2,0,9
IR,Industrials,SECTOR_INDUSTRIALS,B2,Batch 2 — 2024 to 2026,12,4,8,33.33,1.4088,0.1908,210.06,2.1006,723.86,513.8,7.404,-2.8613,15.413,-4.9585,12.2,0,12
ICUI,Healthcare,SECTOR_HEALTHCARE,B2,Batch 2 — 2024 to 2026,10,4,6,40.0,1.7991,0.1901,204.07,2.0407,459.44,255.37,9.5208,-3.07,16.3233,-7.0091,17.9,0,10
MG,Industrials,SECTOR_INDUSTRIALS,B2,Batch 2 — 2024 to 2026,12,7,5,58.33,1.7177,0.1899,236.62,2.3662,566.32,329.7,4.8486,-4.474,18.0693,-7.2965,11.8,1,11
BEPC,Utilities,SECTOR_UTILITIES,B2,Batch 2 — 2024 to 2026,11,4,7,36.36,1.5424,0.1895,221.85,2.2185,630.87,409.02,8.7586,-3.5302,18.5299,-6.4637,10.3,0,11
EVI,Industrials,SECTOR_INDUSTRIALS,B2,Batch 2 — 2024 to 2026,10,6,4,60.0,1.8641,0.1887,231.47,2.3147,499.35,267.88,7.6164,-7.0275,22.9229,-10.425,11.3,0,10
AVGO,Technology,SECTOR_TECHNOLOGY,B2,Batch 2 — 2024 to 2026,15,5,10,33.33,1.7182,0.1867,326.68,3.2668,781.57,454.89,12.9523,-3.5568,28.1793,-8.6412,9.9,0,15
ANNX,Healthcare,SECTOR_HEALTHCARE,B2,Batch 2 — 2024 to 2026,10,4,6,40.0,1.8148,0.186,209.95,2.0995,467.62,257.67,17.5362,-7.2388,39.5238,-10.3077,18.7,1,9
DSGR,Industrials,SECTOR_INDUSTRIALS,B2,Batch 2 — 2024 to 2026,6,2,4,33.33,1.6583,0.185,103.2,1.032,259.96,156.76,9.7844,-2.4015,12.6018,-2.774,25.3,0,6
PRVA,Healthcare,SECTOR_HEALTHCARE,B2,Batch 2 — 2024 to 2026,9,5,4,55.56,1.7842,0.1847,160.38,1.6038,364.89,204.51,5.3121,-4.2542,8.6842,-8.6841,11.9,0,9
UCB,Financials,SECTOR_FINANCIALS,B2,Batch 2 — 2024 to 2026,9,5,4,55.56,2.1032,0.1846,174.0,1.74,331.72,157.72,4.2992,-2.0011,9.2357,-5.9442,15.6,0,9
BX,Financials,SECTOR_FINANCIALS,B2,Batch 2 — 2024 to 2026,12,4,8,33.33,1.323,0.1845,135.1,1.351,553.31,418.21,10.1599,-2.713,21.2078,-5.1059,13.8,1,11
IMNM,Healthcare,SECTOR_HEALTHCARE,B2,Batch 2 — 2024 to 2026,8,4,4,50.0,1.4456,0.1845,151.21,1.5121,490.55,339.34,18.1839,-11.4695,42.7916,-13.811,16.8,0,8
NRG,Utilities,SECTOR_UTILITIES,B2,Batch 2 — 2024 to 2026,15,4,11,26.67,1.4926,0.1842,352.53,3.5253,1068.17,715.64,18.5891,-4.6943,47.6958,-10.0861,9.0,0,15
BUI,Financials,SECTOR_FINANCIALS,B2,Batch 2 — 2024 to 2026,12,6,6,50.0,1.5052,0.1807,200.43,2.0043,597.19,396.76,2.9163,-1.8187,3.5515,-3.0483,11.2,0,12
CTAS,Industrials,SECTOR_INDUSTRIALS,B2,Batch 2 — 2024 to 2026,13,7,6,53.85,2.2996,0.1771,216.08,2.1608,382.35,166.27,1.8044,-0.8996,5.3066,-1.7671,10.4,0,13
ASGI,Financials,SECTOR_FINANCIALS,B2,Batch 2 — 2024 to 2026,13,6,7,46.15,1.4737,0.1761,210.51,2.1051,654.88,444.37,2.8218,-1.6826,6.0879,-2.7132,11.3,0,13
BCX,Financials,SECTOR_FINANCIALS,B2,Batch 2 — 2024 to 2026,13,5,8,38.46,1.32,0.1752,128.34,1.2834,529.43,401.09,3.8518,-1.5009,9.482,-3.561,11.8,0,13
WING,Consumer Discretionary,SECTOR_CONSUMER_DISCRETIONARY,B2,Batch 2 — 2024 to 2026,13,3,10,23.08,1.4503,0.1748,240.52,2.4052,774.67,534.15,19.2406,-5.3408,31.1321,-10.5913,11.9,2,11
FHB,Financials,SECTOR_FINANCIALS,B2,Batch 2 — 2024 to 2026,10,5,5,50.0,1.529,0.1746,177.87,1.7787,514.11,336.24,4.8593,-3.6033,11.4653,-5.9963,10.0,0,10
CTRN,Consumer Discretionary,SECTOR_CONSUMER_DISCRETIONARY,B2,Batch 2 — 2024 to 2026,10,2,8,20.0,1.3876,0.1746,182.79,1.8279,654.4,471.61,35.0045,-5.0284,39.6152,-8.9024,13.8,1,9
SLGN,Consumer Discretionary,SECTOR_CONSUMER_DISCRETIONARY,B2,Batch 2 — 2024 to 2026,10,7,3,70.0,1.3846,0.1743,156.86,1.5686,564.75,407.89,3.5532,-5.4328,7.0162,-11.4917,11.0,1,9
NE,Energy,SECTOR_ENERGY,B2,Batch 2 — 2024 to 2026,8,3,5,37.5,1.348,0.1736,127.61,1.2761,494.33,366.72,13.4502,-4.5611,20.4664,-7.1099,20.6,1,7
LYEL,Healthcare,SECTOR_HEALTHCARE,B2,Batch 2 — 2024 to 2026,8,3,5,37.5,1.3744,0.1733,148.36,1.4836,544.6,396.24,28.9554,-14.2415,55.576,-19.4173,13.0,1,7
NXJ,Financials,SECTOR_FINANCIALS,B2,Batch 2 — 2024 to 2026,10,4,6,40.0,1.2089,0.1726,97.05,0.9705,561.56,464.51,2.6701,-1.283,7.8767,-1.8043,10.7,0,10
LQDA,Healthcare,SECTOR_HEALTHCARE,B2,Batch 2 — 2024 to 2026,14,7,7,50.0,1.2489,0.1725,194.77,1.9477,977.32,782.55,15.046,-10.7082,32.0938,-34.4322,12.6,0,14
PHK,Financials,SECTOR_FINANCIALS,B2,Batch 2 — 2024 to 2026,7,3,4,42.86,1.6173,0.1711,171.69,1.7169,449.83,278.14,2.1251,-1.0823,4.7325,-1.6032,17.1,0,7
AXSM,Healthcare,SECTOR_HEALTHCARE,B2,Batch 2 — 2024 to 2026,13,6,7,46.15,1.6514,0.1706,233.01,2.3301,590.69,357.68,8.1761,-4.0796,28.3293,-7.1438,10.2,0,13
CMPX,Healthcare,SECTOR_HEALTHCARE,B2,Batch 2 — 2024 to 2026,12,6,6,50.0,1.4471,0.1701,215.85,2.1585,698.65,482.8,21.4684,-11.8224,83.2461,-17.0007,13.5,0,12
FRPT,Consumer Staples,SECTOR_CONSUMER_STAPLES,B2,Batch 2 — 2024 to 2026,11,4,7,36.36,1.3825,0.1695,162.94,1.6294,588.94,426.0,9.5943,-4.5361,21.0899,-9.6374,13.1,0,11
QTWO,Technology,SECTOR_TECHNOLOGY,B2,Batch 2 — 2024 to 2026,12,6,6,50.0,1.7061,0.1688,196.8,1.968,475.51,278.71,4.5156,-3.1199,14.9144,-7.5713,14.0,0,12
ABBV,Healthcare,SECTOR_HEALTHCARE,B2,Batch 2 — 2024 to 2026,12,6,6,50.0,1.3817,0.168,221.34,2.2134,801.16,579.82,6.0451,-4.2639,15.5858,-12.6242,12.9,0,12
ACM,Industrials,SECTOR_INDUSTRIALS,B2,Batch 2 — 2024 to 2026,10,4,6,40.0,1.6092,0.1672,161.66,1.6166,427.03,265.37,5.8013,-1.9789,13.2499,-3.8462,15.2,0,10
OUST,Technology,SECTOR_TECHNOLOGY,B2,Batch 2 — 2024 to 2026,13,4,9,30.77,1.3424,0.1671,226.2,2.262,886.9,660.7,27.5679,-10.7067,73.2904,-16.0021,8.8,1,12
PAR,Technology,SECTOR_TECHNOLOGY,B2,Batch 2 — 2024 to 2026,11,5,6,45.45,1.7204,0.1666,223.91,2.2391,534.72,310.81,7.0476,-4.627,20.1385,-8.8019,9.0,1,10
FSBC,Financials,SECTOR_FINANCIALS,B2,Batch 2 — 2024 to 2026,9,4,5,44.44,1.8347,0.1661,172.51,1.7251,379.18,206.67,4.5002,-2.4059,9.7452,-5.5333,9.8,0,9
ARW,Technology,SECTOR_TECHNOLOGY,B2,Batch 2 — 2024 to 2026,11,7,4,63.64,1.5915,0.1655,173.02,1.7302,465.53,292.51,3.3612,-3.2887,8.9735,-4.7396,8.9,0,11
AME,Industrials,SECTOR_INDUSTRIALS,B2,Batch 2 — 2024 to 2026,14,5,9,35.71,1.4071,0.1653,220.56,2.2056,762.34,541.78,5.6214,-2.3085,9.6815,-3.7688,9.7,0,14
UTL,Utilities,SECTOR_UTILITIES,B2,Batch 2 — 2024 to 2026,8,4,4,50.0,1.9763,0.1644,145.2,1.452,293.92,148.72,2.9438,-1.6973,6.3061,-3.4668,19.4,0,8
DCTH,Healthcare,SECTOR_HEALTHCARE,B2,Batch 2 — 2024 to 2026,10,6,4,60.0,1.6632,0.162,163.62,1.6362,410.35,246.73,7.805,-6.0422,15.0313,-13.6066,12.7,0,10
PFN,Financials,SECTOR_FINANCIALS,B2,Batch 2 — 2024 to 2026,9,5,4,55.56,2.1693,0.1619,163.75,1.6375,303.79,140.04,1.1016,-0.6827,2.2667,-1.81,9.4,0,9
ECPG,Financials,SECTOR_FINANCIALS,B2,Batch 2 — 2024 to 2026,9,3,6,33.33,1.2848,0.1603,98.62,0.9862,444.88,346.26,14.5183,-3.6779,22.4565,-7.1007,20.0,1,8
HLI,Financials,SECTOR_FINANCIALS,B2,Batch 2 — 2024 to 2026,14,6,8,42.86,1.3903,0.1602,125.22,1.2522,446.04,320.82,3.9196,-1.7047,7.3296,-3.265,10.5,0,14
KKR,Financials,SECTOR_FINANCIALS,B2,Batch 2 — 2024 to 2026,14,7,7,50.0,1.3379,0.1596,158.36,1.5836,627.03,468.67,5.8486,-3.5661,16.0556,-5.6614,12.8,0,14
FTDR,Consumer Discretionary,SECTOR_CONSUMER_DISCRETIONARY,B2,Batch 2 — 2024 to 2026,15,5,10,33.33,1.4004,0.1585,225.21,2.2521,787.74,562.53,9.6611,-2.8524,26.2391,-5.2979,10.1,1,14
HLT,Consumer Discretionary,SECTOR_CONSUMER_DISCRETIONARY,B2,Batch 2 — 2024 to 2026,16,8,8,50.0,1.5465,0.1583,255.12,2.5512,721.91,466.79,3.5189,-2.4137,6.0926,-4.4056,10.9,0,16
NYT,Communication Services,SECTOR_COMMUNICATION_SERVICES,B2,Batch 2 — 2024 to 2026,14,6,8,42.86,1.4593,0.1578,268.54,2.6854,853.17,584.63,5.696,-2.9937,11.8527,-5.9355,9.0,0,14
CARE,Financials,SECTOR_FINANCIALS,B2,Batch 2 — 2024 to 2026,11,4,7,36.36,1.2273,0.1572,84.81,0.8481,458.01,373.2,7.0755,-3.0274,17.0909,-6.1277,12.5,0,11
CSX,Industrials,SECTOR_INDUSTRIALS,B2,Batch 2 — 2024 to 2026,10,4,6,40.0,1.3414,0.1567,153.36,1.5336,602.61,449.25,5.8079,-2.9328,11.3071,-4.2914,12.9,1,9
STK,Financials,SECTOR_FINANCIALS,B2,Batch 2 — 2024 to 2026,14,6,8,42.86,1.1444,0.1567,74.76,0.7476,592.31,517.55,4.2615,-2.0064,9.8578,-4.185,11.3,0,14
IEX,Industrials,SECTOR_INDUSTRIALS,B2,Batch 2 — 2024 to 2026,10,4,6,40.0,1.5723,0.1562,215.61,2.1561,592.33,376.72,5.1328,-3.0998,9.7032,-6.0557,16.5,0,10
AKBA,Healthcare,SECTOR_HEALTHCARE,B2,Batch 2 — 2024 to 2026,9,5,4,55.56,1.2496,0.1554,122.64,1.2264,613.96,491.32,15.7268,-12.3992,57.5221,-31.6456,12.0,0,9
UA,Consumer Discretionary,SECTOR_CONSUMER_DISCRETIONARY,B2,Batch 2 — 2024 to 2026,8,3,5,37.5,1.0083,0.1551,3.72,0.0372,452.11,448.39,11.9416,-7.3063,24.8945,-15.6507,16.2,0,8
AMPX,Industrials,SECTOR_INDUSTRIALS,B2,Batch 2 — 2024 to 2026,12,5,7,41.67,1.3987,0.1544,200.46,2.0046,703.26,502.8,22.0319,-13.1944,59.6882,-20.368,7.3,1,11
MKSI,Technology,SECTOR_TECHNOLOGY,B2,Batch 2 — 2024 to 2026,15,4,11,26.67,1.3998,0.1541,243.42,2.4342,852.34,608.92,16.4416,-4.2883,32.745,-9.1885,10.1,0,15
APH,Technology,SECTOR_TECHNOLOGY,B2,Batch 2 — 2024 to 2026,17,9,8,52.94,1.3297,0.1533,253.54,2.5354,1022.58,769.04,7.4965,-4.9284,41.8184,-9.0012,12.6,0,17
TBPH,Healthcare,SECTOR_HEALTHCARE,B2,Batch 2 — 2024 to 2026,12,4,8,33.33,1.3331,0.1522,182.96,1.8296,732.23,549.27,11.3437,-4.9223,26.1777,-8.2123,11.9,0,12
EOI,Financials,SECTOR_FINANCIALS,B2,Batch 2 — 2024 to 2026,16,6,10,37.5,1.4382,0.1512,181.67,1.8167,596.22,414.55,3.0725,-1.1212,7.0999,-2.2307,11.7,0,16
ENSG,Healthcare,SECTOR_HEALTHCARE,B2,Batch 2 — 2024 to 2026,15,5,10,33.33,1.4461,0.151,240.17,2.4017,778.58,538.41,7.3768,-2.5059,10.9083,-5.0017,10.1,0,15
INVA,Healthcare,SECTOR_HEALTHCARE,B2,Batch 2 — 2024 to 2026,11,4,7,36.36,1.5787,0.1508,185.14,1.8514,505.08,319.94,5.2681,-2.1153,11.2051,-2.9655,9.1,0,11
BBSI,Industrials,SECTOR_INDUSTRIALS,B2,Batch 2 — 2024 to 2026,12,6,6,50.0,1.6895,0.1508,164.33,1.6433,402.65,238.32,3.0574,-1.6209,10.0877,-3.8127,11.7,0,12
KRYS,Healthcare,SECTOR_HEALTHCARE,B2,Batch 2 — 2024 to 2026,13,5,8,38.46,1.4446,0.1508,211.14,2.1114,686.08,474.94,10.0554,-4.5686,19.4664,-7.5132,11.6,0,13
UUUU,Energy,SECTOR_ENERGY,B2,Batch 2 — 2024 to 2026,13,6,7,46.15,1.37,0.1504,213.32,2.1332,789.91,576.59,16.7182,-8.2722,40.3785,-12.6834,8.9,0,13
CWBC,Financials,SECTOR_FINANCIALS,B2,Batch 2 — 2024 to 2026,8,4,4,50.0,1.1228,0.1503,53.91,0.5391,492.78,438.87,7.3235,-6.2759,9.6667,-17.5393,15.0,0,8
SAIC,Technology,SECTOR_TECHNOLOGY,B2,Batch 2 — 2024 to 2026,12,7,5,58.33,1.4514,0.1502,177.97,1.7797,572.24,394.27,3.6487,-3.5726,7.9047,-5.3274,13.7,1,11
CRAI,Industrials,SECTOR_INDUSTRIALS,B2,Batch 2 — 2024 to 2026,17,6,11,35.29,1.5338,0.1498,332.23,3.3223,954.64,622.41,8.4266,-3.8705,30.1639,-6.2682,8.1,0,17
THR,Industrials,SECTOR_INDUSTRIALS,B2,Batch 2 — 2024 to 2026,11,5,6,45.45,1.2789,0.1493,148.15,1.4815,679.3,531.15,8.6864,-4.8663,19.8872,-12.7111,11.3,0,11
EXTR,Technology,SECTOR_TECHNOLOGY,B2,Batch 2 — 2024 to 2026,7,5,2,71.43,1.7714,0.1472,101.3,1.013,232.62,131.32,3.8144,-4.1805,9.7067,-7.3244,16.3,0,7
FBIZ,Financials,SECTOR_FINANCIALS,B2,Batch 2 — 2024 to 2026,12,5,7,41.67,1.4669,0.1463,184.77,1.8477,580.48,395.71,5.6791,-3.2346,11.2497,-6.7027,9.2,0,12
MS,Financials,SECTOR_FINANCIALS,B2,Batch 2 — 2024 to 2026,17,9,8,52.94,1.4855,0.1463,229.03,2.2903,700.81,471.78,3.6167,-2.618,11.1884,-4.4978,9.7,0,17
NBB,Financials,SECTOR_FINANCIALS,B2,Batch 2 — 2024 to 2026,11,5,6,45.45,1.9419,0.1456,199.03,1.9903,410.34,211.31,1.6521,-0.8973,4.7619,-2.9073,10.2,0,11
HNI,Consumer Discretionary,SECTOR_CONSUMER_DISCRETIONARY,B2,Batch 2 — 2024 to 2026,10,5,5,50.0,1.4914,0.1454,143.39,1.4339,435.18,291.79,4.3561,-2.577,11.6589,-4.6088,12.8,0,10
NEU,Materials,SECTOR_MATERIALS,B2,Batch 2 — 2024 to 2026,13,5,8,38.46,1.3838,0.1453,186.21,1.8621,671.39,485.18,6.6395,-2.772,12.0687,-4.3894,9.3,0,13
XPO,Industrials,SECTOR_INDUSTRIALS,B2,Batch 2 — 2024 to 2026,12,4,8,33.33,1.1847,0.1453,103.49,1.0349,663.75,560.26,13.5606,-5.1098,23.8911,-6.8549,7.7,0,12
BYRN,Industrials,SECTOR_INDUSTRIALS,B2,Batch 2 — 2024 to 2026,15,8,7,53.33,1.3782,0.1453,225.82,2.2582,822.95,597.13,12.862,-11.4106,38.9499,-14.3451,8.9,0,15
GBX,Industrials,SECTOR_INDUSTRIALS,B2,Batch 2 — 2024 to 2026,10,6,4,60.0,1.4986,0.145,153.7,1.537,461.95,308.25,4.4277,-4.3193,7.9866,-5.0414,9.7,0,10
PB,Financials,SECTOR_FINANCIALS,B2,Batch 2 — 2024 to 2026,7,4,3,57.14,1.3279,0.1449,97.04,0.9704,392.98,295.94,4.8278,-4.427,6.4015,-5.0332,15.7,0,7
MDU,Utilities,SECTOR_UTILITIES,B2,Batch 2 — 2024 to 2026,17,5,12,29.41,1.3323,0.1445,219.1,2.191,878.37,659.27,8.3941,-2.1281,14.7214,-4.571,8.9,0,17
ETJ,Financials,SECTOR_FINANCIALS,B2,Batch 2 — 2024 to 2026,8,4,4,50.0,1.6048,0.1444,91.41,0.9141,242.54,151.13,1.3992,-0.8685,2.974,-1.9437,14.0,0,8
LLY,Healthcare,SECTOR_HEALTHCARE,B2,Batch 2 — 2024 to 2026,7,3,4,42.86,1.3452,0.1434,134.67,1.3467,524.8,390.13,10.4462,-6.9911,17.3859,-13.0525,15.9,1,6
ADP,Technology,SECTOR_TECHNOLOGY,B2,Batch 2 — 2024 to 2026,10,5,5,50.0,1.3097,0.1432,89.38,0.8938,378.0,288.62,3.0513,-1.8724,5.8171,-3.3196,12.4,1,9
MEG,Industrials,SECTOR_INDUSTRIALS,B2,Batch 2 — 2024 to 2026,8,3,5,37.5,1.3847,0.1416,127.01,1.2701,457.19,330.18,19.7944,-7.0275,25.1947,-13.9364,14.5,0,8
RDDT,Communication Services,SECTOR_COMMUNICATION_SERVICES,B2,Batch 2 — 2024 to 2026,5,2,3,40.0,1.4587,0.1411,58.15,0.5815,184.92,126.77,11.8239,-4.699,13.4272,-8.7212,9.2,0,5
ESPR,Healthcare,SECTOR_HEALTHCARE,B2,Batch 2 — 2024 to 2026,10,3,7,30.0,1.2822,0.1387,179.63,1.7963,816.08,636.45,37.3511,-13.6233,100.0,-23.4043,10.0,0,10
STGW,Communication Services,SECTOR_COMMUNICATION_SERVICES,B2,Batch 2 — 2024 to 2026,10,3,7,30.0,1.1658,0.1383,67.59,0.6759,475.16,407.57,16.3907,-4.3256,33.7165,-9.0751,21.0,0,10
LRN,Consumer Staples,SECTOR_CONSUMER_STAPLES,B2,Batch 2 — 2024 to 2026,13,8,5,61.54,1.1435,0.1371,132.33,1.3233,1054.76,922.43,9.8146,-11.5514,26.8337,-44.2821,11.4,1,12
HQL,Financials,SECTOR_FINANCIALS,B2,Batch 2 — 2024 to 2026,10,4,6,40.0,1.2614,0.1362,114.06,1.1406,550.36,436.3,4.5357,-2.7888,10.1877,-5.2084,14.4,0,10
ECL,Materials,SECTOR_MATERIALS,B2,Batch 2 — 2024 to 2026,16,6,10,37.5,1.4575,0.136,211.72,2.1172,674.54,462.82,3.8757,-1.4228,12.0493,-2.8683,10.6,0,16
GCT,Technology,SECTOR_TECHNOLOGY,B2,Batch 2 — 2024 to 2026,9,5,4,55.56,1.3383,0.1358,127.51,1.2751,504.42,376.91,11.7896,-10.9785,35.9732,-13.1234,11.3,0,9
MYI,Financials,SECTOR_FINANCIALS,B2,Batch 2 — 2024 to 2026,8,3,5,37.5,1.3697,0.1358,92.39,0.9239,342.3,249.91,1.803,-0.8186,3.7843,-1.4851,9.8,0,8
HRI,Industrials,SECTOR_INDUSTRIALS,B2,Batch 2 — 2024 to 2026,11,3,8,27.27,1.3255,0.1343,181.41,1.8141,738.68,557.27,14.3159,-6.4884,36.4297,-11.7038,11.3,0,11
XMTR,Industrials,SECTOR_INDUSTRIALS,B2,Batch 2 — 2024 to 2026,14,3,11,21.43,1.1521,0.1337,91.6,0.916,693.86,602.26,31.3222,-6.1173,68.3318,-10.5627,9.9,0,14
PEO,Financials,SECTOR_FINANCIALS,B2,Batch 2 — 2024 to 2026,12,6,6,50.0,1.3211,0.1336,160.27,1.6027,659.44,499.17,3.5997,-2.3247,12.4525,-3.6522,10.2,0,12
MIR,Industrials,SECTOR_INDUSTRIALS,B2,Batch 2 — 2024 to 2026,12,4,8,33.33,1.2561,0.1322,195.6,1.956,959.31,763.71,18.0274,-6.8144,28.4217,-10.4064,9.9,0,12
KNTK,Energy,SECTOR_ENERGY,B2,Batch 2 — 2024 to 2026,12,6,6,50.0,1.4689,0.1322,168.97,1.6897,529.32,360.35,4.4635,-3.6133,7.779,-7.5913,10.8,0,12
BELFA,Technology,SECTOR_TECHNOLOGY,B2,Batch 2 — 2024 to 2026,8,3,5,37.5,1.2757,0.1291,99.49,0.9949,460.32,360.83,10.8181,-5.6015,15.7543,-8.947,9.1,0,8
FCNCA,Financials,SECTOR_FINANCIALS,B2,Batch 2 — 2024 to 2026,12,3,9,25.0,1.1762,0.129,89.39,0.8939,596.75,507.36,10.7969,-2.9819,18.7917,-7.5119,12.6,0,12
IPAR,Consumer Staples,SECTOR_CONSUMER_STAPLES,B2,Batch 2 — 2024 to 2026,9,4,5,44.44,1.4958,0.1282,141.33,1.4133,426.36,285.03,7.4186,-3.5992,15.1883,-5.9195,9.7,0,9
LDOS,Technology,SECTOR_TECHNOLOGY,B2,Batch 2 — 2024 to 2026,16,7,9,43.75,1.2858,0.1278,138.62,1.3862,623.57,484.95,3.4678,-2.3631,6.2014,-4.6607,11.1,0,16
SENEA,Consumer Staples,SECTOR_CONSUMER_STAPLES,B2,Batch 2 — 2024 to 2026,16,7,9,43.75,1.4826,0.1266,214.42,2.1442,658.69,444.27,4.9315,-2.9112,16.5622,-7.2924,10.0,0,16
CECO,Industrials,SECTOR_INDUSTRIALS,B2,Batch 2 — 2024 to 2026,16,5,11,31.25,1.2795,0.1227,204.65,2.0465,936.94,732.29,15.2449,-5.3329,44.1444,-16.6341,9.7,0,16
BKNG,Consumer Discretionary,SECTOR_CONSUMER_DISCRETIONARY,B2,Batch 2 — 2024 to 2026,16,6,10,37.5,1.527,0.122,575.51,5.7551,1667.63,1092.12,6.1086,-2.6083,17.9932,-4.6388,10.1,0,16
ANAB,Healthcare,SECTOR_HEALTHCARE,B2,Batch 2 — 2024 to 2026,13,4,9,30.77,1.3346,0.1208,203.79,2.0379,812.88,609.09,20.923,-8.9114,37.3923,-15.8141,9.8,1,12
UTI,Consumer Staples,SECTOR_CONSUMER_STAPLES,B2,Batch 2 — 2024 to 2026,13,5,8,38.46,1.2249,0.1205,164.25,1.6425,894.54,730.29,12.9686,-6.4966,27.1824,-12.294,9.4,2,11
AGD,Financials,SECTOR_FINANCIALS,B2,Batch 2 — 2024 to 2026,16,5,11,31.25,1.401,0.1193,238.68,2.3868,833.93,595.25,3.5032,-1.491,12.0138,-3.0579,9.1,0,16
AVAH,Healthcare,SECTOR_HEALTHCARE,B2,Batch 2 — 2024 to 2026,10,3,7,30.0,1.4954,0.1189,128.7,1.287,388.49,259.79,14.8546,-4.4891,42.7101,-11.4964,10.9,0,10
MTDR,Energy,SECTOR_ENERGY,B2,Batch 2 — 2024 to 2026,9,4,5,44.44,1.3761,0.1181,103.41,1.0341,378.38,274.97,6.384,-3.2687,9.5536,-6.7173,15.9,0,9
HFWA,Financials,SECTOR_FINANCIALS,B2,Batch 2 — 2024 to 2026,8,5,3,62.5,1.5164,0.1175,115.02,1.1502,337.75,222.73,3.3389,-4.3106,9.6891,-6.3139,9.2,0,8
DE,Industrials,SECTOR_INDUSTRIALS,B2,Batch 2 — 2024 to 2026,11,6,5,54.55,1.5769,0.1173,163.66,1.6366,447.37,283.71,3.6257,-3.0269,5.4524,-4.4431,9.3,0,11
TMUS,Communication Services,SECTOR_COMMUNICATION_SERVICES,B2,Batch 2 — 2024 to 2026,13,5,8,38.46,1.3604,0.1166,178.91,1.7891,675.34,496.43,4.9295,-2.2226,9.1133,-4.2592,9.2,0,13
CROX,Consumer Discretionary,SECTOR_CONSUMER_DISCRETIONARY,B2,Batch 2 — 2024 to 2026,9,3,6,33.33,1.137,0.116,51.37,0.5137,426.21,374.84,10.9455,-5.0338,11.5269,-11.4992,13.9,0,9
CBAN,Financials,SECTOR_FINANCIALS,B2,Batch 2 — 2024 to 2026,10,4,6,40.0,1.452,0.1146,111.82,1.1182,359.23,247.41,4.7599,-2.1221,6.3961,-3.4389,10.8,0,10
AMG,Financials,SECTOR_FINANCIALS,B2,Batch 2 — 2024 to 2026,15,6,9,40.0,1.1849,0.1143,72.15,0.7215,462.32,390.17,4.6588,-1.8656,9.4971,-2.7032,10.3,0,15
ARMK,Industrials,SECTOR_INDUSTRIALS,B2,Batch 2 — 2024 to 2026,11,4,7,36.36,1.3301,0.1135,132.49,1.3249,533.89,401.4,7.4853,-2.6779,18.8075,-4.8961,10.5,0,11
LSCC,Technology,SECTOR_TECHNOLOGY,B2,Batch 2 — 2024 to 2026,8,5,3,62.5,1.3968,0.1135,84.1,0.841,296.06,211.96,5.633,-7.3536,15.8532,-12.4337,21.8,0,8
CG,Financials,SECTOR_FINANCIALS,B2,Batch 2 — 2024 to 2026,13,4,9,30.77,1.256,0.1134,125.37,1.2537,615.12,489.75,10.3603,-3.3283,18.2737,-6.2462,11.3,0,13
RMT,Financials,SECTOR_FINANCIALS,B2,Batch 2 — 2024 to 2026,13,5,8,38.46,1.2361,0.1127,73.06,0.7306,382.44,309.38,4.184,-1.2734,13.6309,-2.5451,11.0,1,12
EZPW,Financials,SECTOR_FINANCIALS,B2,Batch 2 — 2024 to 2026,14,6,8,42.86,1.4059,0.1124,157.14,1.5714,544.32,387.18,5.7503,-2.5741,16.6021,-4.1753,10.9,0,14
LVWR,Consumer Discretionary,SECTOR_CONSUMER_DISCRETIONARY,B2,Batch 2 — 2024 to 2026,5,2,3,40.0,1.3786,0.1119,77.1,0.771,280.74,203.64,33.465,-8.9306,57.5758,-12.4138,14.6,0,5
ATRC,Healthcare,SECTOR_HEALTHCARE,B2,Batch 2 — 2024 to 2026,9,6,3,66.67,1.3612,0.1117,100.76,1.0076,379.69,278.93,6.3683,-8.9705,11.9559,-11.4785,13.1,0,9
SPGI,Financials,SECTOR_FINANCIALS,B2,Batch 2 — 2024 to 2026,13,6,7,46.15,1.2895,0.1097,128.29,1.2829,571.48,443.19,3.1127,-2.1492,9.897,-3.3074,12.8,0,13
ENS,Industrials,SECTOR_INDUSTRIALS,B2,Batch 2 — 2024 to 2026,16,6,10,37.5,1.2555,0.1094,193.84,1.9384,952.52,758.68,7.6044,-3.9863,17.1282,-9.341,10.4,0,16
AXP,Financials,SECTOR_FINANCIALS,B2,Batch 2 — 2024 to 2026,16,8,8,50.0,1.4051,0.1092,138.54,1.3854,480.52,341.98,3.0882,-1.7634,8.9099,-3.5934,11.5,0,16
OLLI,Consumer Staples,SECTOR_CONSUMER_STAPLES,B2,Batch 2 — 2024 to 2026,11,3,8,27.27,1.2102,0.109,89.02,0.8902,512.55,423.53,10.6655,-3.432,24.5316,-7.2103,10.3,0,11
TNDM,Healthcare,SECTOR_HEALTHCARE,B2,Batch 2 — 2024 to 2026,10,3,7,30.0,1.2897,0.1088,122.5,1.225,545.33,422.83,19.3688,-7.0174,33.5876,-12.1933,17.3,1,9
PCAR,Industrials,SECTOR_INDUSTRIALS,B2,Batch 2 — 2024 to 2026,12,4,8,33.33,1.1838,0.1087,141.02,1.4102,908.4,767.38,9.1599,-4.6105,17.3525,-9.8785,13.8,0,12
EVLV,Industrials,SECTOR_INDUSTRIALS,B2,Batch 2 — 2024 to 2026,11,5,6,45.45,1.3562,0.1087,237.86,2.3786,905.54,667.68,22.1632,-13.8178,38.8889,-39.7321,12.6,1,10
KSS,Consumer Discretionary,SECTOR_CONSUMER_DISCRETIONARY,B2,Batch 2 — 2024 to 2026,8,2,6,25.0,1.169,0.1071,99.21,0.9921,686.39,587.18,51.4947,-9.226,102.5862,-23.342,15.6,1,7
LGND,Healthcare,SECTOR_HEALTHCARE,B2,Batch 2 — 2024 to 2026,16,7,9,43.75,1.3626,0.1067,170.1,1.701,639.27,469.17,6.476,-3.8079,15.0718,-7.952,9.5,0,16
FOF,Financials,SECTOR_FINANCIALS,B2,Batch 2 — 2024 to 2026,19,9,10,47.37,1.1984,0.1047,93.58,0.9358,565.33,471.75,1.8405,-1.0406,9.8519,-2.2489,7.4,0,19
WRBY,Healthcare,SECTOR_HEALTHCARE,B2,Batch 2 — 2024 to 2026,16,6,10,37.5,1.2398,0.1039,155.29,1.5529,802.92,647.63,13.5249,-5.529,23.521,-9.3225,8.1,0,16
USCB,Financials,SECTOR_FINANCIALS,B2,Batch 2 — 2024 to 2026,13,3,10,23.08,1.1292,0.1037,76.68,0.7668,670.37,593.69,13.4717,-3.1931,27.3548,-6.3072,7.2,0,13
SPIR,Industrials,SECTOR_INDUSTRIALS,B2,Batch 2 — 2024 to 2026,13,5,8,38.46,1.0357,0.1025,33.31,0.3331,965.38,932.07,21.7325,-15.5879,39.2941,-28.9891,10.7,0,13
MLR,Consumer Discretionary,SECTOR_CONSUMER_DISCRETIONARY,B2,Batch 2 — 2024 to 2026,11,5,6,45.45,1.4218,0.1023,164.87,1.6487,555.74,390.87,5.1344,-4.5865,13.0195,-7.4516,14.5,1,10
OSCR,Healthcare,SECTOR_HEALTHCARE,B2,Batch 2 — 2024 to 2026,11,2,9,18.18,1.0725,0.1007,47.03,0.4703,695.44,648.41,40.1127,-7.9838,46.6607,-12.6808,9.9,0,11
UHS,Healthcare,SECTOR_HEALTHCARE,B2,Batch 2 — 2024 to 2026,14,7,7,50.0,1.4103,0.1005,127.39,1.2739,437.87,310.48,3.8227,-2.4881,9.8817,-5.1135,10.3,0,14
MCY,Financials,SECTOR_FINANCIALS,B2,Batch 2 — 2024 to 2026,19,9,10,47.37,1.4296,0.1004,235.43,2.3543,783.4,547.97,4.6224,-3.1406,9.4977,-5.823,10.1,0,19
FWRG,Consumer Discretionary,SECTOR_CONSUMER_DISCRETIONARY,B2,Batch 2 — 2024 to 2026,10,4,6,40.0,1.1891,0.1004,70.47,0.7047,443.21,372.74,8.2656,-5.1095,13.5275,-8.1253,13.7,0,10
SCHW,Financials,SECTOR_FINANCIALS,B2,Batch 2 — 2024 to 2026,16,9,7,56.25,1.2127,0.099,103.55,1.0355,590.32,486.77,3.2782,-2.6948,9.6435,-4.4461,10.1,0,16
GNTX,Consumer Discretionary,SECTOR_CONSUMER_DISCRETIONARY,B2,Batch 2 — 2024 to 2026,8,2,6,25.0,1.1566,0.0927,84.14,0.8414,621.51,537.37,13.792,-3.8045,20.9586,-5.9701,14.5,0,8
MCO,Financials,SECTOR_FINANCIALS,B2,Batch 2 — 2024 to 2026,12,6,6,50.0,1.2201,0.0921,82.14,0.8214,455.41,373.27,3.2788,-2.0408,6.0844,-4.7663,11.0,0,12
SNPS,Technology,SECTOR_TECHNOLOGY,B2,Batch 2 — 2024 to 2026,10,3,7,30.0,1.1712,0.0913,82.95,0.8295,567.5,484.55,14.1425,-4.1836,20.8477,-5.7422,10.6,0,10
HPQ,Technology,SECTOR_TECHNOLOGY,B2,Batch 2 — 2024 to 2026,8,2,6,25.0,1.1091,0.0907,68.29,0.6829,694.46,626.17,14.179,-5.202,19.3365,-10.6862,11.4,1,7
SSII,Healthcare,SECTOR_HEALTHCARE,B2,Batch 2 — 2024 to 2026,7,1,6,14.29,1.112,0.0902,65.02,0.6502,645.48,580.46,81.7043,-15.7859,81.7043,-23.0769,10.4,0,7
GRNT,Energy,SECTOR_ENERGY,B2,Batch 2 — 2024 to 2026,10,6,4,60.0,1.1969,0.0891,74.24,0.7424,451.3,377.06,5.0335,-5.7836,12.9496,-6.8325,12.1,0,10
OIS,Energy,SECTOR_ENERGY,B2,Batch 2 — 2024 to 2026,10,5,5,50.0,1.1452,0.0888,53.51,0.5351,422.03,368.52,7.377,-5.6468,13.9973,-8.3869,19.5,0,10
BK,Financials,SECTOR_FINANCIALS,B2,Batch 2 — 2024 to 2026,19,9,10,47.37,1.2801,0.0886,132.24,1.3224,604.28,472.04,2.987,-1.6446,8.2607,-3.5757,9.1,0,19
HBT,Financials,SECTOR_FINANCIALS,B2,Batch 2 — 2024 to 2026,10,5,5,50.0,1.2483,0.0885,81.1,0.811,407.7,326.6,4.6813,-3.8482,7.5843,-6.1858,7.9,0,10
LAUR,Consumer Staples,SECTOR_CONSUMER_STAPLES,B2,Batch 2 — 2024 to 2026,15,7,8,46.67,1.1503,0.0883,101.28,1.0128,775.2,673.92,6.1641,-4.1893,19.4018,-9.5047,12.3,0,15
PPTA,Materials,SECTOR_MATERIALS,B2,Batch 2 — 2024 to 2026,14,3,11,21.43,1.2675,0.0881,174.75,1.7475,828.01,653.26,26.2406,-7.1839,54.8052,-21.6388,10.9,0,14
WSM,Consumer Discretionary,SECTOR_CONSUMER_DISCRETIONARY,B2,Batch 2 — 2024 to 2026,13,7,6,53.85,1.1944,0.0878,79.38,0.7938,487.74,408.36,4.5594,-4.643,9.5997,-11.1199,11.5,0,13
WMB,Energy,SECTOR_ENERGY,B2,Batch 2 — 2024 to 2026,17,6,11,35.29,1.3097,0.0877,184.2,1.842,779.01,594.81,4.7495,-2.1341,8.0377,-4.3632,9.1,0,17
NRIM,Financials,SECTOR_FINANCIALS,B2,Batch 2 — 2024 to 2026,15,10,5,66.67,1.4382,0.0868,151.33,1.5133,496.71,345.38,3.412,-4.2522,9.3107,-6.6907,9.7,0,15
CSW,Industrials,SECTOR_INDUSTRIALS,B2,Batch 2 — 2024 to 2026,15,6,9,40.0,1.3102,0.0864,147.62,1.4762,623.46,475.84,6.9064,-3.1277,19.5147,-6.9181,9.2,0,15
TNL,Consumer Discretionary,SECTOR_CONSUMER_DISCRETIONARY,B2,Batch 2 — 2024 to 2026,17,8,9,47.06,1.4126,0.0857,195.73,1.9573,670.11,474.38,4.2741,-2.8541,12.6575,-5.8066,9.8,0,17
LEGN,Healthcare,SECTOR_HEALTHCARE,B2,Batch 2 — 2024 to 2026,5,2,3,40.0,1.1712,0.0856,43.07,0.4307,294.63,251.56,12.6548,-8.1758,18.7711,-10.6282,12.2,0,5
XNCR,Healthcare,SECTOR_HEALTHCARE,B2,Batch 2 — 2024 to 2026,9,3,6,33.33,1.2047,0.0853,88.01,0.8801,517.98,429.97,17.0113,-8.3941,39.7679,-13.0055,12.8,1,8
TFC,Financials,SECTOR_FINANCIALS,B2,Batch 2 — 2024 to 2026,15,5,10,33.33,1.1544,0.0849,74.9,0.749,560.16,485.26,5.5044,-2.5242,9.7888,-6.6667,9.8,0,15
CAR,Industrials,SECTOR_INDUSTRIALS,B2,Batch 2 — 2024 to 2026,9,3,6,33.33,1.3585,0.0835,149.12,1.4912,565.04,415.92,22.8997,-7.9385,41.316,-10.7569,12.7,1,8
IMRX,Healthcare,SECTOR_HEALTHCARE,B2,Batch 2 — 2024 to 2026,8,3,5,37.5,1.1331,0.0832,65.0,0.65,553.44,488.44,31.6012,-15.7583,74.7863,-20.8818,7.1,0,8
AXL,Consumer Discretionary,SECTOR_CONSUMER_DISCRETIONARY,B2,Batch 2 — 2024 to 2026,10,3,7,30.0,1.1528,0.0825,84.41,0.8441,636.99,552.58,20.7613,-5.6114,45.4768,-8.9888,16.7,1,9
TTC,Industrials,SECTOR_INDUSTRIALS,B2,Batch 2 — 2024 to 2026,8,2,6,25.0,1.2134,0.0821,119.35,1.1935,678.62,559.27,17.136,-4.7441,22.8848,-8.5552,19.5,1,7
PJT,Financials,SECTOR_FINANCIALS,B2,Batch 2 — 2024 to 2026,17,7,10,41.18,1.2726,0.082,120.97,1.2097,564.73,443.76,4.6785,-2.7599,10.6458,-4.6424,10.8,0,17
PAHC,Healthcare,SECTOR_HEALTHCARE,B2,Batch 2 — 2024 to 2026,17,6,11,35.29,1.2464,0.0815,183.27,1.8327,927.07,743.8,10.6003,-5.4794,25.28,-8.7541,8.7,0,17
FET,Energy,SECTOR_ENERGY,B2,Batch 2 — 2024 to 2026,11,5,6,45.45,1.1428,0.0814,82.46,0.8246,659.87,577.41,11.8323,-7.0626,19.9095,-9.9782,10.2,0,11
AR,Energy,SECTOR_ENERGY,B2,Batch 2 — 2024 to 2026,13,7,6,53.85,1.2241,0.08,96.85,0.9685,528.99,432.14,5.235,-4.5939,9.3999,-7.4305,11.1,1,12
USB,Financials,SECTOR_FINANCIALS,B2,Batch 2 — 2024 to 2026,13,6,7,46.15,1.2553,0.0794,96.52,0.9652,474.65,378.13,3.9302,-2.291,9.0147,-3.7837,11.5,1,12
WMS,Industrials,SECTOR_INDUSTRIALS,B2,Batch 2 — 2024 to 2026,9,3,6,33.33,1.1279,0.0766,55.88,0.5588,492.7,436.82,12.0256,-4.1651,25.3766,-7.5892,16.0,0,9
NMIH,Financials,SECTOR_FINANCIALS,B2,Batch 2 — 2024 to 2026,12,3,9,25.0,1.0951,0.0762,32.0,0.32,368.43,336.43,5.7776,-1.5275,8.95,-2.8465,10.1,0,12
HROW,Healthcare,SECTOR_HEALTHCARE,B2,Batch 2 — 2024 to 2026,14,7,7,50.0,1.1711,0.0754,91.18,0.9118,624.06,532.88,10.5671,-7.4675,19.7506,-12.8585,13.7,0,14
V,Financials,SECTOR_FINANCIALS,B2,Batch 2 — 2024 to 2026,14,5,9,35.71,1.2764,0.0744,120.69,1.2069,557.32,436.63,3.574,-1.5399,7.9195,-3.1768,9.3,0,14
PNFP,Financials,SECTOR_FINANCIALS,B2,Batch 2 — 2024 to 2026,10,4,6,40.0,1.2119,0.0742,80.22,0.8022,458.71,378.49,6.2074,-3.414,10.3532,-5.7367,10.1,0,10
ATO,Utilities,SECTOR_UTILITIES,B2,Batch 2 — 2024 to 2026,15,7,8,46.67,1.2066,0.0732,98.71,0.9871,576.55,477.84,2.438,-1.8733,5.5648,-3.3699,9.9,0,15
FUL,Materials,SECTOR_MATERIALS,B2,Batch 2 — 2024 to 2026,9,5,4,55.56,1.3099,0.0726,67.51,0.6751,285.38,217.87,2.927,-2.0356,8.3188,-3.5331,14.7,0,9
BCO,Industrials,SECTOR_INDUSTRIALS,B2,Batch 2 — 2024 to 2026,13,5,8,38.46,1.1961,0.0726,93.54,0.9354,570.49,476.95,6.026,-3.2709,13.6092,-7.151,11.5,0,13
DRI,Consumer Discretionary,SECTOR_CONSUMER_DISCRETIONARY,B2,Batch 2 — 2024 to 2026,13,6,7,46.15,1.2264,0.0724,89.94,0.8994,487.16,397.22,3.6281,-2.7232,13.5476,-5.3255,10.2,0,13
RGLD,Materials,SECTOR_MATERIALS,B2,Batch 2 — 2024 to 2026,17,8,9,47.06,1.2275,0.0717,144.59,1.4459,780.04,635.45,5.7583,-3.8598,13.7556,-8.6775,10.3,0,17
TTEK,Industrials,SECTOR_INDUSTRIALS,B2,Batch 2 — 2024 to 2026,12,5,7,41.67,1.4394,0.0712,144.34,1.4434,472.84,328.5,5.6507,-2.7904,20.7717,-6.3705,11.9,1,11
BMI,Technology,SECTOR_TECHNOLOGY,B2,Batch 2 — 2024 to 2026,8,3,5,37.5,1.0211,0.0705,8.68,0.0868,419.33,410.65,11.0844,-4.091,17.8381,-5.1368,13.8,0,8
SPXC,Industrials,SECTOR_INDUSTRIALS,B2,Batch 2 — 2024 to 2026,14,6,8,42.86,1.1263,0.0703,65.74,0.6574,586.39,520.65,5.4913,-3.8315,8.8673,-6.1962,9.7,0,14
RRR,Consumer Discretionary,SECTOR_CONSUMER_DISCRETIONARY,B2,Batch 2 — 2024 to 2026,12,6,6,50.0,1.1491,0.0701,58.68,0.5868,452.34,393.66,5.2355,-3.8509,11.6204,-7.7086,11.4,0,12
GHM,Industrials,SECTOR_INDUSTRIALS,B2,Batch 2 — 2024 to 2026,17,4,13,23.53,1.3446,0.07,291.05,2.9105,1135.71,844.66,21.4261,-6.0035,39.0836,-23.9423,8.9,0,17
SCM,Financials,SECTOR_FINANCIALS,B2,Batch 2 — 2024 to 2026,12,5,7,41.67,1.1628,0.0696,71.38,0.7138,509.79,438.41,3.8408,-2.3172,7.7035,-5.449,11.9,1,11
DKS,Consumer Discretionary,SECTOR_CONSUMER_DISCRETIONARY,B2,Batch 2 — 2024 to 2026,12,1,11,8.33,1.1719,0.0683,111.94,1.1194,763.32,651.38,41.4316,-4.5026,41.4316,-14.167,9.3,0,12
LASR,Technology,SECTOR_TECHNOLOGY,B2,Batch 2 — 2024 to 2026,16,3,13,18.75,1.1221,0.0676,122.08,1.2208,1121.83,999.75,42.0479,-6.8819,108.4337,-16.1585,7.5,0,16
QUAD,Industrials,SECTOR_INDUSTRIALS,B2,Batch 2 — 2024 to 2026,9,5,4,55.56,1.397,0.0675,76.85,0.7685,270.45,193.6,5.2502,-5.7067,8.4877,-10.9364,15.7,0,9
URI,Industrials,SECTOR_INDUSTRIALS,B2,Batch 2 — 2024 to 2026,15,7,8,46.67,1.5521,0.0667,115.5,1.155,324.69,209.19,3.3963,-1.9004,6.9698,-3.3331,9.4,0,15
PPL,Utilities,SECTOR_UTILITIES,B2,Batch 2 — 2024 to 2026,17,6,11,35.29,1.0316,0.0659,18.69,0.1869,609.77,591.08,3.7433,-1.7312,11.9256,-3.4765,8.3,0,17
VLO,Energy,SECTOR_ENERGY,B2,Batch 2 — 2024 to 2026,7,3,4,42.86,1.0508,0.0659,19.91,0.1991,411.9,391.99,8.4465,-5.6849,15.0759,-6.2962,15.3,0,7
SYF,Financials,SECTOR_FINANCIALS,B2,Batch 2 — 2024 to 2026,18,9,9,50.0,1.1467,0.0646,89.19,0.8919,697.32,608.13,5.0151,-3.3735,10.4657,-8.6761,10.3,0,18
NFLX,Communication Services,SECTOR_COMMUNICATION_SERVICES,B2,Batch 2 — 2024 to 2026,16,7,9,43.75,1.1057,0.0645,43.69,0.4369,457.04,413.35,4.4953,-2.2593,18.5985,-4.7927,10.2,0,16
CLMT,Materials,SECTOR_MATERIALS,B2,Batch 2 — 2024 to 2026,11,5,6,45.45,1.248,0.0638,96.47,0.9647,485.54,389.07,11.5337,-5.1439,30.3691,-9.9102,9.6,1,10
FITB,Financials,SECTOR_FINANCIALS,B2,Batch 2 — 2024 to 2026,14,4,10,28.57,1.0457,0.062,19.68,0.1968,450.72,431.04,7.2685,-1.9157,16.3651,-4.4717,10.6,1,13
LFST,Healthcare,SECTOR_HEALTHCARE,B2,Batch 2 — 2024 to 2026,10,3,7,30.0,1.0678,0.0613,29.94,0.2994,471.43,441.49,15.7573,-5.6862,23.5756,-11.8835,18.7,0,10
PH,Industrials,SECTOR_INDUSTRIALS,B2,Batch 2 — 2024 to 2026,18,8,10,44.44,1.1903,0.0607,94.57,0.9457,591.51,496.94,3.3713,-2.1839,6.3032,-4.4199,10.2,0,18
STZ,Consumer Staples,SECTOR_CONSUMER_STAPLES,B2,Batch 2 — 2024 to 2026,8,3,5,37.5,1.1014,0.0605,44.65,0.4465,485.02,440.37,7.023,-4.3734,15.3563,-6.0464,16.0,2,6
OII,Energy,SECTOR_ENERGY,B2,Batch 2 — 2024 to 2026,10,5,5,50.0,1.0346,0.0591,15.63,0.1563,466.94,451.31,7.751,-5.9287,17.9551,-7.1874,15.0,0,10
FMBH,Financials,SECTOR_FINANCIALS,B2,Batch 2 — 2024 to 2026,10,4,6,40.0,1.1259,0.0589,48.3,0.483,431.93,383.63,5.7549,-3.4537,7.9739,-5.294,13.3,0,10
TFSL,Financials,SECTOR_FINANCIALS,B2,Batch 2 — 2024 to 2026,8,4,4,50.0,1.2124,0.0565,37.76,0.3776,215.57,177.81,2.2393,-1.8178,3.9021,-2.6504,10.0,0,8
ROK,Industrials,SECTOR_INDUSTRIALS,B2,Batch 2 — 2024 to 2026,10,4,6,40.0,1.1516,0.0564,75.52,0.7552,573.56,498.04,9.3305,-4.2079,28.4156,-5.9761,9.6,1,9
AIZ,Financials,SECTOR_FINANCIALS,B2,Batch 2 — 2024 to 2026,11,4,7,36.36,1.1629,0.0559,57.11,0.5711,407.72,350.61,4.6189,-1.9097,8.9151,-2.9866,9.6,0,11
CAKE,Consumer Discretionary,SECTOR_CONSUMER_DISCRETIONARY,B2,Batch 2 — 2024 to 2026,13,5,8,38.46,1.1693,0.0555,69.92,0.6992,482.8,412.88,5.5699,-3.0913,16.0532,-5.7136,8.8,1,12
DLTR,Consumer Staples,SECTOR_CONSUMER_STAPLES,B2,Batch 2 — 2024 to 2026,9,3,6,33.33,0.9911,0.055,-4.19,-0.0419,466.55,470.74,14.0362,-5.4715,16.3375,-11.2506,21.4,0,9
MRVL,Technology,SECTOR_TECHNOLOGY,B2,Batch 2 — 2024 to 2026,12,5,7,41.67,1.1674,0.0548,94.97,0.9497,662.19,567.22,10.9949,-7.0349,17.1407,-14.1597,12.2,1,11
ACIW,Technology,SECTOR_TECHNOLOGY,B2,Batch 2 — 2024 to 2026,13,3,10,23.08,0.92,0.0538,-57.47,-0.5747,660.64,718.11,13.712,-3.9082,30.8859,-8.2256,10.5,0,13
LAW,Technology,SECTOR_TECHNOLOGY,B2,Batch 2 — 2024 to 2026,8,1,7,12.5,1.143,0.0538,76.41,0.7641,610.56,534.15,51.4563,-6.7083,51.4563,-9.6484,20.2,0,8
UVSP,Financials,SECTOR_FINANCIALS,B2,Batch 2 — 2024 to 2026,11,4,7,36.36,1.1503,0.0537,56.24,0.5624,430.34,374.1,5.978,-3.2448,9.9134,-7.1351,8.8,0,11
NVTS,Technology,SECTOR_TECHNOLOGY,B2,Batch 2 — 2024 to 2026,10,2,8,20.0,1.0052,0.0526,3.52,0.0352,680.03,676.51,53.3842,-11.7355,55.549,-22.6667,11.6,0,10
HIG,Financials,SECTOR_FINANCIALS,B2,Batch 2 — 2024 to 2026,16,7,9,43.75,1.1311,0.0499,98.19,0.9819,847.18,748.99,3.5754,-3.13,15.475,-7.3763,12.0,0,16
CBSH,Financials,SECTOR_FINANCIALS,B2,Batch 2 — 2024 to 2026,11,5,6,45.45,1.2701,0.0492,80.11,0.8011,376.66,296.55,2.976,-2.1654,6.6875,-4.0022,11.3,0,11
HRMY,Healthcare,SECTOR_HEALTHCARE,B2,Batch 2 — 2024 to 2026,9,6,3,66.67,1.3636,0.0491,104.12,1.0412,390.44,286.32,4.9148,-8.7236,18.6984,-16.6178,10.8,0,9
MTW,Industrials,SECTOR_INDUSTRIALS,B2,Batch 2 — 2024 to 2026,10,6,4,60.0,1.2645,0.0458,94.8,0.948,453.18,358.38,5.5792,-8.0142,8.7613,-10.6388,11.5,0,10
AN,Consumer Discretionary,SECTOR_CONSUMER_DISCRETIONARY,B2,Batch 2 — 2024 to 2026,11,7,4,63.64,0.9791,0.0424,-7.44,-0.0744,348.15,355.59,2.9062,-5.0012,6.826,-8.6546,13.5,0,11
LWAY,Consumer Staples,SECTOR_CONSUMER_STAPLES,B2,Batch 2 — 2024 to 2026,8,3,5,37.5,1.0427,0.0403,19.36,0.1936,472.53,453.17,19.8836,-9.3843,27.3964,-21.52,13.5,0,8
TCBX,Financials,SECTOR_FINANCIALS,B2,Batch 2 — 2024 to 2026,17,6,11,35.29,0.9439,0.04,-32.52,-0.3252,546.97,579.49,6.0392,-3.3608,19.6924,-5.9076,8.1,0,17
KMPR,Financials,SECTOR_FINANCIALS,B2,Batch 2 — 2024 to 2026,10,3,7,30.0,1.1555,0.0394,61.8,0.618,459.34,397.54,7.0611,-2.8986,15.1564,-4.5406,9.5,0,10
CRNX,Healthcare,SECTOR_HEALTHCARE,B2,Batch 2 — 2024 to 2026,9,4,5,44.44,1.1595,0.0385,55.19,0.5519,401.13,345.94,8.4844,-5.9837,27.1299,-8.7381,10.8,0,9
HBAN,Financials,SECTOR_FINANCIALS,B2,Batch 2 — 2024 to 2026,14,7,7,50.0,1.1668,0.0383,74.67,0.7467,522.21,447.54,3.5213,-2.9811,8.9275,-4.5697,9.6,0,14
MEGI,Financials,SECTOR_FINANCIALS,B2,Batch 2 — 2024 to 2026,12,5,7,41.67,1.2656,0.038,98.29,0.9829,468.42,370.13,2.5355,-1.8452,6.0058,-3.6844,8.3,0,12
HUN,Materials,SECTOR_MATERIALS,B2,Batch 2 — 2024 to 2026,4,2,2,50.0,1.0734,0.0371,14.62,0.1462,213.93,199.31,8.787,-6.5088,13.1799,-7.7961,19.2,0,4
CHEF,Consumer Staples,SECTOR_CONSUMER_STAPLES,B2,Batch 2 — 2024 to 2026,12,5,7,41.67,1.1203,0.0367,53.25,0.5325,495.96,442.71,6.7302,-3.9882,17.0631,-6.5827,9.9,0,12
CACI,Technology,SECTOR_TECHNOLOGY,B2,Batch 2 — 2024 to 2026,16,6,10,37.5,1.1367,0.0361,72.83,0.7283,605.47,532.64,4.9883,-2.9976,9.4137,-6.4682,11.6,0,16
UBSI,Financials,SECTOR_FINANCIALS,B2,Batch 2 — 2024 to 2026,9,5,4,55.56,1.0814,0.0353,21.96,0.2196,291.89,269.93,2.7221,-3.3639,4.6635,-5.5796,10.7,0,9
NRK,Financials,SECTOR_FINANCIALS,B2,Batch 2 — 2024 to 2026,10,2,8,20.0,0.9076,0.0342,-33.7,-0.337,331.17,364.87,2.9752,-0.7138,4.8454,-1.7702,9.6,0,10
AORT,Healthcare,SECTOR_HEALTHCARE,B2,Batch 2 — 2024 to 2026,13,6,7,46.15,1.0944,0.0327,39.34,0.3934,456.19,416.85,4.5467,-3.5048,11.5966,-5.4462,10.6,0,13
PODD,Healthcare,SECTOR_HEALTHCARE,B2,Batch 2 — 2024 to 2026,7,4,3,57.14,1.0111,0.0325,2.15,0.0215,195.14,192.99,4.048,-4.0231,8.9581,-6.7912,13.1,0,7
ULTA,Consumer Discretionary,SECTOR_CONSUMER_DISCRETIONARY,B2,Batch 2 — 2024 to 2026,14,6,8,42.86,1.1008,0.0325,70.89,0.7089,774.03,703.14,7.59,-5.2462,20.3558,-11.9835,12.6,0,14
BANR,Financials,SECTOR_FINANCIALS,B2,Batch 2 — 2024 to 2026,9,4,5,44.44,1.2604,0.0323,53.74,0.5374,260.14,206.4,2.8339,-2.6075,6.9494,-6.234,11.3,0,9
DECK,Consumer Discretionary,SECTOR_CONSUMER_DISCRETIONARY,B2,Batch 2 — 2024 to 2026,14,4,10,28.57,1.1049,0.0322,97.88,0.9788,1031.38,933.5,16.1959,-6.6814,29.6188,-20.7349,11.0,1,13
ADUS,Healthcare,SECTOR_HEALTHCARE,B2,Batch 2 — 2024 to 2026,9,3,6,33.33,1.1024,0.0304,37.02,0.3702,398.38,361.36,8.4893,-3.1717,12.8712,-5.1223,13.8,1,8
ORI,Financials,SECTOR_FINANCIALS,B2,Batch 2 — 2024 to 2026,16,6,10,37.5,1.119,0.0302,76.57,0.7657,719.88,643.31,3.8612,-2.0027,6.64,-4.1625,8.8,0,16
VTRS,Healthcare,SECTOR_HEALTHCARE,B2,Batch 2 — 2024 to 2026,8,3,5,37.5,0.9235,0.0297,-26.88,-0.2688,324.29,351.17,6.4142,-4.1297,9.7582,-7.9735,13.2,0,8
TPG,Financials,SECTOR_FINANCIALS,B2,Batch 2 — 2024 to 2026,12,3,9,25.0,0.8695,0.026,-66.92,-0.6692,445.7,512.62,12.9249,-3.209,18.5253,-5.1143,11.5,0,12
CMS,Utilities,SECTOR_UTILITIES,B2,Batch 2 — 2024 to 2026,13,3,10,23.08,0.9141,0.0253,-38.21,-0.3821,406.38,444.59,5.4624,-1.3907,12.3057,-4.3258,10.2,0,13
APG,Industrials,SECTOR_INDUSTRIALS,B2,Batch 2 — 2024 to 2026,14,4,10,28.57,1.1616,0.0252,78.13,0.7813,561.52,483.39,10.0616,-2.4806,32.8146,-4.9702,9.7,0,14
CGON,Healthcare,SECTOR_HEALTHCARE,B2,Batch 2 — 2024 to 2026,6,2,4,33.33,1.0413,0.025,15.06,0.1506,379.44,364.38,17.4423,-10.7574,33.6941,-15.9066,9.0,0,6
ORA,Utilities,SECTOR_UTILITIES,B2,Batch 2 — 2024 to 2026,17,5,12,29.41,1.0841,0.022,52.19,0.5219,672.65,620.46,6.1968,-2.8041,11.6421,-5.6018,9.1,0,17
BWA,Consumer Discretionary,SECTOR_CONSUMER_DISCRETIONARY,B2,Batch 2 — 2024 to 2026,13,4,9,30.77,1.0374,0.0218,19.58,0.1958,542.92,523.34,8.5115,-3.1454,19.2572,-6.5071,9.6,0,13
WAT,Healthcare,SECTOR_HEALTHCARE,B2,Batch 2 — 2024 to 2026,10,6,4,60.0,1.0233,0.0216,7.99,0.0799,350.58,342.59,3.6962,-5.5642,8.1461,-8.1866,14.2,0,10
SHW,Materials,SECTOR_MATERIALS,B2,Batch 2 — 2024 to 2026,10,4,6,40.0,1.0962,0.0196,32.41,0.3241,369.21,336.8,3.3531,-2.3205,8.0042,-4.1695,9.1,0,10
RELY,Technology,SECTOR_TECHNOLOGY,B2,Batch 2 — 2024 to 2026,10,2,8,20.0,1.0278,0.0185,17.58,0.1758,649.07,631.49,22.8918,-5.3978,38.4873,-7.5206,16.0,1,9
PSMT,Consumer Staples,SECTOR_CONSUMER_STAPLES,B2,Batch 2 — 2024 to 2026,13,5,8,38.46,1.0166,0.0183,6.38,0.0638,389.98,383.6,5.1093,-2.2327,10.6545,-3.6525,9.8,0,13
SMBC,Financials,SECTOR_FINANCIALS,B2,Batch 2 — 2024 to 2026,10,5,5,50.0,1.0879,0.0183,32.57,0.3257,403.26,370.69,3.9791,-4.3324,8.1883,-5.6431,8.4,0,10
TDG,Industrials,SECTOR_INDUSTRIALS,B2,Batch 2 — 2024 to 2026,13,6,7,46.15,1.1863,0.0181,64.29,0.6429,409.46,345.17,3.6808,-3.5137,7.7249,-5.6272,11.4,0,13
WH,Consumer Discretionary,SECTOR_CONSUMER_DISCRETIONARY,B2,Batch 2 — 2024 to 2026,11,5,6,45.45,1.0453,0.0176,17.81,0.1781,411.31,393.5,3.5244,-2.8205,5.0561,-5.0043,12.7,0,11
MMS,Industrials,SECTOR_INDUSTRIALS,B2,Batch 2 — 2024 to 2026,12,3,9,25.0,0.9906,0.0153,-5.41,-0.0541,571.47,576.88,9.7095,-3.1312,17.801,-5.9058,10.8,1,11
MUA,Financials,SECTOR_FINANCIALS,B2,Batch 2 — 2024 to 2026,10,3,7,30.0,1.0035,0.0148,1.86,0.0186,540.7,538.84,3.7734,-1.9495,7.7432,-3.4513,8.4,1,9
ELAN,Healthcare,SECTOR_HEALTHCARE,B2,Batch 2 — 2024 to 2026,15,7,8,46.67,1.0341,0.0144,11.55,0.1155,349.83,338.28,4.1787,-2.4192,15.4801,-5.2836,9.7,0,15
INDB,Financials,SECTOR_FINANCIALS,B2,Batch 2 — 2024 to 2026,10,5,5,50.0,1.1934,0.0141,43.35,0.4335,267.45,224.1,3.0853,-3.055,8.363,-6.0619,12.5,0,10
VLY,Financials,SECTOR_FINANCIALS,B2,Batch 2 — 2024 to 2026,10,4,6,40.0,1.111,0.0128,34.06,0.3406,341.04,306.98,5.5337,-3.0182,12.234,-7.0575,14.0,0,10
MLM,Materials,SECTOR_MATERIALS,B2,Batch 2 — 2024 to 2026,14,4,10,28.57,0.9803,0.0105,-11.69,-0.1169,583.07,594.76,8.2636,-2.885,13.836,-6.4407,9.1,0,14
PFG,Financials,SECTOR_FINANCIALS,B2,Batch 2 — 2024 to 2026,14,7,7,50.0,0.9768,0.0102,-10.0,-0.1,421.44,431.44,2.7556,-2.3058,5.4126,-3.9018,11.8,0,14
JBI,Industrials,SECTOR_INDUSTRIALS,B2,Batch 2 — 2024 to 2026,7,3,4,42.86,1.1571,0.0099,45.16,0.4516,332.54,287.38,8.8035,-5.7307,22.3757,-8.7439,15.7,0,7
FFBC,Financials,SECTOR_FINANCIALS,B2,Batch 2 — 2024 to 2026,9,4,5,44.44,1.1699,0.0096,55.43,0.5543,381.68,326.25,4.0151,-3.7691,6.5089,-6.4191,12.2,0,9
RBB,Financials,SECTOR_FINANCIALS,B2,Batch 2 — 2024 to 2026,12,4,8,33.33,1.0907,0.0094,41.22,0.4122,495.9,454.68,7.2016,-3.3964,10.5564,-4.9922,11.0,0,12
VVV,Consumer Discretionary,SECTOR_CONSUMER_DISCRETIONARY,B2,Batch 2 — 2024 to 2026,11,4,7,36.36,1.0656,0.0079,29.38,0.2938,477.47,448.09,6.4671,-2.6499,11.7356,-8.8229,13.2,1,10
MHO,Consumer Discretionary,SECTOR_CONSUMER_DISCRETIONARY,B2,Batch 2 — 2024 to 2026,8,2,6,25.0,1.0679,0.0059,31.32,0.3132,492.91,461.59,17.4941,-5.1254,30.1512,-6.6712,11.2,0,8
RNST,Financials,SECTOR_FINANCIALS,B2,Batch 2 — 2024 to 2026,12,5,7,41.67,0.9088,0.0053,-37.33,-0.3733,371.94,409.27,4.6095,-3.2276,15.0721,-4.8801,8.4,0,12
EVCM,Technology,SECTOR_TECHNOLOGY,B2,Batch 2 — 2024 to 2026,10,4,6,40.0,1.0191,0.0048,6.43,0.0643,343.91,337.48,5.7804,-3.4644,9.0994,-7.8469,8.2,0,10
SFBS,Financials,SECTOR_FINANCIALS,B2,Batch 2 — 2024 to 2026,9,3,6,33.33,1.046,0.004,17.83,0.1783,405.33,387.5,7.3304,-4.2942,9.4455,-7.0964,10.8,1,8
KLAC,Technology,SECTOR_TECHNOLOGY,B2,Batch 2 — 2024 to 2026,15,8,7,53.33,1.3399,0.0038,129.9,1.299,512.03,382.13,3.9782,-4.5632,11.0739,-12.7132,9.2,0,15
VEL,Financials,SECTOR_FINANCIALS,B2,Batch 2 — 2024 to 2026,8,5,3,62.5,1.0148,0.003,2.82,0.0282,193.26,190.44,1.5753,-5.3318,2.4607,-6.7821,10.1,0,8
ALL,Financials,SECTOR_FINANCIALS,B2,Batch 2 — 2024 to 2026,15,7,8,46.67,1.0552,0.002,19.67,0.1967,375.87,356.2,2.1541,-1.9339,4.9361,-3.9131,9.7,0,15
MOD,Consumer Discretionary,SECTOR_CONSUMER_DISCRETIONARY,B2,Batch 2 — 2024 to 2026,18,8,10,44.44,1.0915,0.0008,67.43,0.6743,804.43,737.0,10.1341,-7.9826,25.3802,-14.2643,8.9,1,17
BGH,Financials,SECTOR_FINANCIALS,B2,Batch 2 — 2024 to 2026,13,6,7,46.15,0.904,0.0006,-36.04,-0.3604,339.21,375.25,1.3471,-0.9934,2.6076,-1.9897,9.6,0,13
MA,Financials,SECTOR_FINANCIALS,B2,Batch 2 — 2024 to 2026,13,6,7,46.15,1.1573,-0.0012,45.52,0.4552,334.83,289.31,1.77,-1.6985,3.2644,-3.925,9.8,0,13
UNTY,Financials,SECTOR_FINANCIALS,B2,Batch 2 — 2024 to 2026,12,5,7,41.67,0.9375,-0.0019,-26.94,-0.2694,403.97,430.91,5.3011,-3.938,11.1207,-7.4747,10.6,0,12
TEX,Industrials,SECTOR_INDUSTRIALS,B2,Batch 2 — 2024 to 2026,10,4,6,40.0,1.0424,-0.002,22.31,0.2231,548.26,525.95,11.0338,-5.932,27.0167,-8.9849,12.4,0,10
EBC,Financials,SECTOR_FINANCIALS,B2,Batch 2 — 2024 to 2026,13,8,5,61.54,0.8347,-0.0021,-59.31,-0.5931,299.6,358.91,2.0488,-3.8354,9.8266,-5.9385,11.4,0,13
WAB,Industrials,SECTOR_INDUSTRIALS,B2,Batch 2 — 2024 to 2026,18,7,11,38.89,1.0141,-0.0035,8.33,0.0833,600.5,592.17,3.0372,-2.2585,8.2975,-4.6135,9.8,0,18
AMP,Financials,SECTOR_FINANCIALS,B2,Batch 2 — 2024 to 2026,12,3,9,25.0,1.0039,-0.0074,1.8,0.018,468.41,466.61,6.3837,-2.2254,12.0653,-4.4901,11.0,0,12
MVBF,Financials,SECTOR_FINANCIALS,B2,Batch 2 — 2024 to 2026,11,4,7,36.36,0.978,-0.0082,-13.14,-0.1314,584.96,598.1,8.9998,-6.0111,17.1852,-8.805,9.7,0,11
IBCP,Financials,SECTOR_FINANCIALS,B2,Batch 2 — 2024 to 2026,10,4,6,40.0,1.0121,-0.0095,4.38,0.0438,367.05,362.67,4.7975,-3.7663,10.1875,-6.2151,9.8,0,10
NFBK,Financials,SECTOR_FINANCIALS,B2,Batch 2 — 2024 to 2026,9,2,7,22.22,0.7686,-0.011,-93.5,-0.935,310.5,404.0,14.0044,-3.4438,22.2104,-7.211,10.1,0,9
NMAI,Financials,SECTOR_FINANCIALS,B2,Batch 2 — 2024 to 2026,13,6,7,46.15,0.8459,-0.0119,-58.23,-0.5823,319.63,377.86,1.595,-1.2193,4.063,-2.4738,8.5,0,13
FFA,Financials,SECTOR_FINANCIALS,B2,Batch 2 — 2024 to 2026,13,6,7,46.15,0.7649,-0.0131,-44.28,-0.4428,144.09,188.37,1.0447,-0.6174,4.1863,-1.0844,10.1,0,13
SG,Consumer Discretionary,SECTOR_CONSUMER_DISCRETIONARY,B2,Batch 2 — 2024 to 2026,10,1,9,10.0,1.0,-0.0134,0.0,0.0,682.5,682.5,51.0846,-8.9507,51.0846,-13.9513,10.0,0,10
RKT,Financials,SECTOR_FINANCIALS,B2,Batch 2 — 2024 to 2026,13,5,8,38.46,0.8511,-0.0135,-71.4,-0.714,408.05,479.45,8.5072,-5.1049,23.6875,-8.7007,10.2,0,13
HBCP,Financials,SECTOR_FINANCIALS,B2,Batch 2 — 2024 to 2026,11,7,4,63.64,0.9696,-0.0138,-9.72,-0.0972,310.35,320.07,2.4729,-4.4173,8.1081,-5.5276,10.9,0,11
ORRF,Financials,SECTOR_FINANCIALS,B2,Batch 2 — 2024 to 2026,9,3,6,33.33,1.0376,-0.0138,13.24,0.1324,365.56,352.32,6.3262,-3.1464,7.7465,-6.2695,9.0,0,9
DK,Energy,SECTOR_ENERGY,B2,Batch 2 — 2024 to 2026,13,6,7,46.15,0.9666,-0.014,-17.06,-0.1706,494.03,511.09,8.5959,-6.0762,21.9638,-9.1151,10.0,0,13
IVZ,Financials,SECTOR_FINANCIALS,B2,Batch 2 — 2024 to 2026,13,7,6,53.85,0.8333,-0.0149,-75.41,-0.7541,376.99,452.4,3.9116,-3.7078,13.7559,-5.421,11.7,0,13
CVLT,Technology,SECTOR_TECHNOLOGY,B2,Batch 2 — 2024 to 2026,13,6,7,46.15,0.946,-0.0152,-28.01,-0.2801,490.5,518.51,4.2117,-4.8655,8.8471,-7.2805,9.5,0,13
ESE,Technology,SECTOR_TECHNOLOGY,B2,Batch 2 — 2024 to 2026,12,6,6,50.0,0.9641,-0.0152,-13.95,-0.1395,375.07,389.02,4.0593,-3.0819,10.9921,-5.2338,10.4,0,12
SXC,Materials,SECTOR_MATERIALS,B2,Batch 2 — 2024 to 2026,7,2,5,28.57,0.861,-0.016,-59.75,-0.5975,370.05,429.8,14.0991,-5.1027,20.8211,-6.6036,16.7,0,7
ZVRA,Healthcare,SECTOR_HEALTHCARE,B2,Batch 2 — 2024 to 2026,12,4,8,33.33,1.0639,-0.0163,22.62,0.2262,376.35,353.73,7.9939,-5.3683,19.8364,-14.3372,8.8,0,12
OBT,Financials,SECTOR_FINANCIALS,B2,Batch 2 — 2024 to 2026,8,2,6,25.0,1.0618,-0.0165,13.1,0.131,225.0,211.9,7.6935,-2.9219,10.4795,-4.7896,11.5,0,8
SHLS,Technology,SECTOR_TECHNOLOGY,B2,Batch 2 — 2024 to 2026,8,3,5,37.5,1.0881,-0.0167,39.81,0.3981,491.71,451.9,24.1169,-12.5216,56.9444,-17.2899,14.6,0,8
LAD,Consumer Discretionary,SECTOR_CONSUMER_DISCRETIONARY,B2,Batch 2 — 2024 to 2026,10,4,6,40.0,0.9428,-0.0174,-18.72,-0.1872,308.82,327.54,5.6062,-3.7082,13.4532,-6.8967,11.8,0,10
SBUX,Consumer Discretionary,SECTOR_CONSUMER_DISCRETIONARY,B2,Batch 2 — 2024 to 2026,10,3,7,30.0,0.9964,-0.0185,-1.62,-0.0162,451.65,453.27,7.1771,-3.3816,14.6561,-5.1915,11.3,1,9
GBCI,Financials,SECTOR_FINANCIALS,B2,Batch 2 — 2024 to 2026,13,5,8,38.46,0.8611,-0.0198,-56.68,-0.5668,351.37,408.05,4.6841,-3.4946,14.28,-6.9387,9.6,0,13
SWKS,Technology,SECTOR_TECHNOLOGY,B2,Batch 2 — 2024 to 2026,6,3,3,50.0,1.014,-0.02,3.52,0.0352,255.39,251.87,7.1019,-5.9431,17.3787,-8.4019,27.5,0,6
UVE,Financials,SECTOR_FINANCIALS,B2,Batch 2 — 2024 to 2026,14,5,9,35.71,1.0038,-0.0213,2.22,0.0222,583.32,581.1,6.2532,-3.6671,12.3924,-6.1861,9.3,0,14
PLUS,Technology,SECTOR_TECHNOLOGY,B2,Batch 2 — 2024 to 2026,8,3,5,37.5,1.0018,-0.0215,0.64,0.0064,360.29,359.65,7.1958,-4.6952,12.1212,-5.944,17.4,0,8
WSFS,Financials,SECTOR_FINANCIALS,B2,Batch 2 — 2024 to 2026,14,5,9,35.71,0.9305,-0.0222,-29.19,-0.2919,390.89,420.08,3.6724,-2.6564,9.3227,-5.1603,8.2,0,14
EXP,Materials,SECTOR_MATERIALS,B2,Batch 2 — 2024 to 2026,13,3,10,23.08,1.0136,-0.0223,9.03,0.0903,673.82,664.79,9.1314,-4.1803,20.5426,-7.0811,10.0,0,13
DCI,Industrials,SECTOR_INDUSTRIALS,B2,Batch 2 — 2024 to 2026,17,5,12,29.41,1.0021,-0.0225,1.4,0.014,677.91,676.51,4.6874,-1.9556,7.7776,-3.6051,9.4,0,17
VCV,Financials,SECTOR_FINANCIALS,B2,Batch 2 — 2024 to 2026,12,4,8,33.33,0.7938,-0.0227,-76.85,-0.7685,295.93,372.78,1.8117,-1.2282,3.6078,-3.1658,10.2,0,12
SCL,Materials,SECTOR_MATERIALS,B2,Batch 2 — 2024 to 2026,5,1,4,20.0,1.0371,-0.0229,16.44,0.1644,459.67,443.23,22.7835,-6.2714,22.7835,-8.9542,23.4,0,5
PEGA,Technology,SECTOR_TECHNOLOGY,B2,Batch 2 — 2024 to 2026,15,5,10,33.33,0.858,-0.0244,-66.7,-0.667,403.01,469.71,6.113,-3.0608,10.7102,-6.1174,10.0,0,15
NQP,Financials,SECTOR_FINANCIALS,B2,Batch 2 — 2024 to 2026,12,2,10,16.67,0.8451,-0.025,-101.01,-1.0101,551.13,652.14,5.2639,-1.0569,8.6331,-2.2314,10.7,0,12
FMNB,Financials,SECTOR_FINANCIALS,B2,Batch 2 — 2024 to 2026,7,3,4,42.86,1.068,-0.0252,15.24,0.1524,239.38,224.14,3.6061,-3.3681,8.7087,-5.7682,10.4,0,7
BATRA,Communication Services,SECTOR_COMMUNICATION_SERVICES,B2,Batch 2 — 2024 to 2026,8,2,6,25.0,0.9175,-0.0258,-24.79,-0.2479,275.62,300.41,4.8487,-1.8911,5.6114,-2.4158,9.6,0,8
STEW,Financials,SECTOR_FINANCIALS,B2,Batch 2 — 2024 to 2026,17,8,9,47.06,0.8832,-0.0269,-67.52,-0.6752,510.51,578.03,1.3989,-1.4085,3.5311,-2.7217,9.2,0,17
TAP,Consumer Staples,SECTOR_CONSUMER_STAPLES,B2,Batch 2 — 2024 to 2026,9,2,7,22.22,1.0501,-0.0288,23.08,0.2308,483.32,460.24,10.093,-3.4386,14.9572,-5.3176,8.2,0,9
MUC,Financials,SECTOR_FINANCIALS,B2,Batch 2 — 2024 to 2026,11,4,7,36.36,0.8397,-0.029,-50.97,-0.5097,267.03,318.0,1.2039,-0.8397,2.2901,-1.8389,8.0,0,11
ALG,Industrials,SECTOR_INDUSTRIALS,B2,Batch 2 — 2024 to 2026,11,5,6,45.45,0.9841,-0.029,-5.73,-0.0573,354.19,359.92,3.7873,-3.268,8.193,-5.7082,10.1,0,11
INDI,Technology,SECTOR_TECHNOLOGY,B2,Batch 2 — 2024 to 2026,8,2,6,25.0,1.0277,-0.0311,11.86,0.1186,440.13,428.27,30.9096,-8.809,52.3404,-12.092,11.4,1,7
MSBI,Financials,SECTOR_FINANCIALS,B2,Batch 2 — 2024 to 2026,7,1,6,14.29,0.7433,-0.0316,-156.71,-1.5671,453.72,610.43,35.6631,-5.8633,35.6631,-7.3276,17.0,0,7
VHI,Materials,SECTOR_MATERIALS,B2,Batch 2 — 2024 to 2026,9,4,5,44.44,0.8264,-0.0329,-71.95,-0.7195,342.6,414.55,10.0755,-8.3202,29.2492,-10.8693,11.4,0,9
SBSI,Financials,SECTOR_FINANCIALS,B2,Batch 2 — 2024 to 2026,9,2,7,22.22,1.0846,-0.0341,36.89,0.3689,472.85,435.96,9.9895,-3.3631,9.9965,-5.0027,9.8,0,9
PFBC,Financials,SECTOR_FINANCIALS,B2,Batch 2 — 2024 to 2026,9,5,4,55.56,0.5675,-0.0345,-52.39,-0.5239,68.73,121.12,0.8163,-1.4373,3.3671,-2.9369,9.7,0,9
TCBI,Financials,SECTOR_FINANCIALS,B2,Batch 2 — 2024 to 2026,12,6,6,50.0,0.8264,-0.0358,-38.56,-0.3856,183.61,222.17,1.6069,-2.1438,4.5586,-6.4596,8.5,0,12
NBHC,Financials,SECTOR_FINANCIALS,B2,Batch 2 — 2024 to 2026,12,4,8,33.33,0.91,-0.0362,-56.36,-0.5636,569.76,626.12,6.4829,-3.8387,12.7069,-6.2866,12.0,1,11
HOV,Consumer Discretionary,SECTOR_CONSUMER_DISCRETIONARY,B2,Batch 2 — 2024 to 2026,7,3,4,42.86,0.8676,-0.0365,-44.7,-0.447,292.91,337.61,10.8988,-8.5942,17.0908,-10.6418,12.3,0,7
CNOB,Financials,SECTOR_FINANCIALS,B2,Batch 2 — 2024 to 2026,12,5,7,41.67,1.0304,-0.0401,12.7,0.127,430.55,417.85,4.9648,-3.97,7.734,-6.3984,9.6,0,12
NAN,Financials,SECTOR_FINANCIALS,B2,Batch 2 — 2024 to 2026,10,3,7,30.0,0.9018,-0.0403,-37.38,-0.3738,343.24,380.62,1.7991,-1.0898,3.2907,-2.0517,12.0,0,10
WGS,Healthcare,SECTOR_HEALTHCARE,B2,Batch 2 — 2024 to 2026,13,4,9,30.77,0.893,-0.041,-52.55,-0.5255,438.55,491.1,16.3349,-8.7667,27.0667,-22.296,10.3,0,13
COFS,Financials,SECTOR_FINANCIALS,B2,Batch 2 — 2024 to 2026,8,3,5,37.5,0.8727,-0.0418,-39.99,-0.3999,274.21,314.2,5.7751,-5.0467,8.7912,-7.9487,20.9,0,8
PSTG,Technology,SECTOR_TECHNOLOGY,B2,Batch 2 — 2024 to 2026,14,6,8,42.86,0.8756,-0.0428,-55.77,-0.5577,392.56,448.33,5.1915,-3.7798,12.0879,-7.9167,8.4,1,13
GGG,Industrials,SECTOR_INDUSTRIALS,B2,Batch 2 — 2024 to 2026,11,5,6,45.45,0.9033,-0.0437,-33.19,-0.3319,310.08,343.27,2.1556,-2.0423,5.5295,-3.9168,10.3,0,11
ENTA,Healthcare,SECTOR_HEALTHCARE,B2,Batch 2 — 2024 to 2026,7,3,4,42.86,1.0157,-0.0449,7.82,0.0782,504.9,497.08,18.8889,-17.7201,35.0932,-31.7879,47.7,0,7
PENG,Technology,SECTOR_TECHNOLOGY,B2,Batch 2 — 2024 to 2026,11,6,5,54.55,0.9352,-0.0467,-45.65,-0.4565,659.28,704.93,8.392,-9.7811,13.435,-25.5369,15.7,1,10
PTA,Financials,SECTOR_FINANCIALS,B2,Batch 2 — 2024 to 2026,14,7,7,50.0,0.7227,-0.0469,-92.95,-0.9295,242.26,335.21,0.9032,-1.142,2.1649,-1.9989,10.2,0,14
PEN,Healthcare,SECTOR_HEALTHCARE,B2,Batch 2 — 2024 to 2026,13,6,7,46.15,0.9325,-0.0475,-31.48,-0.3148,435.03,466.51,5.8074,-4.5147,22.9522,-6.1459,12.7,0,13
XERS,Healthcare,SECTOR_HEALTHCARE,B2,Batch 2 — 2024 to 2026,14,2,12,14.29,0.8462,-0.048,-109.59,-1.0959,603.17,712.76,30.0146,-5.5322,37.6991,-10.9827,9.6,0,14
T,Communication Services,SECTOR_COMMUNICATION_SERVICES,B2,Batch 2 — 2024 to 2026,16,5,11,31.25,0.815,-0.0486,-100.08,-1.0008,440.95,541.03,3.4679,-1.9025,8.3541,-4.4949,7.2,0,16
BATRK,Communication Services,SECTOR_COMMUNICATION_SERVICES,B2,Batch 2 — 2024 to 2026,10,3,7,30.0,0.9047,-0.0486,-31.71,-0.3171,301.17,332.88,3.6165,-1.8937,6.8468,-3.8338,11.0,0,10
TSBK,Financials,SECTOR_FINANCIALS,B2,Batch 2 — 2024 to 2026,13,5,8,38.46,0.8964,-0.0493,-52.86,-0.5286,457.23,510.09,4.7556,-3.3418,8.2231,-5.0785,5.9,0,13
HTGC,Financials,SECTOR_FINANCIALS,B2,Batch 2 — 2024 to 2026,11,6,5,54.55,0.8006,-0.0503,-87.51,-0.8751,351.37,438.88,2.0669,-2.8141,5.3846,-4.7356,11.3,0,11
BCPC,Materials,SECTOR_MATERIALS,B2,Batch 2 — 2024 to 2026,10,4,6,40.0,0.8866,-0.0518,-44.79,-0.4479,350.01,394.8,3.811,-3.0708,7.2788,-4.4741,9.4,0,10
RF,Financials,SECTOR_FINANCIALS,B2,Batch 2 — 2024 to 2026,14,5,9,35.71,0.7169,-0.0518,-111.26,-1.1126,281.69,392.95,3.4893,-1.972,8.4343,-4.9881,11.4,0,14
ARES,Financials,SECTOR_FINANCIALS,B2,Batch 2 — 2024 to 2026,16,6,10,37.5,0.8826,-0.0526,-62.42,-0.6242,469.21,531.63,4.4597,-2.8765,8.7883,-5.8203,8.4,0,16
SSD,Materials,SECTOR_MATERIALS,B2,Batch 2 — 2024 to 2026,9,3,6,33.33,0.9104,-0.0539,-44.54,-0.4454,452.78,497.32,9.096,-5.0769,14.3692,-6.777,11.7,0,9
ALGT,Industrials,SECTOR_INDUSTRIALS,B2,Batch 2 — 2024 to 2026,11,3,8,27.27,0.8923,-0.0558,-45.84,-0.4584,379.76,425.6,14.2479,-5.9901,31.1807,-13.6569,15.3,1,10
GSBC,Financials,SECTOR_FINANCIALS,B2,Batch 2 — 2024 to 2026,10,4,6,40.0,0.9594,-0.0558,-19.1,-0.191,451.58,470.68,5.6486,-4.5564,8.8742,-6.6748,8.6,0,10
WAFD,Financials,SECTOR_FINANCIALS,B2,Batch 2 — 2024 to 2026,9,2,7,22.22,0.9664,-0.0577,-14.54,-0.1454,417.79,432.33,9.5859,-3.4785,10.4139,-6.2369,11.0,0,9
PLBC,Financials,SECTOR_FINANCIALS,B2,Batch 2 — 2024 to 2026,9,4,5,44.44,0.7888,-0.0601,-70.78,-0.7078,264.4,335.18,3.7902,-3.517,5.85,-5.3388,15.1,0,9
ABCB,Financials,SECTOR_FINANCIALS,B2,Batch 2 — 2024 to 2026,13,5,8,38.46,0.8493,-0.0601,-63.27,-0.6327,356.45,419.72,3.7597,-2.7113,6.2533,-5.194,10.1,0,13
WTS,Industrials,SECTOR_INDUSTRIALS,B2,Batch 2 — 2024 to 2026,15,5,10,33.33,0.8173,-0.0607,-106.51,-1.0651,476.43,582.94,5.0805,-2.6382,12.6399,-4.2981,8.3,0,15
PRCH,Technology,SECTOR_TECHNOLOGY,B2,Batch 2 — 2024 to 2026,15,2,13,13.33,0.8946,-0.062,-87.17,-0.8717,740.23,827.4,66.557,-9.9974,131.0185,-17.0216,8.5,1,14
CCNE,Financials,SECTOR_FINANCIALS,B2,Batch 2 — 2024 to 2026,11,4,7,36.36,0.908,-0.063,-44.04,-0.4404,434.77,478.81,6.1743,-3.6529,7.1,-6.7089,10.1,0,11
IDYA,Healthcare,SECTOR_HEALTHCARE,B2,Batch 2 — 2024 to 2026,8,2,6,25.0,0.9548,-0.063,-24.0,-0.24,506.59,530.59,25.4533,-8.2112,27.9318,-13.1094,16.6,1,7
CADE,Financials,SECTOR_FINANCIALS,B2,Batch 2 — 2024 to 2026,13,4,9,30.77,0.8282,-0.066,-80.91,-0.8091,389.93,470.84,6.6569,-2.8665,15.1292,-4.7336,10.3,0,13
AROW,Financials,SECTOR_FINANCIALS,B2,Batch 2 — 2024 to 2026,11,6,5,54.55,0.7246,-0.0672,-64.36,-0.6436,169.3,233.66,1.6069,-2.6367,2.9057,-5.5399,11.6,0,11
QCRH,Financials,SECTOR_FINANCIALS,B2,Batch 2 — 2024 to 2026,13,4,9,30.77,0.949,-0.0678,-29.75,-0.2975,553.25,583.0,6.2773,-3.5656,12.4711,-6.0504,9.2,0,13
PNNT,Financials,SECTOR_FINANCIALS,B2,Batch 2 — 2024 to 2026,9,3,6,33.33,0.6876,-0.0678,-108.76,-1.0876,239.39,348.15,4.5505,-1.635,10.8067,-3.0265,11.7,1,8
FAF,Financials,SECTOR_FINANCIALS,B2,Batch 2 — 2024 to 2026,11,4,7,36.36,0.8597,-0.0691,-56.14,-0.5614,343.97,400.11,3.4272,-2.548,5.9572,-4.561,10.3,0,11
GLAD,Financials,SECTOR_FINANCIALS,B2,Batch 2 — 2024 to 2026,13,6,7,46.15,0.7938,-0.0721,-86.75,-0.8675,333.95,420.7,1.7087,-2.1841,3.125,-3.1099,11.2,0,13
ARQT,Healthcare,SECTOR_HEALTHCARE,B2,Batch 2 — 2024 to 2026,13,6,7,46.15,0.8156,-0.0722,-73.51,-0.7351,325.13,398.64,6.5465,-7.0575,10.117,-14.7188,9.8,0,13
PLSE,Healthcare,SECTOR_HEALTHCARE,B2,Batch 2 — 2024 to 2026,11,3,8,27.27,0.87,-0.0743,-59.23,-0.5923,396.26,455.49,18.5414,-6.6473,43.9907,-9.7131,8.0,0,11
MCHB,Financials,SECTOR_FINANCIALS,B2,Batch 2 — 2024 to 2026,9,3,6,33.33,0.7105,-0.0751,-84.59,-0.8459,207.61,292.2,9.109,-4.3204,23.9815,-9.1837,8.9,0,9
ZBRA,Technology,SECTOR_TECHNOLOGY,B2,Batch 2 — 2024 to 2026,14,6,8,42.86,0.7936,-0.0756,-111.18,-1.1118,427.48,538.66,5.3222,-3.9316,20.0022,-7.8435,11.7,1,13
NNI,Financials,SECTOR_FINANCIALS,B2,Batch 2 — 2024 to 2026,14,6,8,42.86,0.7527,-0.0772,-165.72,-1.6572,504.38,670.1,3.07,-3.1729,10.4702,-9.4635,8.1,0,14
EVER,Communication Services,SECTOR_COMMUNICATION_SERVICES,B2,Batch 2 — 2024 to 2026,11,4,7,36.36,0.8528,-0.0773,-52.92,-0.5292,306.47,359.39,7.3338,-5.1838,16.9343,-11.1817,9.4,0,11
CDRE,Industrials,SECTOR_INDUSTRIALS,B2,Batch 2 — 2024 to 2026,13,4,9,30.77,0.8747,-0.0796,-92.83,-0.9283,647.92,740.75,9.438,-5.0484,29.9063,-9.2443,9.5,0,13
CVI,Energy,SECTOR_ENERGY,B2,Batch 2 — 2024 to 2026,12,5,7,41.67,0.7544,-0.0797,-118.61,-1.1861,364.25,482.86,5.7463,-4.7431,9.262,-7.5357,9.0,0,12
ABNB,Consumer Discretionary,SECTOR_CONSUMER_DISCRETIONARY,B2,Batch 2 — 2024 to 2026,12,4,8,33.33,0.8466,-0.0801,-67.95,-0.6795,374.98,442.93,5.9506,-3.1232,7.9509,-6.483,9.8,0,12
VICR,Technology,SECTOR_TECHNOLOGY,B2,Batch 2 — 2024 to 2026,16,2,14,12.5,0.9858,-0.0813,-16.14,-0.1614,1121.19,1137.33,52.4208,-7.4514,57.1552,-16.2378,6.5,0,16
MHN,Financials,SECTOR_FINANCIALS,B2,Batch 2 — 2024 to 2026,11,4,7,36.36,0.7428,-0.0816,-104.99,-1.0499,303.21,408.2,1.3571,-1.098,2.1148,-1.7284,8.2,0,11
FROG,Technology,SECTOR_TECHNOLOGY,B2,Batch 2 — 2024 to 2026,11,3,8,27.27,0.8276,-0.0826,-91.65,-0.9165,439.9,531.55,13.293,-5.5833,26.0294,-10.064,13.9,0,11
HYLN,Consumer Discretionary,SECTOR_CONSUMER_DISCRETIONARY,B2,Batch 2 — 2024 to 2026,10,4,6,40.0,0.786,-0.0831,-73.52,-0.7352,270.01,343.53,8.3076,-7.4627,13.3333,-13.4716,9.8,1,9
PZZA,Consumer Discretionary,SECTOR_CONSUMER_DISCRETIONARY,B2,Batch 2 — 2024 to 2026,5,2,3,40.0,0.9259,-0.0846,-15.99,-0.1599,199.68,215.67,9.2348,-6.5167,18.1731,-8.6528,33.6,0,5
THFF,Financials,SECTOR_FINANCIALS,B2,Batch 2 — 2024 to 2026,12,5,7,41.67,0.8019,-0.0848,-98.51,-0.9851,398.85,497.36,4.2412,-3.5669,6.5894,-5.1571,9.9,0,12
MASI,Healthcare,SECTOR_HEALTHCARE,B2,Batch 2 — 2024 to 2026,10,3,7,30.0,0.7,-0.0853,-169.03,-1.6903,394.36,563.39,10.0797,-5.6743,14.6716,-8.0903,10.2,0,10
TGTX,Healthcare,SECTOR_HEALTHCARE,B2,Batch 2 — 2024 to 2026,10,4,6,40.0,0.7269,-0.0862,-139.34,-1.3934,370.86,510.2,10.9969,-8.6942,22.2344,-10.9871,8.6,0,10
TALK,Healthcare,SECTOR_HEALTHCARE,B2,Batch 2 — 2024 to 2026,11,4,7,36.36,0.7383,-0.0863,-84.52,-0.8452,238.39,322.91,6.4854,-5.1817,23.5714,-12.41,12.7,0,11
TILE,Consumer Discretionary,SECTOR_CONSUMER_DISCRETIONARY,B2,Batch 2 — 2024 to 2026,16,6,10,37.5,0.7536,-0.088,-153.88,-1.5388,470.68,624.56,5.5758,-4.0364,12.2098,-8.3095,8.4,0,16
SHOO,Consumer Discretionary,SECTOR_CONSUMER_DISCRETIONARY,B2,Batch 2 — 2024 to 2026,12,4,8,33.33,0.8107,-0.089,-109.75,-1.0975,470.15,579.9,7.8914,-5.563,16.8421,-15.4522,10.3,0,12
GXO,Industrials,SECTOR_INDUSTRIALS,B2,Batch 2 — 2024 to 2026,11,4,7,36.36,0.8691,-0.0898,-70.67,-0.7067,469.01,539.68,8.7277,-4.1065,28.311,-5.3725,10.9,0,11
MBIN,Financials,SECTOR_FINANCIALS,B2,Batch 2 — 2024 to 2026,10,5,5,50.0,0.8604,-0.0907,-47.1,-0.471,290.28,337.38,3.4057,-4.8327,5.0101,-6.2493,9.2,0,10
CMCO,Industrials,SECTOR_INDUSTRIALS,B2,Batch 2 — 2024 to 2026,11,3,8,27.27,0.9175,-0.0915,-46.93,-0.4693,522.24,569.17,11.2383,-5.3167,23.8543,-10.8455,12.6,1,10
FOUR,Technology,SECTOR_TECHNOLOGY,B2,Batch 2 — 2024 to 2026,11,6,5,54.55,0.8074,-0.0917,-80.97,-0.8097,339.44,420.41,3.8097,-7.1292,7.419,-9.5652,10.8,0,11
PEBO,Financials,SECTOR_FINANCIALS,B2,Batch 2 — 2024 to 2026,11,4,7,36.36,0.8026,-0.092,-80.42,-0.8042,326.97,407.39,3.9608,-2.7369,6.2351,-3.8553,11.8,0,11
THW,Financials,SECTOR_FINANCIALS,B2,Batch 2 — 2024 to 2026,12,3,9,25.0,0.867,-0.092,-78.26,-0.7826,510.16,588.42,5.2508,-1.991,9.5853,-3.2081,11.2,1,11
CWH,Consumer Discretionary,SECTOR_CONSUMER_DISCRETIONARY,B2,Batch 2 — 2024 to 2026,6,2,4,33.33,0.7861,-0.0926,-61.13,-0.6113,224.6,285.73,10.3138,-6.5096,12.9281,-11.9723,17.7,1,5
DOCS,Healthcare,SECTOR_HEALTHCARE,B2,Batch 2 — 2024 to 2026,12,4,8,33.33,0.8356,-0.0955,-115.48,-1.1548,586.83,702.31,9.8557,-6.9524,22.2693,-20.541,9.8,0,12
PRK,Financials,SECTOR_FINANCIALS,B2,Batch 2 — 2024 to 2026,12,4,8,33.33,0.6373,-0.0955,-188.84,-1.8884,331.84,520.68,4.9124,-3.6038,15.6177,-7.7599,7.4,0,12
ROKU,Communication Services,SECTOR_COMMUNICATION_SERVICES,B2,Batch 2 — 2024 to 2026,12,4,8,33.33,0.8665,-0.0957,-61.47,-0.6147,399.0,460.47,9.3262,-5.2353,17.2326,-9.9324,9.8,0,12
TWST,Healthcare,SECTOR_HEALTHCARE,B2,Batch 2 — 2024 to 2026,10,3,7,30.0,0.6473,-0.0962,-122.45,-1.2245,224.76,347.21,11.5512,-5.6768,26.54,-13.293,15.8,0,10
TREX,Industrials,SECTOR_INDUSTRIALS,B2,Batch 2 — 2024 to 2026,9,4,5,44.44,0.7579,-0.0967,-119.67,-1.1967,374.67,494.34,6.7859,-6.7694,9.7714,-8.9882,14.2,1,8
NIC,Financials,SECTOR_FINANCIALS,B2,Batch 2 — 2024 to 2026,15,5,10,33.33,0.8146,-0.0973,-99.41,-0.9941,436.81,536.22,4.2757,-2.8648,10.0883,-4.9153,9.1,0,15
BRO,Financials,SECTOR_FINANCIALS,B2,Batch 2 — 2024 to 2026,11,5,6,45.45,0.8486,-0.0975,-80.4,-0.804,450.8,531.2,2.8315,-3.0807,7.0765,-4.3737,10.1,1,10
BGC,Financials,SECTOR_FINANCIALS,B2,Batch 2 — 2024 to 2026,12,4,8,33.33,0.7374,-0.0976,-139.51,-1.3951,391.67,531.18,6.2221,-3.9342,11.1758,-7.0435,7.6,0,12
MTD,Healthcare,SECTOR_HEALTHCARE,B2,Batch 2 — 2024 to 2026,11,4,7,36.36,0.6784,-0.0986,-90.26,-0.9026,190.36,280.62,3.8179,-2.7679,5.4599,-4.9686,13.4,0,11
PRG,Industrials,SECTOR_INDUSTRIALS,B2,Batch 2 — 2024 to 2026,11,2,9,18.18,0.8294,-0.0987,-85.99,-0.8599,417.98,503.97,15.7029,-3.6413,24.0628,-6.5355,14.9,1,10
CNS,Financials,SECTOR_FINANCIALS,B2,Batch 2 — 2024 to 2026,7,3,4,42.86,1.0751,-0.0994,17.51,0.1751,250.52,233.01,3.7612,-4.1943,5.1366,-6.7688,13.9,0,7
GKOS,Healthcare,SECTOR_HEALTHCARE,B2,Batch 2 — 2024 to 2026,15,7,8,46.67,0.6829,-0.0995,-128.67,-1.2867,277.11,405.78,3.7016,-3.6238,10.5686,-6.8058,8.1,0,15
ARHS,Consumer Discretionary,SECTOR_CONSUMER_DISCRETIONARY,B2,Batch 2 — 2024 to 2026,9,4,5,44.44,0.6952,-0.0999,-103.27,-1.0327,235.51,338.78,5.4953,-6.8904,10.6707,-10.6776,12.0,0,9
RLAY,Healthcare,SECTOR_HEALTHCARE,B2,Batch 2 — 2024 to 2026,7,1,6,14.29,0.9463,-0.1014,-35.38,-0.3538,623.45,658.83,108.7097,-15.5721,108.7097,-32.0,23.6,1,6
ODFL,Industrials,SECTOR_INDUSTRIALS,B2,Batch 2 — 2024 to 2026,8,4,4,50.0,0.9163,-0.1021,-24.44,-0.2444,267.62,292.06,3.6087,-5.3327,4.8841,-9.2578,10.4,0,8
SRCE,Financials,SECTOR_FINANCIALS,B2,Batch 2 — 2024 to 2026,11,5,6,45.45,0.6465,-0.1028,-111.14,-1.1114,203.25,314.39,2.0126,-2.6272,4.2509,-4.9407,9.8,0,11
ISRG,Healthcare,SECTOR_HEALTHCARE,B2,Batch 2 — 2024 to 2026,13,5,8,38.46,0.7861,-0.1041,-93.75,-0.9375,344.47,438.22,3.8186,-2.8208,9.9578,-4.8024,10.4,0,13
AGM,Financials,SECTOR_FINANCIALS,B2,Batch 2 — 2024 to 2026,12,2,10,16.67,0.7977,-0.1055,-104.81,-1.0481,413.29,518.1,10.912,-3.0705,14.6182,-6.2598,10.5,0,12
MYN,Financials,SECTOR_FINANCIALS,B2,Batch 2 — 2024 to 2026,14,6,8,42.86,0.5221,-0.1066,-162.02,-1.6202,177.04,339.06,0.648,-0.7307,1.7617,-1.6259,7.5,0,14
NATH,Consumer Discretionary,SECTOR_CONSUMER_DISCRETIONARY,B2,Batch 2 — 2024 to 2026,15,6,9,40.0,0.7129,-0.1083,-176.56,-1.7656,438.47,615.03,4.4831,-3.2797,16.3195,-5.986,8.3,0,15
BOKF,Financials,SECTOR_FINANCIALS,B2,Batch 2 — 2024 to 2026,15,6,9,40.0,0.7915,-0.1086,-112.6,-1.126,427.56,540.16,3.5355,-3.2532,8.1309,-6.255,8.7,0,15
ETB,Financials,SECTOR_FINANCIALS,B2,Batch 2 — 2024 to 2026,13,4,9,30.77,0.6198,-0.1117,-152.36,-1.5236,248.34,400.7,2.1051,-0.9521,5.8437,-1.9753,12.0,0,13
MRTN,Industrials,SECTOR_INDUSTRIALS,B2,Batch 2 — 2024 to 2026,5,1,4,20.0,0.867,-0.1133,-54.36,-0.5436,354.22,408.58,19.0979,-5.4919,19.0979,-7.0166,14.2,0,5
DD,Materials,SECTOR_MATERIALS,B2,Batch 2 — 2024 to 2026,15,7,8,46.67,0.7134,-0.1139,-149.85,-1.4985,372.94,522.79,2.293,-3.0758,7.9988,-7.2768,8.7,0,15
RXRX,Healthcare,SECTOR_HEALTHCARE,B2,Batch 2 — 2024 to 2026,8,3,5,37.5,0.8338,-0.1153,-55.18,-0.5518,276.86,332.04,12.5193,-9.7011,15.3753,-15.0814,6.6,0,8
INGR,Consumer Staples,SECTOR_CONSUMER_STAPLES,B2,Batch 2 — 2024 to 2026,11,5,6,45.45,0.6601,-0.1169,-156.37,-1.5637,303.73,460.1,2.5788,-3.0402,5.5196,-4.2659,9.9,1,10
AFRM,Financials,SECTOR_FINANCIALS,B2,Batch 2 — 2024 to 2026,13,4,9,30.77,0.8639,-0.1181,-66.4,-0.664,421.65,488.05,12.5442,-6.9244,21.0347,-12.9403,8.0,0,13
PDT,Financials,SECTOR_FINANCIALS,B2,Batch 2 — 2024 to 2026,11,3,8,27.27,0.5311,-0.1194,-132.3,-1.323,149.83,282.13,1.542,-0.9056,2.769,-2.4639,8.5,0,11
BANF,Financials,SECTOR_FINANCIALS,B2,Batch 2 — 2024 to 2026,10,4,6,40.0,0.7883,-0.1208,-96.27,-0.9627,358.45,454.72,4.2715,-4.193,9.2366,-5.8249,9.6,0,10
HUBG,Industrials,SECTOR_INDUSTRIALS,B2,Batch 2 — 2024 to 2026,9,3,6,33.33,0.7839,-0.1228,-93.43,-0.9343,339.0,432.43,6.6959,-4.0991,13.6137,-6.2312,12.2,0,9
VMD,Healthcare,SECTOR_HEALTHCARE,B2,Batch 2 — 2024 to 2026,8,2,6,25.0,0.795,-0.1231,-85.0,-0.85,329.7,414.7,11.4019,-4.9158,19.9468,-7.3696,12.2,0,8
LNKB,Financials,SECTOR_FINANCIALS,B2,Batch 2 — 2024 to 2026,8,3,5,37.5,0.7653,-0.1243,-73.88,-0.7388,240.92,314.8,4.8694,-4.1016,7.1104,-7.4437,7.4,0,8
HBNC,Financials,SECTOR_FINANCIALS,B2,Batch 2 — 2024 to 2026,12,4,8,33.33,0.7535,-0.13,-141.59,-1.4159,432.78,574.37,6.4541,-4.2864,13.2216,-6.4061,9.0,0,12
FRME,Financials,SECTOR_FINANCIALS,B2,Batch 2 — 2024 to 2026,10,3,7,30.0,0.7289,-0.1305,-92.73,-0.9273,249.38,342.11,3.6644,-2.8578,6.6686,-6.6886,12.3,1,9
CDZI,Utilities,SECTOR_UTILITIES,B2,Batch 2 — 2024 to 2026,12,4,8,33.33,0.7413,-0.1306,-110.23,-1.1023,315.94,426.17,6.63,-6.7284,12.2137,-12.9221,9.1,1,11
CHD,Consumer Staples,SECTOR_CONSUMER_STAPLES,B2,Batch 2 — 2024 to 2026,11,4,7,36.36,0.7873,-0.1318,-111.72,-1.1172,413.53,525.25,3.6264,-2.5496,9.2757,-4.0249,8.7,0,11
PPG,Materials,SECTOR_MATERIALS,B2,Batch 2 — 2024 to 2026,8,2,6,25.0,0.7946,-0.1323,-97.85,-0.9785,378.6,476.45,8.886,-2.6473,11.1659,-4.1425,11.1,0,8
MKTX,Financials,SECTOR_FINANCIALS,B2,Batch 2 — 2024 to 2026,8,3,5,37.5,1.0201,-0.1329,8.02,0.0802,406.81,398.79,6.5328,-5.2869,10.6656,-5.65,21.2,0,8
PCOR,Technology,SECTOR_TECHNOLOGY,B2,Batch 2 — 2024 to 2026,13,5,8,38.46,0.7998,-0.1329,-93.02,-0.9302,371.64,464.66,5.0313,-4.2654,9.6508,-7.0382,9.9,0,13
RDN,Financials,SECTOR_FINANCIALS,B2,Batch 2 — 2024 to 2026,12,2,10,16.67,0.686,-0.1336,-161.12,-1.6112,352.04,513.16,6.6313,-2.2046,8.5245,-5.116,8.2,0,12
GDV,Financials,SECTOR_FINANCIALS,B2,Batch 2 — 2024 to 2026,14,5,9,35.71,0.4397,-0.1357,-241.3,-2.413,189.39,430.69,1.3597,-1.0184,3.4888,-2.3506,10.1,0,14
GPI,Consumer Discretionary,SECTOR_CONSUMER_DISCRETIONARY,B2,Batch 2 — 2024 to 2026,14,5,9,35.71,0.4691,-0.1363,-200.98,-2.0098,177.57,378.55,2.7213,-2.3738,5.4343,-5.2722,9.5,0,14
MANH,Technology,SECTOR_TECHNOLOGY,B2,Batch 2 — 2024 to 2026,10,5,5,50.0,0.9839,-0.1394,-9.06,-0.0906,551.96,561.02,5.4705,-7.9707,10.0633,-21.3444,10.5,0,10
OZK,Financials,SECTOR_FINANCIALS,B2,Batch 2 — 2024 to 2026,13,4,9,30.77,0.4852,-0.1415,-244.85,-2.4485,230.79,475.64,3.4234,-2.8496,7.48,-6.0425,10.2,1,12
REVG,Industrials,SECTOR_INDUSTRIALS,B2,Batch 2 — 2024 to 2026,22,8,14,36.36,0.8076,-0.1419,-240.39,-2.4039,1009.03,1249.42,7.9447,-6.7201,17.0554,-26.3804,7.9,0,22
MLKN,Consumer Discretionary,SECTOR_CONSUMER_DISCRETIONARY,B2,Batch 2 — 2024 to 2026,10,3,7,30.0,0.6982,-0.1425,-151.03,-1.5103,349.32,500.35,7.5742,-4.5011,15.5515,-13.4381,12.5,0,10
WRLD,Financials,SECTOR_FINANCIALS,B2,Batch 2 — 2024 to 2026,14,3,11,21.43,0.7666,-0.1434,-155.55,-1.5555,510.95,666.5,10.2033,-4.8622,22.0165,-9.309,7.9,0,14
ASB,Financials,SECTOR_FINANCIALS,B2,Batch 2 — 2024 to 2026,10,4,6,40.0,0.6404,-0.1448,-122.67,-1.2267,218.49,341.16,2.3739,-3.1501,6.5197,-5.3662,7.3,0,10
CALY,Consumer Discretionary,SECTOR_CONSUMER_DISCRETIONARY,B2,Batch 2 — 2024 to 2026,7,2,5,28.57,0.679,-0.1464,-104.07,-1.0407,220.13,324.2,11.9073,-6.365,12.0427,-9.662,11.0,0,7
CRWD,Technology,SECTOR_TECHNOLOGY,B2,Batch 2 — 2024 to 2026,18,5,13,27.78,0.636,-0.1468,-241.3,-2.413,421.58,662.88,6.7251,-3.9263,13.8133,-10.6343,8.6,0,18
OGN,Healthcare,SECTOR_HEALTHCARE,B2,Batch 2 — 2024 to 2026,7,2,5,28.57,0.7759,-0.1486,-81.11,-0.8111,280.89,362.0,8.216,-5.1232,11.518,-7.4696,12.4,0,7
ARDC,Financials,SECTOR_FINANCIALS,B2,Batch 2 — 2024 to 2026,9,4,5,44.44,0.5193,-0.15,-118.77,-1.1877,128.32,247.09,1.1301,-1.0768,3.8544,-2.1809,14.7,0,9
BBIO,Healthcare,SECTOR_HEALTHCARE,B2,Batch 2 — 2024 to 2026,17,4,13,23.53,0.5715,-0.1503,-244.1,-2.441,325.59,569.69,6.6829,-3.8055,20.4886,-9.8702,8.3,0,17
PLAB,Technology,SECTOR_TECHNOLOGY,B2,Batch 2 — 2024 to 2026,10,2,8,20.0,0.8775,-0.1504,-98.22,-0.9822,703.58,801.8,24.9677,-8.2802,38.4359,-12.7115,9.6,0,10
GAP,Consumer Discretionary,SECTOR_CONSUMER_DISCRETIONARY,B2,Batch 2 — 2024 to 2026,10,2,8,20.0,0.6548,-0.1528,-173.21,-1.7321,328.5,501.71,14.3003,-5.5981,21.4777,-10.5788,11.6,0,10
SYK,Healthcare,SECTOR_HEALTHCARE,B2,Batch 2 — 2024 to 2026,12,7,5,58.33,0.6276,-0.154,-166.58,-1.6658,280.78,447.36,1.6662,-3.4912,4.1529,-7.1753,10.7,0,12
SGI,Consumer Discretionary,SECTOR_CONSUMER_DISCRETIONARY,B2,Batch 2 — 2024 to 2026,14,4,10,28.57,0.7166,-0.1542,-191.09,-1.9109,483.08,674.17,5.7949,-3.6731,9.944,-5.4422,7.9,0,14
AAL,Industrials,SECTOR_INDUSTRIALS,B2,Batch 2 — 2024 to 2026,13,3,10,23.08,0.6483,-0.1552,-251.88,-2.5188,464.38,716.26,12.4012,-5.5709,23.0989,-12.3195,12.4,1,12
PANL,Industrials,SECTOR_INDUSTRIALS,B2,Batch 2 — 2024 to 2026,10,4,6,40.0,0.7197,-0.1564,-156.28,-1.5628,401.23,557.51,6.7244,-6.7793,17.0772,-8.218,11.1,0,10
NCLH,Consumer Discretionary,SECTOR_CONSUMER_DISCRETIONARY,B2,Batch 2 — 2024 to 2026,15,6,9,40.0,0.705,-0.157,-212.57,-2.1257,508.03,720.6,6.3519,-6.1863,16.5428,-10.5509,9.1,0,15
CCAP,Financials,SECTOR_FINANCIALS,B2,Batch 2 — 2024 to 2026,11,3,8,27.27,0.6338,-0.1574,-156.48,-1.5648,270.87,427.35,2.2212,-2.2777,3.3333,-6.1003,12.5,0,11
EQH,Financials,SECTOR_FINANCIALS,B2,Batch 2 — 2024 to 2026,14,4,10,28.57,0.6545,-0.1614,-192.5,-1.925,364.6,557.1,4.3637,-3.0064,5.9401,-5.2729,9.2,0,14
HLNE,Financials,SECTOR_FINANCIALS,B2,Batch 2 — 2024 to 2026,15,6,9,40.0,0.5277,-0.1627,-286.48,-2.8648,320.03,606.51,3.6059,-3.9432,7.9483,-7.7442,8.5,0,15
CRVL,Financials,SECTOR_FINANCIALS,B2,Batch 2 — 2024 to 2026,10,4,6,40.0,0.7085,-0.1635,-129.01,-1.2901,313.5,442.51,3.5655,-4.2176,7.5363,-5.9467,8.3,0,10
KTF,Financials,SECTOR_FINANCIALS,B2,Batch 2 — 2024 to 2026,11,3,8,27.27,0.696,-0.1637,-153.23,-1.5323,350.89,504.12,1.5081,-0.9693,4.2189,-2.1605,6.8,0,11
BTZ,Financials,SECTOR_FINANCIALS,B2,Batch 2 — 2024 to 2026,11,4,7,36.36,0.5842,-0.1671,-160.5,-1.605,225.51,386.01,1.0499,-1.0028,1.9645,-2.0247,8.6,0,11
FBP,Financials,SECTOR_FINANCIALS,B2,Batch 2 — 2024 to 2026,12,5,7,41.67,0.6233,-0.1697,-185.24,-1.8524,306.47,491.71,2.8433,-3.3683,6.3517,-4.6563,8.8,0,12
LAZ,Financials,SECTOR_FINANCIALS,B2,Batch 2 — 2024 to 2026,13,2,11,15.38,0.5484,-0.1713,-269.05,-2.6905,326.74,595.79,15.4994,-3.4169,24.2037,-7.1596,10.0,0,13
CDW,Technology,SECTOR_TECHNOLOGY,B2,Batch 2 — 2024 to 2026,6,1,5,16.67,0.7328,-0.1745,-79.53,-0.7953,218.12,297.65,6.7393,-3.1718,6.7393,-6.71,28.5,0,6
BEN,Financials,SECTOR_FINANCIALS,B2,Batch 2 — 2024 to 2026,8,3,5,37.5,0.5754,-0.177,-178.58,-1.7858,242.05,420.63,5.6073,-4.2339,8.9,-7.0,9.4,0,8
EYPT,Healthcare,SECTOR_HEALTHCARE,B2,Batch 2 — 2024 to 2026,9,3,6,33.33,0.6486,-0.1771,-132.04,-1.3204,243.7,375.74,10.917,-9.1907,16.9462,-16.2614,12.6,0,9
RMBS,Technology,SECTOR_TECHNOLOGY,B2,Batch 2 — 2024 to 2026,15,6,9,40.0,0.5844,-0.1796,-254.46,-2.5446,357.84,612.3,5.6136,-5.1198,14.4104,-10.5847,7.7,0,15
AREC,Materials,SECTOR_MATERIALS,B2,Batch 2 — 2024 to 2026,10,3,7,30.0,0.7642,-0.1805,-113.14,-1.1314,366.74,479.88,21.1423,-12.4857,34.6667,-25.1969,8.6,0,10
RYTM,Healthcare,SECTOR_HEALTHCARE,B2,Batch 2 — 2024 to 2026,14,4,10,28.57,0.5398,-0.1812,-279.78,-2.7978,328.15,607.93,7.8892,-5.58,13.0917,-10.963,8.7,0,14
TW,Financials,SECTOR_FINANCIALS,B2,Batch 2 — 2024 to 2026,12,4,8,33.33,0.6525,-0.1817,-195.52,-1.9552,367.1,562.62,4.1505,-3.3633,10.3391,-6.5847,10.3,0,12
FSBW,Financials,SECTOR_FINANCIALS,B2,Batch 2 — 2024 to 2026,9,3,6,33.33,0.5793,-0.1818,-127.53,-1.2753,175.62,303.15,3.5234,-3.068,7.1859,-5.0948,12.3,0,9
EFX,Industrials,SECTOR_INDUSTRIALS,B2,Batch 2 — 2024 to 2026,11,3,8,27.27,0.7056,-0.1829,-156.19,-1.5619,374.43,530.62,6.2378,-3.6309,16.5816,-5.1106,10.7,0,11
BDC,Technology,SECTOR_TECHNOLOGY,B2,Batch 2 — 2024 to 2026,13,4,9,30.77,0.5826,-0.1832,-213.39,-2.1339,297.85,511.24,4.3713,-3.3575,5.9395,-5.7745,9.0,0,13
PAYX,Technology,SECTOR_TECHNOLOGY,B2,Batch 2 — 2024 to 2026,11,4,7,36.36,0.4545,-0.1832,-195.1,-1.951,162.53,357.63,1.9302,-1.8613,3.7309,-3.6893,9.1,1,10
HSTM,Healthcare,SECTOR_HEALTHCARE,B2,Batch 2 — 2024 to 2026,9,4,5,44.44,0.6087,-0.1851,-159.54,-1.5954,248.19,407.73,2.4834,-3.9192,4.442,-15.3055,9.8,0,9
RBCAA,Financials,SECTOR_FINANCIALS,B2,Batch 2 — 2024 to 2026,12,5,7,41.67,0.5411,-0.1863,-237.21,-2.3721,279.72,516.93,3.4268,-4.233,6.0355,-5.9417,7.7,0,12
AEHR,Technology,SECTOR_TECHNOLOGY,B2,Batch 2 — 2024 to 2026,10,2,8,20.0,0.7604,-0.1864,-156.74,-1.5674,497.44,654.18,32.2137,-10.3089,45.1965,-14.9937,12.3,0,10
UNP,Industrials,SECTOR_INDUSTRIALS,B2,Batch 2 — 2024 to 2026,10,3,7,30.0,0.3776,-0.1871,-173.98,-1.7398,105.53,279.51,1.0478,-1.4284,1.7331,-3.8373,8.0,0,10
WABC,Financials,SECTOR_FINANCIALS,B2,Batch 2 — 2024 to 2026,8,4,4,50.0,0.6477,-0.1881,-121.68,-1.2168,223.66,345.34,2.1027,-4.6045,7.1105,-5.9577,14.4,0,8
ONB,Financials,SECTOR_FINANCIALS,B2,Batch 2 — 2024 to 2026,15,5,10,33.33,0.5437,-0.1887,-272.16,-2.7216,324.23,596.39,3.3194,-2.9399,5.3114,-4.9797,8.9,0,15
SMP,Consumer Discretionary,SECTOR_CONSUMER_DISCRETIONARY,B2,Batch 2 — 2024 to 2026,9,2,7,22.22,0.6589,-0.1902,-150.77,-1.5077,291.2,441.97,10.904,-3.7138,12.5833,-5.7046,10.3,0,9
SEMR,Technology,SECTOR_TECHNOLOGY,B2,Batch 2 — 2024 to 2026,11,4,7,36.36,0.5625,-0.191,-223.6,-2.236,287.51,511.11,6.5286,-5.8824,16.9709,-10.1843,13.0,1,10
HWC,Financials,SECTOR_FINANCIALS,B2,Batch 2 — 2024 to 2026,14,3,11,21.43,0.441,-0.1926,-273.65,-2.7365,215.86,489.51,4.3482,-2.5141,8.2271,-6.5372,8.9,0,14
DOW,Materials,SECTOR_MATERIALS,B2,Batch 2 — 2024 to 2026,8,3,5,37.5,0.5701,-0.1941,-145.08,-1.4508,192.4,337.48,3.34,-4.1705,7.9123,-7.5498,7.9,0,8
DSU,Financials,SECTOR_FINANCIALS,B2,Batch 2 — 2024 to 2026,6,2,4,33.33,0.5314,-0.1946,-94.9,-0.949,107.62,202.52,1.0101,-0.9046,1.7352,-1.7074,12.0,0,6
PRLB,Industrials,SECTOR_INDUSTRIALS,B2,Batch 2 — 2024 to 2026,12,4,8,33.33,0.5271,-0.1952,-248.45,-2.4845,276.92,525.37,5.3504,-4.6255,9.8427,-10.4545,8.9,0,12
WDAY,Technology,SECTOR_TECHNOLOGY,B2,Batch 2 — 2024 to 2026,10,4,6,40.0,0.6438,-0.1978,-152.12,-1.5212,274.9,427.02,3.1677,-4.4876,3.5299,-6.7548,13.3,1,9
PFSI,Financials,SECTOR_FINANCIALS,B2,Batch 2 — 2024 to 2026,15,3,12,20.0,0.6281,-0.199,-248.17,-2.4817,419.1,667.27,7.3522,-3.1239,10.8418,-5.9241,8.7,0,15
FA,Industrials,SECTOR_INDUSTRIALS,B2,Batch 2 — 2024 to 2026,9,2,7,22.22,0.5781,-0.2008,-182.68,-1.8268,250.32,433.0,6.637,-3.7527,11.0478,-7.0901,11.9,0,9
STEP,Financials,SECTOR_FINANCIALS,B2,Batch 2 — 2024 to 2026,18,7,11,38.89,0.3952,-0.2024,-369.8,-3.698,241.62,611.42,2.7515,-3.6096,5.8883,-8.7967,7.6,0,18
TRN,Industrials,SECTOR_INDUSTRIALS,B2,Batch 2 — 2024 to 2026,12,5,7,41.67,0.3759,-0.2063,-264.72,-2.6472,159.42,424.14,1.7627,-3.1185,2.7057,-5.7653,14.9,0,12
ITT,Industrials,SECTOR_INDUSTRIALS,B2,Batch 2 — 2024 to 2026,18,8,10,44.44,0.318,-0.2107,-368.25,-3.6825,171.73,539.98,1.204,-2.3285,3.8865,-4.9711,8.1,0,18
BRZE,Technology,SECTOR_TECHNOLOGY,B2,Batch 2 — 2024 to 2026,10,2,8,20.0,0.7912,-0.2108,-161.08,-1.6108,610.34,771.42,21.0491,-7.8032,24.2002,-9.6683,11.8,0,10
HLLY,Consumer Discretionary,SECTOR_CONSUMER_DISCRETIONARY,B2,Batch 2 — 2024 to 2026,8,2,6,25.0,0.7093,-0.2119,-179.05,-1.7905,436.96,616.01,23.6825,-8.0542,41.3284,-10.3175,15.5,0,8
TTD,Communication Services,SECTOR_COMMUNICATION_SERVICES,B2,Batch 2 — 2024 to 2026,12,2,10,16.67,0.6388,-0.2125,-226.13,-2.2613,399.93,626.06,14.0842,-4.3948,15.7025,-11.3574,14.8,2,10
TCBK,Financials,SECTOR_FINANCIALS,B2,Batch 2 — 2024 to 2026,13,4,9,30.77,0.4357,-0.2163,-304.37,-3.0437,234.98,539.35,4.0538,-3.2367,6.7675,-5.2194,10.5,1,12
CASY,Consumer Discretionary,SECTOR_CONSUMER_DISCRETIONARY,B2,Batch 2 — 2024 to 2026,19,3,16,15.79,0.3995,-0.2163,-353.0,-3.53,234.81,587.81,4.5205,-1.9831,5.2201,-4.6976,9.3,0,19
VIA,Technology,SECTOR_TECHNOLOGY,B2,Batch 2 — 2024 to 2026,1,0,1,0.0,0.0,-0.2176,-23.76,-0.2376,0.0,23.76,0.0,-1.9031,-1.9031,-1.9031,6.0,0,1
HLX,Energy,SECTOR_ENERGY,B2,Batch 2 — 2024 to 2026,10,3,7,30.0,0.5909,-0.2189,-214.01,-2.1401,309.1,523.11,6.3792,-5.1423,9.5172,-8.0547,7.2,0,10
ANET,Technology,SECTOR_TECHNOLOGY,B2,Batch 2 — 2024 to 2026,17,5,12,29.41,0.7135,-0.2195,-336.55,-3.3655,838.18,1174.73,11.7298,-6.2193,29.1687,-13.1241,8.8,1,16
SPFI,Financials,SECTOR_FINANCIALS,B2,Batch 2 — 2024 to 2026,12,4,8,33.33,0.5277,-0.2208,-234.95,-2.3495,262.53,497.48,3.4738,-3.5229,6.358,-4.6694,8.2,0,12
ETV,Financials,SECTOR_FINANCIALS,B2,Batch 2 — 2024 to 2026,15,5,10,33.33,0.3951,-0.2219,-311.26,-3.1126,203.31,514.57,1.0949,-1.1419,1.8601,-2.2744,9.5,0,15
FSS,Industrials,SECTOR_INDUSTRIALS,B2,Batch 2 — 2024 to 2026,13,5,8,38.46,0.6661,-0.2232,-234.95,-2.3495,468.61,703.56,5.9199,-4.2897,14.8589,-13.2367,10.1,0,13
CCO,Communication Services,SECTOR_COMMUNICATION_SERVICES,B2,Batch 2 — 2024 to 2026,9,5,4,55.56,0.3918,-0.2246,-182.14,-1.8214,117.31,299.45,2.0648,-8.8419,5.6962,-12.9488,9.2,0,9
NDSN,Industrials,SECTOR_INDUSTRIALS,B2,Batch 2 — 2024 to 2026,12,3,9,25.0,0.5737,-0.2303,-271.14,-2.7114,364.94,636.08,5.7591,-2.7955,9.0443,-4.4406,10.6,1,11
ALGM,Technology,SECTOR_TECHNOLOGY,B2,Batch 2 — 2024 to 2026,12,4,8,33.33,0.6402,-0.2327,-257.75,-2.5775,458.68,716.43,10.0569,-7.6562,19.334,-13.9415,10.2,0,12
ABSI,Healthcare,SECTOR_HEALTHCARE,B2,Batch 2 — 2024 to 2026,9,2,7,22.22,0.7078,-0.2358,-154.02,-1.5402,373.09,527.11,24.8827,-11.5068,46.4041,-17.1111,5.6,0,9
PATH,Technology,SECTOR_TECHNOLOGY,B2,Batch 2 — 2024 to 2026,8,1,7,12.5,0.7543,-0.2387,-165.44,-1.6544,507.86,673.3,31.9562,-8.2159,31.9562,-10.8951,17.4,1,7
SPRY,Healthcare,SECTOR_HEALTHCARE,B2,Batch 2 — 2024 to 2026,10,2,8,20.0,0.4983,-0.2411,-192.36,-1.9236,191.05,383.41,8.5899,-6.2257,15.7382,-12.6316,9.5,0,10
NIQ,Financials,SECTOR_FINANCIALS,B2,Batch 2 — 2024 to 2026,3,1,2,33.33,0.0887,-0.246,-60.6,-0.606,5.9,66.5,0.5672,-3.0043,0.5672,-5.0971,9.7,0,3
RRX,Industrials,SECTOR_INDUSTRIALS,B2,Batch 2 — 2024 to 2026,13,3,10,23.08,0.4759,-0.2478,-346.42,-3.4642,314.52,660.94,8.5718,-4.1955,13.6318,-6.1085,8.9,0,13
OFG,Financials,SECTOR_FINANCIALS,B2,Batch 2 — 2024 to 2026,13,5,8,38.46,0.4972,-0.2483,-294.69,-2.9469,291.46,586.15,2.2354,-3.9497,7.6806,-6.8058,7.9,0,13
CPRT,Industrials,SECTOR_INDUSTRIALS,B2,Batch 2 — 2024 to 2026,14,3,11,21.43,0.5428,-0.2499,-315.45,-3.1545,374.49,689.94,5.2682,-2.4803,10.7716,-4.7865,8.4,1,13
BCML,Financials,SECTOR_FINANCIALS,B2,Batch 2 — 2024 to 2026,9,2,7,22.22,0.5612,-0.2502,-223.17,-2.2317,285.47,508.64,7.0815,-3.4914,8.3739,-9.152,8.4,0,9
ALRS,Financials,SECTOR_FINANCIALS,B2,Batch 2 — 2024 to 2026,12,3,9,25.0,0.3433,-0.2523,-286.66,-2.8666,149.83,436.49,3.0279,-2.5726,4.6154,-6.4167,7.9,0,12
ATEN,Technology,SECTOR_TECHNOLOGY,B2,Batch 2 — 2024 to 2026,14,3,11,21.43,0.7235,-0.2578,-225.03,-2.2503,588.85,813.88,7.4943,-4.1024,18.8766,-10.2869,8.4,0,14
BFZ,Financials,SECTOR_FINANCIALS,B2,Batch 2 — 2024 to 2026,10,3,7,30.0,0.3916,-0.2582,-279.57,-2.7957,179.96,459.53,1.1351,-1.0141,2.521,-1.6701,9.2,0,10
ASTH,Healthcare,SECTOR_HEALTHCARE,B2,Batch 2 — 2024 to 2026,11,4,7,36.36,0.5854,-0.2605,-245.88,-2.4588,347.17,593.05,6.2595,-7.5987,13.7186,-12.0285,10.5,0,11
MBWM,Financials,SECTOR_FINANCIALS,B2,Batch 2 — 2024 to 2026,11,4,7,36.36,0.3224,-0.2645,-279.98,-2.7998,133.2,413.18,1.9842,-3.7904,4.7137,-7.3214,9.0,0,11
SLP,Healthcare,SECTOR_HEALTHCARE,B2,Batch 2 — 2024 to 2026,8,3,5,37.5,0.5064,-0.268,-177.79,-1.7779,182.38,360.17,5.1743,-5.9595,11.7063,-9.6004,21.9,1,7
HON,Industrials,SECTOR_INDUSTRIALS,B2,Batch 2 — 2024 to 2026,14,6,8,42.86,0.514,-0.2702,-305.06,-3.0506,322.64,627.7,1.9802,-2.9414,6.8276,-4.1861,7.3,0,14
UPST,Financials,SECTOR_FINANCIALS,B2,Batch 2 — 2024 to 2026,10,3,7,30.0,0.5357,-0.2711,-290.72,-2.9072,335.44,626.16,18.0803,-12.4899,22.6738,-15.9301,13.5,0,10
PTGX,Healthcare,SECTOR_HEALTHCARE,B2,Batch 2 — 2024 to 2026,16,4,12,25.0,0.37,-0.2809,-413.11,-4.1311,242.57,655.68,4.8292,-5.1287,13.9962,-10.7936,7.1,0,16
FNB,Financials,SECTOR_FINANCIALS,B2,Batch 2 — 2024 to 2026,14,4,10,28.57,0.3993,-0.2863,-420.8,-4.208,279.69,700.49,4.1456,-3.2312,6.9493,-5.3516,9.4,0,14
BCC,Materials,SECTOR_MATERIALS,B2,Batch 2 — 2024 to 2026,11,3,8,27.27,0.3808,-0.2872,-312.08,-3.1208,191.93,504.01,4.4352,-4.2452,9.3653,-8.5627,10.3,0,11
TRMK,Financials,SECTOR_FINANCIALS,B2,Batch 2 — 2024 to 2026,13,4,9,30.77,0.2491,-0.2888,-362.81,-3.6281,120.35,483.16,1.6003,-2.9045,3.3123,-5.2939,8.1,0,13
TRV,Financials,SECTOR_FINANCIALS,B2,Batch 2 — 2024 to 2026,14,4,10,28.57,0.4013,-0.2918,-374.85,-3.7485,251.21,626.06,2.2264,-2.3263,3.9786,-4.3358,6.9,0,14
FSLR,Technology,SECTOR_TECHNOLOGY,B2,Batch 2 — 2024 to 2026,14,3,11,21.43,0.5547,-0.295,-355.28,-3.5528,442.62,797.9,11.4357,-7.8092,28.0692,-15.9346,6.6,0,14
RPM,Materials,SECTOR_MATERIALS,B2,Batch 2 — 2024 to 2026,13,3,10,23.08,0.3351,-0.2993,-413.53,-4.1353,208.44,621.97,2.8136,-2.6625,4.1142,-5.3971,9.6,0,13
MDLZ,Consumer Staples,SECTOR_CONSUMER_STAPLES,B2,Batch 2 — 2024 to 2026,11,3,8,27.27,0.5654,-0.2993,-248.07,-2.4807,322.74,570.81,5.1223,-2.7937,12.9861,-5.509,9.5,0,11
CATY,Financials,SECTOR_FINANCIALS,B2,Batch 2 — 2024 to 2026,11,4,7,36.36,0.3616,-0.3066,-298.01,-2.9801,168.81,466.82,2.1575,-3.8973,3.842,-7.2269,9.0,0,11
IAC,Communication Services,SECTOR_COMMUNICATION_SERVICES,B2,Batch 2 — 2024 to 2026,8,3,5,37.5,0.6208,-0.315,-210.75,-2.1075,345.08,555.83,7.7783,-6.5612,12.8448,-10.5613,14.2,0,8
TRVI,Healthcare,SECTOR_HEALTHCARE,B2,Batch 2 — 2024 to 2026,14,4,10,28.57,0.2047,-0.3168,-427.35,-4.2735,110.01,537.36,3.9949,-6.4514,10.3797,-12.938,7.9,0,14
THO,Consumer Discretionary,SECTOR_CONSUMER_DISCRETIONARY,B2,Batch 2 — 2024 to 2026,9,4,5,44.44,0.6062,-0.317,-216.94,-2.1694,333.9,550.84,5.6141,-7.0215,12.2454,-11.5262,12.7,0,9
ACVA,Consumer Discretionary,SECTOR_CONSUMER_DISCRETIONARY,B2,Batch 2 — 2024 to 2026,8,3,5,37.5,0.2188,-0.3184,-260.1,-2.601,72.86,332.96,2.2454,-5.7967,4.4242,-9.0473,18.1,1,7
PANW,Technology,SECTOR_TECHNOLOGY,B2,Batch 2 — 2024 to 2026,15,5,10,33.33,0.264,-0.323,-473.2,-4.732,169.77,642.97,2.0007,-3.6927,4.5096,-15.1952,9.0,0,15
ADEA,Technology,SECTOR_TECHNOLOGY,B2,Batch 2 — 2024 to 2026,13,4,9,30.77,0.3659,-0.3231,-368.83,-3.6883,212.8,581.63,4.4474,-4.3167,12.0546,-8.0224,8.6,0,13
SAIA,Industrials,SECTOR_INDUSTRIALS,B2,Batch 2 — 2024 to 2026,10,4,6,40.0,0.3423,-0.3264,-336.57,-3.3657,175.18,511.75,4.5948,-6.4668,8.8689,-18.086,19.0,0,10
MZTI,Consumer Staples,SECTOR_CONSUMER_STAPLES,B2,Batch 2 — 2024 to 2026,8,3,5,37.5,0.5528,-0.3286,-264.63,-2.6463,327.12,591.75,4.9255,-6.6597,8.1218,-14.5375,8.2,0,8
OSIS,Technology,SECTOR_TECHNOLOGY,B2,Batch 2 — 2024 to 2026,16,3,13,18.75,0.4032,-0.33,-466.47,-4.6647,315.19,781.66,6.9779,-3.8373,15.4844,-5.5892,8.8,0,16
SPH,Utilities,SECTOR_UTILITIES,B2,Batch 2 — 2024 to 2026,13,3,10,23.08,0.4314,-0.3317,-347.5,-3.475,263.7,611.2,4.177,-3.0746,8.564,-4.9401,6.8,0,13
NRDS,Communication Services,SECTOR_COMMUNICATION_SERVICES,B2,Batch 2 — 2024 to 2026,11,2,9,18.18,0.45,-0.3329,-355.0,-3.55,290.46,645.46,10.3815,-5.8284,16.1599,-15.9091,12.1,0,11
VRDN,Healthcare,SECTOR_HEALTHCARE,B2,Batch 2 — 2024 to 2026,14,3,11,21.43,0.3815,-0.3338,-443.06,-4.4306,273.34,716.4,11.7872,-6.7807,19.9039,-16.7899,9.2,0,14
Z,Communication Services,SECTOR_COMMUNICATION_SERVICES,B2,Batch 2 — 2024 to 2026,11,3,8,27.27,0.4628,-0.3352,-353.24,-3.5324,304.36,657.6,7.8594,-5.5409,14.0261,-9.1964,9.4,0,11
WD,Financials,SECTOR_FINANCIALS,B2,Batch 2 — 2024 to 2026,8,1,7,12.5,0.5186,-0.3362,-233.97,-2.3397,252.0,485.97,13.8671,-3.9826,13.8671,-5.9971,9.6,0,8
XPRO,Energy,SECTOR_ENERGY,B2,Batch 2 — 2024 to 2026,13,3,10,23.08,0.2904,-0.3398,-432.96,-4.3296,177.16,610.12,4.3509,-5.059,8.1206,-10.9178,10.0,0,13
DOCN,Technology,SECTOR_TECHNOLOGY,B2,Batch 2 — 2024 to 2026,12,2,10,16.67,0.3712,-0.3441,-400.46,-4.0046,236.44,636.9,9.6563,-6.1998,15.7742,-10.6364,8.2,0,12
CNXN,Technology,SECTOR_TECHNOLOGY,B2,Batch 2 — 2024 to 2026,9,2,7,22.22,0.236,-0.3442,-282.98,-2.8298,87.4,370.38,2.7475,-2.9059,3.3843,-4.6893,7.4,0,9
BLD,Industrials,SECTOR_INDUSTRIALS,B2,Batch 2 — 2024 to 2026,15,4,11,26.67,0.3585,-0.3452,-466.98,-4.6698,260.96,727.94,5.118,-4.6142,14.7264,-8.7963,7.4,0,15
RXST,Healthcare,SECTOR_HEALTHCARE,B2,Batch 2 — 2024 to 2026,9,2,7,22.22,0.2244,-0.3547,-272.47,-2.7247,78.81,351.28,3.37,-5.2949,4.3841,-13.0827,16.2,1,8
JBHT,Industrials,SECTOR_INDUSTRIALS,B2,Batch 2 — 2024 to 2026,12,2,10,16.67,0.3602,-0.3557,-400.62,-4.0062,225.5,626.12,6.2838,-3.4874,9.1693,-7.9514,10.0,0,12
GERN,Healthcare,SECTOR_HEALTHCARE,B2,Batch 2 — 2024 to 2026,7,1,6,14.29,0.3113,-0.3641,-214.65,-2.1465,97.02,311.67,10.4218,-7.0418,10.4218,-11.7131,10.1,0,7
LII,Industrials,SECTOR_INDUSTRIALS,B2,Batch 2 — 2024 to 2026,14,2,12,14.29,0.1655,-0.3642,-455.02,-4.5502,90.27,545.29,2.8463,-2.7713,4.5105,-6.0323,8.6,0,14
NPCE,Healthcare,SECTOR_HEALTHCARE,B2,Batch 2 — 2024 to 2026,13,4,9,30.77,0.4165,-0.3703,-459.86,-4.5986,328.2,788.06,10.0965,-12.363,26.9558,-17.3073,10.5,1,12
BTBT,Financials,SECTOR_FINANCIALS,B2,Batch 2 — 2024 to 2026,10,4,6,40.0,0.2153,-0.378,-375.57,-3.7557,103.06,478.63,3.7328,-12.0931,8.5366,-17.6379,10.2,0,10
RH,Consumer Discretionary,SECTOR_CONSUMER_DISCRETIONARY,B2,Batch 2 — 2024 to 2026,14,2,12,14.29,0.468,-0.3789,-433.61,-4.3361,381.45,815.06,18.8397,-7.6663,19.4986,-14.3044,6.9,0,14
OCFC,Financials,SECTOR_FINANCIALS,B2,Batch 2 — 2024 to 2026,10,2,8,20.0,0.2291,-0.3907,-432.93,-4.3293,128.64,561.57,5.7021,-4.156,8.9339,-7.1898,11.6,0,10
SLM,Financials,SECTOR_FINANCIALS,B2,Batch 2 — 2024 to 2026,15,3,12,20.0,0.3205,-0.4,-573.21,-5.7321,270.39,843.6,5.7159,-3.7809,6.9616,-11.1956,6.7,0,15
BLFS,Healthcare,SECTOR_HEALTHCARE,B2,Batch 2 — 2024 to 2026,9,2,7,22.22,0.1594,-0.405,-330.75,-3.3075,62.72,393.47,3.2585,-5.3708,3.3882,-9.4311,6.2,0,9
ARDX,Healthcare,SECTOR_HEALTHCARE,B2,Batch 2 — 2024 to 2026,14,2,12,14.29,0.5176,-0.4068,-517.02,-5.1702,554.83,1071.85,28.8922,-10.392,52.3697,-23.566,7.6,0,14
UHAL,Industrials,SECTOR_INDUSTRIALS,B2,Batch 2 — 2024 to 2026,10,3,7,30.0,0.3103,-0.4141,-386.12,-3.8612,173.73,559.85,2.6216,-4.0577,4.8889,-6.3157,8.5,0,10
TSHA,Healthcare,SECTOR_HEALTHCARE,B2,Batch 2 — 2024 to 2026,11,2,9,18.18,0.3532,-0.4147,-479.58,-4.7958,261.87,741.45,22.6033,-11.9264,34.9628,-18.4211,7.1,0,11
PHM,Consumer Discretionary,SECTOR_CONSUMER_DISCRETIONARY,B2,Batch 2 — 2024 to 2026,14,4,10,28.57,0.1116,-0.4213,-573.85,-5.7385,72.09,645.94,1.0431,-3.7008,2.821,-6.5311,7.5,0,14
GFF,Industrials,SECTOR_INDUSTRIALS,B2,Batch 2 — 2024 to 2026,14,3,11,21.43,0.1662,-0.4237,-546.03,-5.4603,108.81,654.84,1.9719,-3.969,2.1195,-6.7233,7.9,0,14
MFIC,Financials,SECTOR_FINANCIALS,B2,Batch 2 — 2024 to 2026,13,3,10,23.08,0.2581,-0.4241,-568.23,-5.6823,197.68,765.91,3.0075,-2.1948,6.6775,-4.3371,10.9,0,13
SLNO,Healthcare,SECTOR_HEALTHCARE,B2,Batch 2 — 2024 to 2026,9,1,8,11.11,0.166,-0.4272,-373.45,-3.7345,74.34,447.79,8.4366,-5.6456,8.4366,-11.4895,6.8,0,9
KOPN,Technology,SECTOR_TECHNOLOGY,B2,Batch 2 — 2024 to 2026,13,2,11,15.38,0.2579,-0.4368,-557.14,-5.5714,193.61,750.75,17.0052,-9.7928,26.1364,-16.5103,9.0,1,12
ATKR,Industrials,SECTOR_INDUSTRIALS,B2,Batch 2 — 2024 to 2026,7,3,4,42.86,0.2593,-0.4388,-294.41,-2.9441,103.06,397.47,2.0642,-7.2373,3.1625,-8.9682,19.9,0,7
AMWD,Consumer Discretionary,SECTOR_CONSUMER_DISCRETIONARY,B2,Batch 2 — 2024 to 2026,9,2,7,22.22,0.2132,-0.4516,-368.73,-3.6873,99.92,468.65,3.9004,-4.7609,5.0677,-8.0307,10.0,1,8
OMER,Healthcare,SECTOR_HEALTHCARE,B2,Batch 2 — 2024 to 2026,11,2,9,18.18,0.399,-0.4546,-516.6,-5.166,343.03,859.63,25.303,-11.9477,37.2727,-24.5783,6.4,1,10
FIZZ,Consumer Staples,SECTOR_CONSUMER_STAPLES,B2,Batch 2 — 2024 to 2026,11,4,7,36.36,0.1981,-0.4548,-470.01,-4.7001,116.1,586.11,1.3262,-4.4375,2.2307,-8.1301,7.9,1,10
UVV,Consumer Staples,SECTOR_CONSUMER_STAPLES,B2,Batch 2 — 2024 to 2026,13,3,10,23.08,0.1743,-0.4587,-587.69,-5.8769,124.02,711.71,2.0594,-3.2165,4.934,-5.9559,8.9,1,12
ALGN,Healthcare,SECTOR_HEALTHCARE,B2,Batch 2 — 2024 to 2026,6,1,5,16.67,0.576,-0.4632,-252.46,-2.5246,342.98,595.44,22.8425,-9.7073,22.8425,-20.9914,29.8,2,4
HIX,Financials,SECTOR_FINANCIALS,B2,Batch 2 — 2024 to 2026,7,1,6,14.29,0.1839,-0.467,-311.45,-3.1145,70.2,381.65,2.1277,-1.3268,2.1277,-2.347,15.7,0,7
MARA,Financials,SECTOR_FINANCIALS,B2,Batch 2 — 2024 to 2026,10,1,9,10.0,0.1645,-0.4689,-440.21,-4.4021,86.68,526.89,11.3414,-9.095,11.3414,-13.7885,7.6,0,10
DFH,Consumer Discretionary,SECTOR_CONSUMER_DISCRETIONARY,B2,Batch 2 — 2024 to 2026,9,2,7,22.22,0.0146,-0.4709,-379.02,-3.7902,5.62,384.64,0.2908,-5.7691,0.3573,-9.708,5.8,0,9
POWI,Technology,SECTOR_TECHNOLOGY,B2,Batch 2 — 2024 to 2026,8,2,6,25.0,0.3009,-0.4818,-391.3,-3.913,168.4,559.7,7.9742,-7.1511,15.3112,-9.4437,13.1,1,7
ACIC,Financials,SECTOR_FINANCIALS,B2,Batch 2 — 2024 to 2026,11,3,8,27.27,0.1169,-0.4862,-523.96,-5.2396,69.39,593.35,2.6972,-5.6074,7.28,-9.632,10.1,0,11
SNAP,Communication Services,SECTOR_COMMUNICATION_SERVICES,B2,Batch 2 — 2024 to 2026,7,2,5,28.57,0.3882,-0.4913,-362.07,-3.6207,229.75,591.82,12.0359,-9.5634,12.7479,-19.9573,20.6,1,6
IVVD,Healthcare,SECTOR_HEALTHCARE,B2,Batch 2 — 2024 to 2026,7,2,5,28.57,0.2393,-0.5082,-334.53,-3.3453,105.25,439.78,10.0416,-17.2118,15.9509,-23.8303,5.1,0,7
WOR,Industrials,SECTOR_INDUSTRIALS,B2,Batch 2 — 2024 to 2026,7,2,5,28.57,0.4481,-0.5233,-341.82,-3.4182,277.5,619.32,7.9107,-6.409,10.3823,-10.652,10.3,0,7
STRA,Consumer Staples,SECTOR_CONSUMER_STAPLES,B2,Batch 2 — 2024 to 2026,11,3,8,27.27,0.1621,-0.5498,-537.6,-5.376,103.98,641.58,1.9948,-4.2312,2.4346,-6.5245,15.3,0,11
ABX,Financials,SECTOR_FINANCIALS,B2,Batch 2 — 2024 to 2026,5,1,4,20.0,0.3236,-0.5542,-255.86,-2.5586,122.4,378.26,13.8965,-10.7045,13.8965,-12.396,16.2,0,5
WNC,Industrials,SECTOR_INDUSTRIALS,B2,Batch 2 — 2024 to 2026,6,1,5,16.67,0.3359,-0.5713,-362.56,-3.6256,183.4,545.96,14.8526,-7.4873,14.8526,-12.3192,24.0,0,6
ALT,Healthcare,SECTOR_HEALTHCARE,B2,Batch 2 — 2024 to 2026,8,3,5,37.5,0.3402,-0.5823,-466.43,-4.6643,240.53,706.96,8.4567,-20.008,17.9577,-43.2381,12.8,1,7
TNET,Industrials,SECTOR_INDUSTRIALS,B2,Batch 2 — 2024 to 2026,6,1,5,16.67,0.1033,-0.6001,-351.62,-3.5162,40.5,392.12,2.2541,-4.3512,2.2541,-6.6766,13.7,0,6
TCPC,Financials,SECTOR_FINANCIALS,B2,Batch 2 — 2024 to 2026,5,1,4,20.0,0.2036,-0.6451,-302.09,-3.0209,77.25,379.34,2.3496,-5.1345,2.3496,-6.6065,25.4,0,5
NSIT,Technology,SECTOR_TECHNOLOGY,B2,Batch 2 — 2024 to 2026,7,1,6,14.29,0.0743,-0.6872,-445.44,-4.4544,35.76,481.2,2.2361,-4.4226,2.2361,-7.0235,11.4,1,6
GYRE,Healthcare,SECTOR_HEALTHCARE,B2,Batch 2 — 2024 to 2026,8,1,7,12.5,0.0752,-0.7069,-540.97,-5.4097,44.0,584.97,6.577,-11.5121,6.577,-21.0,6.9,0,8
NEOG,Healthcare,SECTOR_HEALTHCARE,B2,Batch 2 — 2024 to 2026,7,1,6,14.29,0.0149,-0.8422,-549.56,-5.4956,8.33,557.89,1.0029,-8.533,1.0029,-9.5602,15.3,0,7
COTY,Consumer Staples,SECTOR_CONSUMER_STAPLES,B2,Batch 2 — 2024 to 2026,3,0,3,0.0,0.0,-0.85,-260.11,-2.6011,0.0,260.11,0.0,-5.5334,-3.3924,-7.003,6.0,1,2
