ticker,sector,spider_id,batch,batch_name,total_trades,winning_trades,losing_trades,win_rate_pct,profit_factor,expectancy_r,net_pnl_usd,net_return_pct,gross_wins_usd,gross_losses_usd,avg_win_pct,avg_loss_pct,best_trade_pct,worst_trade_pct,avg_hold_days,stage6_entries,stage7_entries
SSII,Healthcare,SECTOR_HEALTHCARE,B1,Batch 1 — 2022 to 2023,4,2,2,50.0,1620.9316,1697.1024,543163.07,5431.6307,543498.37,335.3,17466.3095,-30.0071,34864.2857,-55.5556,52.8,1,3
PEPG,Healthcare,SECTOR_HEALTHCARE,B1,Batch 1 — 2022 to 2023,1,1,0,100.0,inf,8.276,819.9,8.199,819.9,0.0,149.5895,0.0,149.5895,149.5895,63.0,0,1
PLSE,Healthcare,SECTOR_HEALTHCARE,B1,Batch 1 — 2022 to 2023,3,2,1,66.67,28.7532,7.2647,2194.72,21.9472,2273.8,79.08,227.7776,-13.9849,332.5714,-13.9849,67.0,0,3
NIQ,Financials,SECTOR_FINANCIALS,B1,Batch 1 — 2022 to 2023,4,2,2,50.0,21.7956,7.1007,2282.94,22.8294,2392.72,109.78,17.5345,-1.0984,31.5462,-2.1969,24.2,0,4
TSHA,Healthcare,SECTOR_HEALTHCARE,B1,Batch 1 — 2022 to 2023,3,1,2,33.33,11.2743,6.8473,2052.9,20.529,2252.71,199.81,320.3911,-17.5563,320.3911,-19.4289,25.3,0,3
VIA,Technology,SECTOR_TECHNOLOGY,B1,Batch 1 — 2022 to 2023,5,1,4,20.0,9.1618,6.2797,3133.72,31.3372,3517.67,383.95,460.4085,-8.4495,460.4085,-13.3684,48.6,1,4
ALT,Healthcare,SECTOR_HEALTHCARE,B1,Batch 1 — 2022 to 2023,5,4,1,80.0,49.4754,5.4701,2583.74,25.8374,2637.04,53.3,97.1147,-7.8502,249.6689,-7.8502,17.6,0,5
ALL,Financials,SECTOR_FINANCIALS,B1,Batch 1 — 2022 to 2023,1,1,0,100.0,inf,5.4451,532.0,5.32,532.0,0.0,23.8544,0.0,23.8544,23.8544,62.0,0,1
CBAN,Financials,SECTOR_FINANCIALS,B1,Batch 1 — 2022 to 2023,1,1,0,100.0,inf,5.3049,529.09,5.2909,529.09,0.0,35.288,0.0,35.288,35.288,146.0,1,0
DAVE,Technology,SECTOR_TECHNOLOGY,B1,Batch 1 — 2022 to 2023,3,1,2,33.33,9.5123,5.0865,1533.83,15.3383,1714.02,180.19,264.6481,-13.2748,264.6481,-14.3958,36.7,0,3
TGTX,Healthcare,SECTOR_HEALTHCARE,B1,Batch 1 — 2022 to 2023,4,4,0,100.0,inf,4.2462,1662.14,16.6214,1662.14,0.0,67.3733,0.0,123.6742,16.8091,53.5,1,3
CWBC,Financials,SECTOR_FINANCIALS,B1,Batch 1 — 2022 to 2023,2,2,0,100.0,inf,4.1844,727.98,7.2798,727.98,0.0,18.1254,0.0,21.5672,14.6835,32.5,0,2
ARQT,Healthcare,SECTOR_HEALTHCARE,B1,Batch 1 — 2022 to 2023,3,1,2,33.33,6.7254,4.0455,1198.1,11.981,1407.36,209.26,274.5318,-12.5139,274.5318,-13.9376,30.3,1,2
IVVD,Healthcare,SECTOR_HEALTHCARE,B1,Batch 1 — 2022 to 2023,3,1,2,33.33,8.3846,3.7901,1176.66,11.7666,1336.0,159.34,240.2878,-18.6834,240.2878,-18.8327,51.0,0,3
SPRY,Healthcare,SECTOR_HEALTHCARE,B1,Batch 1 — 2022 to 2023,4,3,1,75.0,307.3008,3.7665,1507.0,15.07,1511.92,4.92,56.5212,-0.7595,123.9884,-0.7595,55.8,1,3
PRM,Materials,SECTOR_MATERIALS,B1,Batch 1 — 2022 to 2023,1,1,0,100.0,inf,3.7043,370.14,3.7014,370.14,0.0,44.6043,0.0,44.6043,44.6043,84.0,0,1
ULTA,Consumer Discretionary,SECTOR_CONSUMER_DISCRETIONARY,B1,Batch 1 — 2022 to 2023,1,1,0,100.0,inf,3.6358,343.65,3.4365,343.65,0.0,16.6711,0.0,16.6711,16.6711,24.0,0,1
OCGN,Healthcare,SECTOR_HEALTHCARE,B1,Batch 1 — 2022 to 2023,3,1,2,33.33,6.4547,3.6254,1087.77,10.8777,1287.19,199.42,113.75,-17.7712,113.75,-19.4846,29.0,1,2
LQDA,Healthcare,SECTOR_HEALTHCARE,B1,Batch 1 — 2022 to 2023,2,1,1,50.0,8.0464,3.5043,701.19,7.0119,800.7,99.51,69.0122,-8.3783,69.0122,-8.3783,17.0,0,2
TRV,Financials,SECTOR_FINANCIALS,B1,Batch 1 — 2022 to 2023,2,1,1,50.0,7.838,3.2957,655.08,6.5508,750.88,95.8,27.3597,-2.8623,27.3597,-2.8623,40.0,0,2
NWPX,Materials,SECTOR_MATERIALS,B1,Batch 1 — 2022 to 2023,1,1,0,100.0,inf,3.2804,327.6,3.276,327.6,0.0,17.1662,0.0,17.1662,17.1662,76.0,0,1
CVI,Energy,SECTOR_ENERGY,B1,Batch 1 — 2022 to 2023,1,1,0,100.0,inf,3.2285,316.8,3.168,316.8,0.0,28.5611,0.0,28.5611,28.5611,46.0,0,1
VERA,Healthcare,SECTOR_HEALTHCARE,B1,Batch 1 — 2022 to 2023,3,2,1,66.67,23.8804,2.9563,895.54,8.9554,934.68,39.14,55.9788,-5.4846,108.3447,-5.4846,21.0,1,2
PSTG,Technology,SECTOR_TECHNOLOGY,B1,Batch 1 — 2022 to 2023,3,1,2,33.33,13.2367,2.9137,863.42,8.6342,933.98,70.56,46.1882,-2.3075,46.1882,-3.7883,13.0,0,3
ATXS,Healthcare,SECTOR_HEALTHCARE,B1,Batch 1 — 2022 to 2023,7,3,4,42.86,7.2671,2.8118,1842.04,18.4204,2135.96,293.92,92.7706,-11.0128,159.1912,-19.3944,24.7,1,6
LNKB,Financials,SECTOR_FINANCIALS,B1,Batch 1 — 2022 to 2023,1,1,0,100.0,inf,2.8077,223.74,2.2374,223.74,0.0,17.1472,0.0,17.1472,17.1472,27.0,0,1
MEGI,Financials,SECTOR_FINANCIALS,B1,Batch 1 — 2022 to 2023,1,1,0,100.0,inf,2.7421,300.84,3.0084,300.84,0.0,11.5096,0.0,11.5096,11.5096,42.0,0,1
AMAL,Financials,SECTOR_FINANCIALS,B1,Batch 1 — 2022 to 2023,3,3,0,100.0,inf,2.5291,684.25,6.8425,684.25,0.0,17.0465,0.0,20.3737,13.2748,27.3,0,3
PENG,Technology,SECTOR_TECHNOLOGY,B1,Batch 1 — 2022 to 2023,4,2,2,50.0,5.7838,2.5235,998.42,9.9842,1207.13,208.71,52.8048,-8.2534,80.7278,-8.4156,53.8,2,2
FSBC,Financials,SECTOR_FINANCIALS,B1,Batch 1 — 2022 to 2023,2,2,0,100.0,inf,2.4495,500.63,5.0063,500.63,0.0,15.3813,0.0,20.19,10.5725,37.5,0,2
NVRI,Industrials,SECTOR_INDUSTRIALS,B1,Batch 1 — 2022 to 2023,4,3,1,75.0,17.9091,2.4278,933.38,9.3338,988.58,55.2,34.8473,-4.0942,59.4231,-4.0942,29.0,0,4
OPFI,Financials,SECTOR_FINANCIALS,B1,Batch 1 — 2022 to 2023,4,2,2,50.0,6.8953,2.3932,1058.8,10.588,1238.4,179.6,53.6444,-11.6344,81.4672,-12.5885,21.8,0,4
AVAH,Healthcare,SECTOR_HEALTHCARE,B1,Batch 1 — 2022 to 2023,3,2,1,66.67,6.1793,2.3506,631.3,6.313,753.19,121.89,77.9864,-17.0,78.3505,-17.0,54.7,0,3
EVER,Communication Services,SECTOR_COMMUNICATION_SERVICES,B1,Batch 1 — 2022 to 2023,5,2,3,40.0,4.9831,2.3488,1037.36,10.3736,1297.8,260.44,85.9308,-12.011,103.8896,-14.1049,31.2,1,4
ABSI,Healthcare,SECTOR_HEALTHCARE,B1,Batch 1 — 2022 to 2023,3,1,2,33.33,5.0209,2.3376,720.75,7.2075,900.0,179.25,128.2051,-17.5761,128.2051,-19.5184,15.7,0,3
AROW,Financials,SECTOR_FINANCIALS,B1,Batch 1 — 2022 to 2023,4,2,2,50.0,4.7074,2.2879,730.5,7.305,927.54,197.04,31.1669,-8.9381,51.0293,-9.7826,21.5,0,4
HWC,Financials,SECTOR_FINANCIALS,B1,Batch 1 — 2022 to 2023,2,2,0,100.0,inf,2.258,419.72,4.1972,419.72,0.0,17.2294,0.0,21.703,12.7558,43.5,0,2
MNPR,Healthcare,SECTOR_HEALTHCARE,B1,Batch 1 — 2022 to 2023,3,2,1,66.67,7.5984,2.2543,653.64,6.5364,752.7,99.06,46.4102,-12.7988,72.8205,-12.7988,12.3,0,3
AVBH,Financials,SECTOR_FINANCIALS,B1,Batch 1 — 2022 to 2023,4,3,1,75.0,9.4542,2.2346,844.07,8.4407,943.91,99.84,15.2845,-0.9959,38.9032,-0.9959,35.0,0,4
AKBA,Healthcare,SECTOR_HEALTHCARE,B1,Batch 1 — 2022 to 2023,5,4,1,80.0,12.1617,2.2325,1115.5,11.155,1215.44,99.94,44.6183,-12.6645,116.4557,-12.6645,20.4,0,5
COIN,Financials,SECTOR_FINANCIALS,B1,Batch 1 — 2022 to 2023,4,2,2,50.0,5.0507,2.2201,823.15,8.2315,1026.36,203.21,82.6181,-19.303,110.5753,-20.2082,42.8,0,4
PLAB,Technology,SECTOR_TECHNOLOGY,B1,Batch 1 — 2022 to 2023,4,3,1,75.0,78.0781,2.2142,878.69,8.7869,890.09,11.4,18.2751,-0.7353,43.6533,-0.7353,15.8,0,4
SLM,Financials,SECTOR_FINANCIALS,B1,Batch 1 — 2022 to 2023,3,3,0,100.0,inf,2.2105,659.7,6.597,659.7,0.0,14.3741,0.0,26.0989,1.8496,29.0,1,2
CVNA,Consumer Discretionary,SECTOR_CONSUMER_DISCRETIONARY,B1,Batch 1 — 2022 to 2023,5,3,2,60.0,6.8782,2.1582,1153.65,11.5365,1349.91,196.26,99.9219,-18.1469,234.9057,-21.7632,39.2,2,3
MBIN,Financials,SECTOR_FINANCIALS,B1,Batch 1 — 2022 to 2023,6,5,1,83.33,14.2112,2.128,1302.1,13.021,1400.66,98.56,16.533,-6.3439,39.0866,-6.3439,28.3,0,6
HTBK,Financials,SECTOR_FINANCIALS,B1,Batch 1 — 2022 to 2023,1,1,0,100.0,inf,2.0695,206.4,2.064,206.4,0.0,19.8511,0.0,19.8511,19.8511,147.0,1,0
RCL,Consumer Discretionary,SECTOR_CONSUMER_DISCRETIONARY,B1,Batch 1 — 2022 to 2023,7,5,2,71.43,15.1816,2.0692,1422.41,14.2241,1522.71,100.3,25.8503,-3.0617,50.5418,-5.7626,27.7,1,6
CSL,Industrials,SECTOR_INDUSTRIALS,B1,Batch 1 — 2022 to 2023,4,4,0,100.0,inf,2.0494,779.98,7.7998,779.98,0.0,9.821,0.0,24.7022,2.5681,25.8,0,4
GBX,Industrials,SECTOR_INDUSTRIALS,B1,Batch 1 — 2022 to 2023,6,3,3,50.0,6.3555,2.0379,1204.73,12.0473,1429.68,224.95,30.9482,-5.5083,57.712,-8.1633,17.0,1,5
BCAL,Financials,SECTOR_FINANCIALS,B1,Batch 1 — 2022 to 2023,1,1,0,100.0,inf,2.026,221.52,2.2152,221.52,0.0,14.3145,0.0,14.3145,14.3145,35.0,0,1
NPO,Industrials,SECTOR_INDUSTRIALS,B1,Batch 1 — 2022 to 2023,6,4,2,66.67,7.7138,1.9999,1053.4,10.534,1210.3,156.9,19.3727,-3.5949,30.9183,-4.6745,20.3,0,6
TOST,Technology,SECTOR_TECHNOLOGY,B1,Batch 1 — 2022 to 2023,3,2,1,66.67,6.9486,1.9981,593.55,5.9355,693.33,99.78,29.1546,-7.1299,41.8226,-7.1299,31.7,1,2
NHC,Healthcare,SECTOR_HEALTHCARE,B1,Batch 1 — 2022 to 2023,5,3,2,60.0,7.4422,1.9967,1017.68,10.1768,1175.65,157.97,15.476,-4.1825,35.282,-4.4027,24.2,0,5
AXTI,Technology,SECTOR_TECHNOLOGY,B1,Batch 1 — 2022 to 2023,6,2,4,33.33,3.9897,1.9872,1191.85,11.9185,1590.5,398.65,70.7393,-9.2124,103.4483,-10.696,27.0,2,4
VSCO,Consumer Discretionary,SECTOR_CONSUMER_DISCRETIONARY,B1,Batch 1 — 2022 to 2023,2,2,0,100.0,inf,1.9788,397.02,3.9702,397.02,0.0,22.3702,0.0,41.7454,2.995,21.5,0,2
ATEN,Technology,SECTOR_TECHNOLOGY,B1,Batch 1 — 2022 to 2023,2,2,0,100.0,inf,1.9751,361.88,3.6188,361.88,0.0,11.3711,0.0,13.9466,8.7956,79.5,0,2
ABBV,Healthcare,SECTOR_HEALTHCARE,B1,Batch 1 — 2022 to 2023,3,2,1,66.67,105.886,1.9309,570.58,5.7058,576.02,5.44,9.8219,-0.2094,13.9546,-0.2094,22.3,0,3
HUT,Financials,SECTOR_FINANCIALS,B1,Batch 1 — 2022 to 2023,4,2,2,50.0,5.4352,1.9276,785.82,7.8582,963.0,177.18,82.7402,-17.45,163.3094,-20.0237,56.5,1,3
OFG,Financials,SECTOR_FINANCIALS,B1,Batch 1 — 2022 to 2023,3,3,0,100.0,inf,1.9104,567.86,5.6786,567.86,0.0,10.4814,0.0,15.7812,0.7582,23.3,0,3
ABX,Financials,SECTOR_FINANCIALS,B1,Batch 1 — 2022 to 2023,2,1,1,50.0,5.2462,1.8737,421.61,4.2161,520.9,99.29,56.2745,-14.5048,56.2745,-14.5048,23.5,0,2
COFS,Financials,SECTOR_FINANCIALS,B1,Batch 1 — 2022 to 2023,4,3,1,75.0,8.474,1.8678,738.73,7.3873,837.57,98.84,23.1783,-5.2326,49.2109,-5.2326,22.8,0,4
TSBK,Financials,SECTOR_FINANCIALS,B1,Batch 1 — 2022 to 2023,7,4,3,57.14,10.441,1.8675,1351.39,13.5139,1494.53,143.14,13.2783,-2.4521,21.2598,-4.171,23.1,0,7
ARHS,Consumer Discretionary,SECTOR_CONSUMER_DISCRETIONARY,B1,Batch 1 — 2022 to 2023,1,1,0,100.0,inf,1.8584,184.5,1.845,184.5,0.0,15.3061,0.0,15.3061,15.3061,21.0,0,1
MARA,Financials,SECTOR_FINANCIALS,B1,Batch 1 — 2022 to 2023,5,2,3,40.0,4.031,1.8301,904.56,9.0456,1203.0,298.44,101.0004,-20.1595,141.3043,-21.1234,44.2,1,4
NEOG,Healthcare,SECTOR_HEALTHCARE,B1,Batch 1 — 2022 to 2023,4,2,2,50.0,7.1353,1.823,735.31,7.3531,855.16,119.85,36.4468,-3.5836,54.4662,-5.4214,51.0,2,2
COKE,Consumer Staples,SECTOR_CONSUMER_STAPLES,B1,Batch 1 — 2022 to 2023,7,4,3,57.14,9.0059,1.7757,1225.3,12.253,1378.35,153.05,16.1681,-2.5431,34.2183,-3.8652,20.3,1,6
WEAV,Healthcare,SECTOR_HEALTHCARE,B1,Batch 1 — 2022 to 2023,5,3,2,60.0,7.9869,1.7545,876.58,8.7658,1002.04,125.46,32.9046,-7.1186,80.1336,-11.5481,30.6,0,5
TCBX,Financials,SECTOR_FINANCIALS,B1,Batch 1 — 2022 to 2023,2,2,0,100.0,inf,1.7469,305.54,3.0554,305.54,0.0,17.8738,0.0,27.1919,8.5556,49.0,0,2
FBP,Financials,SECTOR_FINANCIALS,B1,Batch 1 — 2022 to 2023,3,2,1,66.67,241.7778,1.7373,520.08,5.2008,522.24,2.16,17.8377,-0.144,22.8477,-0.144,29.7,0,3
SSD,Materials,SECTOR_MATERIALS,B1,Batch 1 — 2022 to 2023,8,5,3,62.5,9.0001,1.7367,1399.85,13.9985,1574.83,174.98,18.0356,-3.8852,34.3789,-6.2248,23.0,0,8
WULF,Financials,SECTOR_FINANCIALS,B1,Batch 1 — 2022 to 2023,6,1,5,16.67,3.275,1.7283,1068.04,10.6804,1537.5,469.46,263.1579,-19.4099,263.1579,-25.5319,17.2,1,5
USB,Financials,SECTOR_FINANCIALS,B1,Batch 1 — 2022 to 2023,3,2,1,66.67,5.9379,1.716,539.02,5.3902,648.18,109.16,20.9778,-4.3904,30.9713,-4.3904,69.3,1,2
CAR,Industrials,SECTOR_INDUSTRIALS,B1,Batch 1 — 2022 to 2023,4,3,1,75.0,6.878,1.7159,565.76,5.6576,662.01,96.25,24.4277,-7.9623,33.0577,-7.9623,19.8,0,4
NRDS,Communication Services,SECTOR_COMMUNICATION_SERVICES,B1,Batch 1 — 2022 to 2023,5,3,2,60.0,5.0546,1.6806,806.54,8.0654,1005.46,198.92,33.453,-9.7482,82.9868,-10.5651,15.0,1,4
ACIC,Financials,SECTOR_FINANCIALS,B1,Batch 1 — 2022 to 2023,8,5,3,62.5,5.6048,1.6772,1328.49,13.2849,1616.99,288.5,53.8326,-12.1278,192.5373,-13.929,14.0,0,8
HBNC,Financials,SECTOR_FINANCIALS,B1,Batch 1 — 2022 to 2023,2,1,1,50.0,4.3074,1.6578,328.39,3.2839,427.68,99.29,40.1623,-5.3663,40.1623,-5.3663,80.0,1,1
RGTI,Technology,SECTOR_TECHNOLOGY,B1,Batch 1 — 2022 to 2023,4,1,3,25.0,3.042,1.6516,651.22,6.5122,970.14,318.92,190.0,-19.6924,190.0,-21.1679,14.5,1,3
EXAS,Healthcare,SECTOR_HEALTHCARE,B1,Batch 1 — 2022 to 2023,4,2,2,50.0,5.5757,1.6426,647.69,6.4769,789.24,141.55,43.7477,-8.5304,74.3651,-11.455,22.5,0,4
PRCH,Technology,SECTOR_TECHNOLOGY,B1,Batch 1 — 2022 to 2023,5,1,4,20.0,2.9833,1.6417,810.83,8.1083,1219.65,408.82,180.2083,-20.4195,180.2083,-25.0528,30.0,1,4
CARE,Financials,SECTOR_FINANCIALS,B1,Batch 1 — 2022 to 2023,5,5,0,100.0,inf,1.6387,804.18,8.0418,804.18,0.0,9.2912,0.0,17.551,1.9155,24.4,2,3
TTI,Industrials,SECTOR_INDUSTRIALS,B1,Batch 1 — 2022 to 2023,4,2,2,50.0,5.6715,1.6364,663.17,6.6317,805.13,141.96,36.1401,-6.3333,69.3548,-9.3333,18.5,0,4
PFG,Financials,SECTOR_FINANCIALS,B1,Batch 1 — 2022 to 2023,2,2,0,100.0,inf,1.616,320.68,3.2068,320.68,0.0,7.0518,0.0,7.5645,6.5391,29.0,0,2
DLO,Technology,SECTOR_TECHNOLOGY,B1,Batch 1 — 2022 to 2023,3,1,2,33.33,3.3991,1.5846,474.67,4.7467,672.52,197.85,59.0189,-12.8682,59.0189,-16.029,39.7,1,2
PTGX,Healthcare,SECTOR_HEALTHCARE,B1,Batch 1 — 2022 to 2023,6,4,2,66.67,9.2552,1.5818,940.52,9.4052,1054.45,113.93,26.9093,-8.3413,75.9009,-14.9122,26.3,1,5
GYRE,Healthcare,SECTOR_HEALTHCARE,B1,Batch 1 — 2022 to 2023,6,4,2,66.67,3.0952,1.5773,950.39,9.5039,1404.0,453.61,69.2557,-35.0919,121.7391,-56.25,30.3,1,5
BH,Consumer Discretionary,SECTOR_CONSUMER_DISCRETIONARY,B1,Batch 1 — 2022 to 2023,7,6,1,85.71,17.6859,1.5748,1093.26,10.9326,1158.78,65.52,10.3788,-3.9529,23.9612,-3.9529,19.4,0,7
VKTX,Healthcare,SECTOR_HEALTHCARE,B1,Batch 1 — 2022 to 2023,8,6,2,75.0,8.9667,1.5612,1194.13,11.9413,1344.02,149.89,31.0799,-8.6971,63.8132,-9.5208,24.8,0,8
JXN,Financials,SECTOR_FINANCIALS,B1,Batch 1 — 2022 to 2023,3,2,1,66.67,12.6041,1.5516,503.62,5.0362,547.02,43.4,16.529,-3.0572,18.4672,-3.0572,29.0,0,3
HP,Energy,SECTOR_ENERGY,B1,Batch 1 — 2022 to 2023,2,2,0,100.0,inf,1.5509,308.35,3.0835,308.35,0.0,12.3242,0.0,23.0571,1.5913,25.5,0,2
AAOI,Technology,SECTOR_TECHNOLOGY,B1,Batch 1 — 2022 to 2023,7,6,1,85.71,11.7096,1.546,1070.1,10.701,1170.02,99.92,28.0844,-13.2408,62.5,-13.2408,30.0,1,6
GAP,Consumer Discretionary,SECTOR_CONSUMER_DISCRETIONARY,B1,Batch 1 — 2022 to 2023,6,5,1,83.33,9.6924,1.5267,867.59,8.6759,967.4,99.81,19.4195,-10.6311,37.666,-10.6311,31.5,1,5
UTL,Utilities,SECTOR_UTILITIES,B1,Batch 1 — 2022 to 2023,1,1,0,100.0,inf,1.514,151.2,1.512,151.2,0.0,7.5917,0.0,7.5917,7.5917,36.0,0,1
UVV,Consumer Staples,SECTOR_CONSUMER_STAPLES,B1,Batch 1 — 2022 to 2023,5,2,3,40.0,4.5632,1.508,748.23,7.4823,958.22,209.99,20.9436,-2.4007,30.4866,-3.9262,16.4,0,5
CHEF,Consumer Staples,SECTOR_CONSUMER_STAPLES,B1,Batch 1 — 2022 to 2023,2,2,0,100.0,inf,1.4659,308.96,3.0896,308.96,0.0,10.9906,0.0,15.566,6.4151,29.5,0,2
IDCC,Technology,SECTOR_TECHNOLOGY,B1,Batch 1 — 2022 to 2023,7,4,3,57.14,4.3763,1.4658,1046.58,10.4658,1356.56,309.98,16.382,-6.4147,27.1733,-6.9388,22.7,0,7
ROKU,Communication Services,SECTOR_COMMUNICATION_SERVICES,B1,Batch 1 — 2022 to 2023,3,2,1,66.67,5.1757,1.4454,410.51,4.1051,508.82,98.31,29.2765,-10.7213,38.6289,-10.7213,53.0,0,3
ENTA,Healthcare,SECTOR_HEALTHCARE,B1,Batch 1 — 2022 to 2023,2,1,1,50.0,4.8658,1.4387,304.97,3.0497,383.86,78.89,49.0337,-9.855,49.0337,-9.855,39.5,1,1
ASTH,Healthcare,SECTOR_HEALTHCARE,B1,Batch 1 — 2022 to 2023,4,4,0,100.0,inf,1.4383,561.14,5.6114,561.14,0.0,14.9642,0.0,30.3844,2.6677,34.0,0,4
ALRS,Financials,SECTOR_FINANCIALS,B1,Batch 1 — 2022 to 2023,3,2,1,66.67,4.5484,1.4368,389.29,3.8929,499.0,109.71,18.048,-6.0199,21.9678,-6.0199,34.0,0,3
MASI,Healthcare,SECTOR_HEALTHCARE,B1,Batch 1 — 2022 to 2023,5,3,2,60.0,4.6702,1.4334,714.67,7.1467,909.39,194.72,25.0614,-8.8529,52.5327,-10.1125,41.0,2,3
UNTY,Financials,SECTOR_FINANCIALS,B1,Batch 1 — 2022 to 2023,3,2,1,66.67,31.009,1.4332,432.13,4.3213,446.53,14.4,10.438,-1.108,14.8863,-1.108,25.7,0,3
BBIO,Healthcare,SECTOR_HEALTHCARE,B1,Batch 1 — 2022 to 2023,7,3,4,42.86,4.1458,1.4285,915.96,9.1596,1207.13,291.17,49.9322,-10.9999,76.8462,-18.5097,17.7,0,7
FNB,Financials,SECTOR_FINANCIALS,B1,Batch 1 — 2022 to 2023,6,5,1,83.33,11.9291,1.4221,869.63,8.6963,949.2,79.57,10.2936,-5.0567,17.0859,-5.0567,25.0,0,6
TNGX,Healthcare,SECTOR_HEALTHCARE,B1,Batch 1 — 2022 to 2023,5,4,1,80.0,7.9978,1.422,696.49,6.9649,796.02,99.53,28.6055,-16.6143,65.6751,-16.6143,14.2,0,5
FRPT,Consumer Staples,SECTOR_CONSUMER_STAPLES,B1,Batch 1 — 2022 to 2023,4,3,1,75.0,8.5193,1.4084,575.38,5.7538,651.9,76.52,21.9689,-12.4831,31.7917,-12.4831,49.8,1,3
NPCE,Healthcare,SECTOR_HEALTHCARE,B1,Batch 1 — 2022 to 2023,6,3,3,50.0,8.9816,1.4057,864.57,8.6457,972.89,108.32,58.4597,-6.8668,103.9648,-11.2112,13.8,0,6
BY,Financials,SECTOR_FINANCIALS,B1,Batch 1 — 2022 to 2023,4,3,1,75.0,6.5391,1.4036,603.71,6.0371,712.7,108.99,10.6355,-6.8825,12.4888,-6.8825,34.8,0,4
MSBI,Financials,SECTOR_FINANCIALS,B1,Batch 1 — 2022 to 2023,5,5,0,100.0,inf,1.3997,657.78,6.5778,657.78,0.0,7.6572,0.0,11.1614,1.7358,23.0,0,5
ANF,Consumer Discretionary,SECTOR_CONSUMER_DISCRETIONARY,B1,Batch 1 — 2022 to 2023,10,7,3,70.0,4.8784,1.3988,1252.22,12.5222,1575.09,322.87,19.7415,-9.9607,37.8502,-15.5018,19.1,1,9
APP,Communication Services,SECTOR_COMMUNICATION_SERVICES,B1,Batch 1 — 2022 to 2023,6,3,3,50.0,4.163,1.3904,804.96,8.0496,1059.45,254.49,42.1097,-8.4327,99.1554,-13.9688,26.0,1,5
MKSI,Technology,SECTOR_TECHNOLOGY,B1,Batch 1 — 2022 to 2023,5,3,2,60.0,5.0593,1.3897,679.81,6.7981,847.28,167.47,21.281,-5.7779,23.3663,-7.2248,22.2,0,5
HLLY,Consumer Discretionary,SECTOR_CONSUMER_DISCRETIONARY,B1,Batch 1 — 2022 to 2023,5,2,3,40.0,2.5343,1.3836,691.05,6.9105,1141.46,450.41,67.8812,-16.3474,134.2857,-18.0141,20.6,1,4
OSCR,Healthcare,SECTOR_HEALTHCARE,B1,Batch 1 — 2022 to 2023,6,3,3,50.0,5.3705,1.3767,845.99,8.4599,1039.56,193.57,43.6471,-8.424,106.0,-12.2574,26.2,1,5
CATY,Financials,SECTOR_FINANCIALS,B1,Batch 1 — 2022 to 2023,3,3,0,100.0,inf,1.3734,369.42,3.6942,369.42,0.0,8.6174,0.0,14.3308,0.0275,26.7,0,3
BBW,Consumer Discretionary,SECTOR_CONSUMER_DISCRETIONARY,B1,Batch 1 — 2022 to 2023,4,3,1,75.0,7.6477,1.3514,539.26,5.3926,620.38,81.12,18.3225,-5.977,27.1545,-5.977,18.0,0,4
TWN,Financials,SECTOR_FINANCIALS,B1,Batch 1 — 2022 to 2023,7,4,3,57.14,6.8258,1.3382,1039.84,10.3984,1218.33,178.49,11.224,-2.4288,20.945,-4.645,22.9,1,6
ADP,Technology,SECTOR_TECHNOLOGY,B1,Batch 1 — 2022 to 2023,3,1,2,33.33,7.1786,1.3366,429.66,4.2966,499.2,69.54,14.2511,-1.0484,14.2511,-1.5847,19.7,0,3
ESPR,Healthcare,SECTOR_HEALTHCARE,B1,Batch 1 — 2022 to 2023,5,2,3,40.0,4.0999,1.3302,684.0,6.84,904.65,220.65,82.9968,-11.2636,105.3097,-15.4002,37.0,2,3
GFF,Industrials,SECTOR_INDUSTRIALS,B1,Batch 1 — 2022 to 2023,10,4,6,40.0,4.9035,1.3203,1315.34,13.1534,1652.3,336.96,26.5273,-3.8855,38.3884,-7.5344,16.1,0,10
PACK,Consumer Discretionary,SECTOR_CONSUMER_DISCRETIONARY,B1,Batch 1 — 2022 to 2023,3,2,1,66.67,4.8093,1.3173,394.26,3.9426,497.76,103.5,33.6736,-16.0839,36.4066,-16.0839,63.7,0,3
EXTR,Technology,SECTOR_TECHNOLOGY,B1,Batch 1 — 2022 to 2023,8,6,2,75.0,10.7831,1.3131,1037.4,10.374,1143.44,106.04,15.3664,-3.6178,31.6406,-6.7619,16.9,1,7
INBX,Healthcare,SECTOR_HEALTHCARE,B1,Batch 1 — 2022 to 2023,6,4,2,66.67,6.2714,1.3093,774.11,7.7411,920.96,146.85,37.2629,-9.8358,63.7778,-13.7359,17.3,0,6
MYI,Financials,SECTOR_FINANCIALS,B1,Batch 1 — 2022 to 2023,3,1,2,33.33,2.9593,1.3033,391.01,3.9101,590.58,199.57,15.3307,-2.7578,15.3307,-2.8728,85.3,1,2
AMKR,Technology,SECTOR_TECHNOLOGY,B1,Batch 1 — 2022 to 2023,7,4,3,57.14,6.0084,1.3001,927.81,9.2781,1113.06,185.25,21.0279,-5.0246,40.5447,-8.6997,16.3,0,7
NGL,Energy,SECTOR_ENERGY,B1,Batch 1 — 2022 to 2023,8,5,3,62.5,4.6609,1.2998,1023.96,10.2396,1303.66,279.7,24.5772,-9.8738,45.4545,-11.1352,15.6,1,7
KO,Consumer Staples,SECTOR_CONSUMER_STAPLES,B1,Batch 1 — 2022 to 2023,1,1,0,100.0,inf,1.2909,127.44,1.2744,127.44,0.0,4.1115,0.0,4.1115,4.1115,52.0,0,1
FULC,Healthcare,SECTOR_HEALTHCARE,B1,Batch 1 — 2022 to 2023,6,3,3,50.0,3.8212,1.2899,787.09,7.8709,1066.08,278.99,54.958,-15.3976,71.4681,-17.429,39.5,2,4
DK,Energy,SECTOR_ENERGY,B1,Batch 1 — 2022 to 2023,2,2,0,100.0,inf,1.2794,253.85,2.5385,253.85,0.0,10.1182,0.0,18.4702,1.7663,32.5,0,2
MOFG,Financials,SECTOR_FINANCIALS,B1,Batch 1 — 2022 to 2023,3,2,1,66.67,4.5941,1.2771,394.13,3.9413,503.79,109.66,14.7897,-6.8109,16.6441,-6.8109,42.7,1,2
CRAI,Industrials,SECTOR_INDUSTRIALS,B1,Batch 1 — 2022 to 2023,6,5,1,83.33,11.0223,1.2759,765.1,7.651,841.44,76.34,9.2256,-5.6057,28.6821,-5.6057,28.7,0,6
NAN,Financials,SECTOR_FINANCIALS,B1,Batch 1 — 2022 to 2023,4,2,2,50.0,3.5263,1.2635,504.67,5.0467,704.44,199.77,10.3289,-2.3223,11.1111,-2.6236,26.2,0,4
AFRM,Financials,SECTOR_FINANCIALS,B1,Batch 1 — 2022 to 2023,6,3,3,50.0,3.6318,1.2585,716.85,7.1685,989.23,272.38,50.1794,-18.0938,97.1008,-20.1449,31.2,1,5
WGS,Healthcare,SECTOR_HEALTHCARE,B1,Batch 1 — 2022 to 2023,5,1,4,20.0,2.5912,1.2551,637.95,6.3795,1038.87,400.92,258.1749,-19.1858,258.1749,-23.6948,17.0,0,5
VCV,Financials,SECTOR_FINANCIALS,B1,Batch 1 — 2022 to 2023,5,2,3,40.0,3.9037,1.2477,623.01,6.2301,837.57,214.56,12.8568,-1.8386,13.7572,-3.1265,31.6,0,5
BTZ,Financials,SECTOR_FINANCIALS,B1,Batch 1 — 2022 to 2023,3,2,1,66.67,4.7385,1.2467,373.48,3.7348,473.38,99.9,7.5475,-3.5566,9.6869,-3.5566,37.7,0,3
SLNO,Healthcare,SECTOR_HEALTHCARE,B1,Batch 1 — 2022 to 2023,6,4,2,66.67,5.2815,1.2461,629.47,6.2947,776.49,147.02,44.5394,-9.2004,124.0,-10.3818,25.3,0,6
ORRF,Financials,SECTOR_FINANCIALS,B1,Batch 1 — 2022 to 2023,4,3,1,75.0,4.9266,1.24,389.01,3.8901,488.08,99.07,12.7154,-7.2245,16.7578,-7.2245,16.8,0,4
VRDN,Healthcare,SECTOR_HEALTHCARE,B1,Batch 1 — 2022 to 2023,6,4,2,66.67,5.7083,1.2352,716.89,7.1689,869.15,152.26,29.8369,-6.4226,52.8369,-7.8075,19.0,0,6
UNP,Industrials,SECTOR_INDUSTRIALS,B1,Batch 1 — 2022 to 2023,4,3,1,75.0,6.204,1.2345,513.74,5.1374,612.46,98.72,7.8119,-5.0756,10.9279,-5.0756,29.2,0,4
BLTE,Healthcare,SECTOR_HEALTHCARE,B1,Batch 1 — 2022 to 2023,4,3,1,75.0,9.1064,1.2318,472.2,4.722,530.45,58.25,29.9495,-7.095,79.9429,-7.095,18.2,0,4
IMRX,Healthcare,SECTOR_HEALTHCARE,B1,Batch 1 — 2022 to 2023,4,3,1,75.0,4.8174,1.2303,376.51,3.7651,475.14,98.63,27.3218,-18.9587,80.1942,-18.9587,19.8,0,4
CVBF,Financials,SECTOR_FINANCIALS,B1,Batch 1 — 2022 to 2023,2,1,1,50.0,2.5268,1.2247,165.9,1.659,274.56,108.66,26.3792,-9.9771,26.3792,-9.9771,63.0,1,1
IBP,Consumer Discretionary,SECTOR_CONSUMER_DISCRETIONARY,B1,Batch 1 — 2022 to 2023,7,4,3,57.14,4.035,1.2153,807.51,8.0751,1073.58,266.07,20.8039,-7.0034,27.7857,-9.624,24.6,0,7
CCL,Consumer Discretionary,SECTOR_CONSUMER_DISCRETIONARY,B1,Batch 1 — 2022 to 2023,6,4,2,66.67,4.5768,1.2124,721.97,7.2197,923.82,201.85,20.7149,-12.52,40.6101,-13.0356,20.0,0,6
BHRB,Financials,SECTOR_FINANCIALS,B1,Batch 1 — 2022 to 2023,9,5,4,55.56,3.2894,1.2006,1072.96,10.7296,1541.63,468.67,11.2763,-3.3537,27.7276,-4.6814,12.9,1,8
WOR,Industrials,SECTOR_INDUSTRIALS,B1,Batch 1 — 2022 to 2023,9,5,4,55.56,5.9906,1.1989,1082.95,10.8295,1299.95,217.0,14.2035,-3.4195,38.4071,-5.6738,14.2,0,9
OCUL,Healthcare,SECTOR_HEALTHCARE,B1,Batch 1 — 2022 to 2023,6,4,2,66.67,5.0881,1.1912,652.1,6.521,811.61,159.51,30.593,-9.8104,60.9043,-9.9829,23.0,0,6
NRIM,Financials,SECTOR_FINANCIALS,B1,Batch 1 — 2022 to 2023,4,3,1,75.0,5.1222,1.1912,409.33,4.0933,508.63,99.3,10.6996,-7.3811,12.8062,-7.3811,16.5,1,3
TERN,Healthcare,SECTOR_HEALTHCARE,B1,Batch 1 — 2022 to 2023,7,2,5,28.57,3.8785,1.19,830.6,8.306,1119.15,288.55,96.4712,-9.897,191.3873,-19.2692,19.0,1,6
CAPR,Healthcare,SECTOR_HEALTHCARE,B1,Batch 1 — 2022 to 2023,5,4,1,80.0,13.6675,1.1883,625.14,6.2514,674.49,49.35,14.5102,-4.142,27.8132,-4.142,17.4,0,5
ATLC,Financials,SECTOR_FINANCIALS,B1,Batch 1 — 2022 to 2023,5,3,2,60.0,4.1971,1.1862,628.94,6.2894,825.66,196.72,20.9927,-10.644,30.9272,-11.3612,23.0,0,5
CG,Financials,SECTOR_FINANCIALS,B1,Batch 1 — 2022 to 2023,6,3,3,50.0,3.8889,1.1833,756.68,7.5668,1018.61,261.93,21.7385,-6.0548,22.8125,-8.2259,24.0,2,4
XNCR,Healthcare,SECTOR_HEALTHCARE,B1,Batch 1 — 2022 to 2023,4,3,1,75.0,5.357,1.1788,427.6,4.276,525.74,98.14,15.3068,-6.9484,21.6849,-6.9484,47.5,0,4
RIOT,Financials,SECTOR_FINANCIALS,B1,Batch 1 — 2022 to 2023,7,4,3,57.14,3.5388,1.1767,800.34,8.0034,1115.58,315.24,44.8683,-17.1277,132.1721,-19.0909,28.4,1,6
ALDX,Healthcare,SECTOR_HEALTHCARE,B1,Batch 1 — 2022 to 2023,9,3,6,33.33,4.5289,1.1652,1054.36,10.5436,1353.14,298.78,70.6233,-5.0615,118.038,-10.8456,34.2,2,7
APLD,Technology,SECTOR_TECHNOLOGY,B1,Batch 1 — 2022 to 2023,6,5,1,83.33,11.4671,1.1623,715.32,7.1532,783.66,68.34,26.6188,-19.4203,54.9505,-19.4203,26.2,0,6
SPH,Utilities,SECTOR_UTILITIES,B1,Batch 1 — 2022 to 2023,4,2,2,50.0,3.1563,1.158,452.17,4.5217,661.87,209.7,6.7335,-2.4829,13.3559,-2.5442,12.2,0,4
FRGE,Financials,SECTOR_FINANCIALS,B1,Batch 1 — 2022 to 2023,3,1,2,33.33,4.2139,1.1501,349.96,3.4996,458.85,108.89,75.1412,-9.1111,75.1412,-16.777,55.0,0,3
BURL,Consumer Discretionary,SECTOR_CONSUMER_DISCRETIONARY,B1,Batch 1 — 2022 to 2023,6,3,3,50.0,3.3283,1.1484,680.44,6.8044,972.69,292.25,27.0708,-8.2824,40.6371,-9.7585,23.2,0,6
KOPN,Technology,SECTOR_TECHNOLOGY,B1,Batch 1 — 2022 to 2023,7,3,4,42.86,2.8704,1.1447,791.13,7.9113,1214.1,422.97,37.6134,-13.3653,82.1429,-16.2651,17.9,0,7
AMGN,Healthcare,SECTOR_HEALTHCARE,B1,Batch 1 — 2022 to 2023,4,2,2,50.0,5.4387,1.1428,439.34,4.3934,538.32,98.98,10.5614,-2.1553,11.383,-2.9514,16.8,0,4
JEF,Financials,SECTOR_FINANCIALS,B1,Batch 1 — 2022 to 2023,7,5,2,71.43,13.7765,1.1332,726.6,7.266,783.47,56.87,8.156,-1.7119,12.6259,-1.8117,17.7,0,7
ULCC,Industrials,SECTOR_INDUSTRIALS,B1,Batch 1 — 2022 to 2023,5,3,2,60.0,3.6471,1.1332,553.74,5.5374,762.93,209.19,33.7704,-7.7245,65.7471,-8.7737,29.0,0,5
WLFC,Industrials,SECTOR_INDUSTRIALS,B1,Batch 1 — 2022 to 2023,8,3,5,37.5,4.6049,1.1277,910.88,9.1088,1163.56,252.68,21.5035,-2.6809,54.5889,-5.4021,20.9,1,7
UHS,Healthcare,SECTOR_HEALTHCARE,B1,Batch 1 — 2022 to 2023,7,6,1,85.71,8.4919,1.126,718.47,7.1847,814.37,95.9,7.9614,-7.2,16.251,-7.2,19.6,2,5
DOW,Materials,SECTOR_MATERIALS,B1,Batch 1 — 2022 to 2023,4,3,1,75.0,6.3525,1.1231,447.47,4.4747,531.07,83.6,10.0842,-3.6379,22.9167,-3.6379,32.2,0,4
BK,Financials,SECTOR_FINANCIALS,B1,Batch 1 — 2022 to 2023,6,4,2,66.67,3.902,1.0988,655.71,6.5571,881.66,225.95,10.6793,-5.521,21.8936,-6.6262,30.8,1,5
BFZ,Financials,SECTOR_FINANCIALS,B1,Batch 1 — 2022 to 2023,5,2,3,40.0,3.5832,1.087,542.97,5.4297,753.16,210.19,9.7623,-1.7054,13.3333,-2.6534,24.8,0,5
SFBS,Financials,SECTOR_FINANCIALS,B1,Batch 1 — 2022 to 2023,3,1,2,33.33,2.5875,1.0865,251.46,2.5146,409.86,158.4,39.5541,-5.4879,39.5541,-5.5011,46.7,0,3
TRMK,Financials,SECTOR_FINANCIALS,B1,Batch 1 — 2022 to 2023,5,3,2,60.0,4.308,1.0863,590.22,5.9022,768.64,178.42,14.1961,-7.1903,19.0184,-8.274,33.2,0,5
HUBG,Industrials,SECTOR_INDUSTRIALS,B1,Batch 1 — 2022 to 2023,7,6,1,85.71,45.7458,1.0862,751.73,7.5173,768.53,16.8,7.4275,-1.1532,15.3426,-1.1532,15.4,0,7
MS,Financials,SECTOR_FINANCIALS,B1,Batch 1 — 2022 to 2023,6,5,1,83.33,7.7785,1.0774,659.68,6.5968,757.0,97.32,7.7297,-3.8053,15.2163,-3.8053,23.5,0,6
PANL,Industrials,SECTOR_INDUSTRIALS,B1,Batch 1 — 2022 to 2023,2,2,0,100.0,inf,1.0674,214.22,2.1422,214.22,0.0,5.737,0.0,10.7087,0.7653,13.5,0,2
UBER,Technology,SECTOR_TECHNOLOGY,B1,Batch 1 — 2022 to 2023,7,5,2,71.43,6.3011,1.0654,821.72,8.2172,976.73,155.01,15.0209,-7.2879,37.8435,-10.5626,32.4,0,7
THC,Healthcare,SECTOR_HEALTHCARE,B1,Batch 1 — 2022 to 2023,6,4,2,66.67,5.9227,1.0616,555.38,5.5538,668.2,112.82,14.1639,-4.2558,21.6606,-7.7772,18.8,1,5
NDSN,Industrials,SECTOR_INDUSTRIALS,B1,Batch 1 — 2022 to 2023,6,4,2,66.67,10.1685,1.0604,599.25,5.9925,664.61,65.36,7.1907,-1.0318,9.9463,-1.2108,16.3,0,6
MRTN,Industrials,SECTOR_INDUSTRIALS,B1,Batch 1 — 2022 to 2023,1,1,0,100.0,inf,1.0588,105.8,1.058,105.8,0.0,4.6796,0.0,4.6796,4.6796,19.0,0,1
FISV,Technology,SECTOR_TECHNOLOGY,B1,Batch 1 — 2022 to 2023,8,6,2,75.0,7.5868,1.0562,824.53,8.2453,949.71,125.18,7.1105,-2.5271,11.5917,-2.9819,18.4,0,8
WMS,Industrials,SECTOR_INDUSTRIALS,B1,Batch 1 — 2022 to 2023,8,4,4,50.0,3.4001,1.0498,854.3,8.543,1210.25,355.95,19.8863,-6.9187,42.8024,-8.2304,15.0,1,7
PAYX,Technology,SECTOR_TECHNOLOGY,B1,Batch 1 — 2022 to 2023,2,1,1,50.0,3.8884,1.049,208.69,2.0869,280.94,72.25,11.4273,-2.3768,11.4273,-2.3768,28.0,0,2
ACAD,Healthcare,SECTOR_HEALTHCARE,B1,Batch 1 — 2022 to 2023,6,4,2,66.67,3.6732,1.0482,532.03,5.3203,731.05,199.02,14.0212,-9.1706,16.4634,-11.5149,23.5,0,6
CMG,Consumer Discretionary,SECTOR_CONSUMER_DISCRETIONARY,B1,Batch 1 — 2022 to 2023,9,4,5,44.44,3.7701,1.0474,1027.06,10.2706,1397.83,370.77,15.9399,-3.8486,22.3058,-7.7462,16.9,0,9
STZ,Consumer Staples,SECTOR_CONSUMER_STAPLES,B1,Batch 1 — 2022 to 2023,3,2,1,66.67,3.7257,1.0423,293.53,2.9353,401.22,107.69,7.3186,-3.163,7.7663,-3.163,23.7,0,3
ENVA,Financials,SECTOR_FINANCIALS,B1,Batch 1 — 2022 to 2023,8,5,3,62.5,5.5046,1.041,747.45,7.4745,913.38,165.93,12.6532,-3.1463,18.9202,-5.8395,14.4,0,8
NXDR,Communication Services,SECTOR_COMMUNICATION_SERVICES,B1,Batch 1 — 2022 to 2023,3,1,2,33.33,2.8318,1.0331,329.28,3.2928,509.04,179.76,47.1963,-11.3706,47.1963,-11.5894,35.7,0,3
ORIC,Healthcare,SECTOR_HEALTHCARE,B1,Batch 1 — 2022 to 2023,8,4,4,50.0,3.197,1.032,741.21,7.4121,1078.59,337.38,35.9926,-13.6035,90.5956,-18.105,17.9,0,8
WING,Consumer Discretionary,SECTOR_CONSUMER_DISCRETIONARY,B1,Batch 1 — 2022 to 2023,9,7,2,77.78,8.5265,1.03,887.53,8.8753,1005.45,117.92,13.675,-5.125,50.6492,-9.0263,14.4,0,9
HIMS,Healthcare,SECTOR_HEALTHCARE,B1,Batch 1 — 2022 to 2023,7,5,2,71.43,12.966,1.0281,717.48,7.1748,777.44,59.96,17.1012,-3.4893,43.5897,-4.7078,18.7,0,7
ETV,Financials,SECTOR_FINANCIALS,B1,Batch 1 — 2022 to 2023,5,3,2,60.0,3.9401,1.0169,527.95,5.2795,707.52,179.57,6.594,-4.0414,9.2776,-5.1561,30.8,0,5
XYL,Industrials,SECTOR_INDUSTRIALS,B1,Batch 1 — 2022 to 2023,7,4,3,57.14,4.1557,1.011,714.23,7.1423,940.56,226.33,12.6916,-3.3329,17.8662,-4.4331,14.7,0,7
STRA,Consumer Staples,SECTOR_CONSUMER_STAPLES,B1,Batch 1 — 2022 to 2023,8,7,1,87.5,8.9819,1.0098,795.16,7.9516,894.78,99.62,7.2515,-6.0281,23.0234,-6.0281,22.6,0,8
COLL,Healthcare,SECTOR_HEALTHCARE,B1,Batch 1 — 2022 to 2023,8,4,4,50.0,3.0002,1.0079,742.52,7.4252,1113.74,371.22,21.7662,-7.1319,35.1639,-7.9103,20.4,1,7
SBSI,Financials,SECTOR_FINANCIALS,B1,Batch 1 — 2022 to 2023,4,3,1,75.0,6.2196,0.9974,394.6,3.946,470.2,75.6,7.5835,-4.1667,14.7279,-4.1667,17.2,0,4
RH,Consumer Discretionary,SECTOR_CONSUMER_DISCRETIONARY,B1,Batch 1 — 2022 to 2023,6,3,3,50.0,3.0351,0.9971,544.14,5.4414,811.52,267.38,22.1459,-8.95,40.8802,-10.6621,26.3,2,4
ALSN,Consumer Discretionary,SECTOR_CONSUMER_DISCRETIONARY,B1,Batch 1 — 2022 to 2023,7,4,3,57.14,4.7571,0.9961,707.72,7.0772,896.09,188.37,10.8087,-3.0107,19.6084,-5.1616,19.1,0,7
FFBC,Financials,SECTOR_FINANCIALS,B1,Batch 1 — 2022 to 2023,6,4,2,66.67,5.4449,0.991,559.57,5.5957,685.46,125.89,10.8762,-3.4269,12.037,-3.6094,18.8,0,6
GDV,Financials,SECTOR_FINANCIALS,B1,Batch 1 — 2022 to 2023,4,3,1,75.0,4.9071,0.9881,394.38,3.9438,495.32,100.94,5.451,-4.6161,7.3647,-4.6161,42.2,0,4
BCC,Materials,SECTOR_MATERIALS,B1,Batch 1 — 2022 to 2023,9,6,3,66.67,7.5726,0.9858,859.57,8.5957,990.35,130.78,9.3977,-3.4084,32.1319,-8.0584,14.9,0,9
EQH,Financials,SECTOR_FINANCIALS,B1,Batch 1 — 2022 to 2023,6,5,1,83.33,9.9598,0.9857,607.74,6.0774,675.57,67.83,7.4729,-3.7316,15.246,-3.7316,17.3,0,6
VHI,Materials,SECTOR_MATERIALS,B1,Batch 1 — 2022 to 2023,2,1,1,50.0,3.69,0.9824,215.2,2.152,295.2,80.0,28.5825,-10.1318,28.5825,-10.1318,59.5,0,2
DAL,Industrials,SECTOR_INDUSTRIALS,B1,Batch 1 — 2022 to 2023,7,4,3,57.14,3.4761,0.979,678.24,6.7824,952.16,273.92,15.1821,-5.9761,25.3776,-7.7388,22.6,1,6
TCPC,Financials,SECTOR_FINANCIALS,B1,Batch 1 — 2022 to 2023,6,4,2,66.67,6.9197,0.9784,504.89,5.0489,590.18,85.29,7.0861,-1.5961,17.5522,-1.8692,19.5,1,5
KTF,Financials,SECTOR_FINANCIALS,B1,Batch 1 — 2022 to 2023,3,1,2,33.33,2.3383,0.9686,280.65,2.8065,490.36,209.71,11.5578,-3.0774,11.5578,-3.4146,82.0,0,3
WSFS,Financials,SECTOR_FINANCIALS,B1,Batch 1 — 2022 to 2023,5,3,2,60.0,5.0192,0.9629,490.5,4.905,612.54,122.04,15.2228,-3.9085,15.901,-6.582,22.4,0,5
RIGL,Healthcare,SECTOR_HEALTHCARE,B1,Batch 1 — 2022 to 2023,6,4,2,66.67,4.4216,0.9565,544.55,5.4455,703.7,159.15,29.8777,-10.5757,69.5238,-11.7396,18.3,0,6
RAPT,Healthcare,SECTOR_HEALTHCARE,B1,Batch 1 — 2022 to 2023,6,4,2,66.67,4.4592,0.9554,521.55,5.2155,672.32,150.77,27.6143,-11.5546,43.7805,-16.9953,26.3,0,6
PLUS,Technology,SECTOR_TECHNOLOGY,B1,Batch 1 — 2022 to 2023,6,5,1,83.33,16.3529,0.9487,541.65,5.4165,576.93,35.28,7.6008,-3.8333,13.4395,-3.8333,15.0,0,6
FSBW,Financials,SECTOR_FINANCIALS,B1,Batch 1 — 2022 to 2023,7,5,2,71.43,3.6938,0.9475,558.0,5.58,765.14,207.14,8.1432,-5.3201,16.0959,-6.3064,19.3,0,7
ACVA,Consumer Discretionary,SECTOR_CONSUMER_DISCRETIONARY,B1,Batch 1 — 2022 to 2023,5,3,2,60.0,4.4122,0.9409,472.42,4.7242,610.87,138.45,15.3695,-7.098,34.7254,-10.7478,26.6,0,5
BHF,Financials,SECTOR_FINANCIALS,B1,Batch 1 — 2022 to 2023,6,5,1,83.33,6.6516,0.9335,558.04,5.5804,656.78,98.74,8.995,-4.8478,15.0224,-4.8478,18.8,1,5
CDZI,Utilities,SECTOR_UTILITIES,B1,Batch 1 — 2022 to 2023,7,2,5,28.57,2.4488,0.9332,651.45,6.5145,1101.1,449.65,84.7256,-10.9156,93.0876,-12.3237,21.0,0,7
KYMR,Healthcare,SECTOR_HEALTHCARE,B1,Batch 1 — 2022 to 2023,5,2,3,40.0,3.1868,0.9331,458.8,4.588,668.6,209.8,54.5588,-9.744,72.8856,-14.2857,42.0,1,4
TPG,Financials,SECTOR_FINANCIALS,B1,Batch 1 — 2022 to 2023,4,2,2,50.0,3.9119,0.9327,377.65,3.7765,507.34,129.69,15.4293,-4.5748,29.1667,-7.1127,14.0,0,4
NTAP,Technology,SECTOR_TECHNOLOGY,B1,Batch 1 — 2022 to 2023,7,3,4,42.86,3.0162,0.9283,644.21,6.4421,963.73,319.52,13.3463,-4.0651,17.8282,-5.7218,24.4,0,7
XPRO,Energy,SECTOR_ENERGY,B1,Batch 1 — 2022 to 2023,6,3,3,50.0,4.5906,0.9207,573.56,5.7356,733.3,159.74,25.9092,-4.9664,55.6122,-7.01,20.5,0,6
CSW,Industrials,SECTOR_INDUSTRIALS,B1,Batch 1 — 2022 to 2023,9,5,4,55.56,4.2557,0.9193,763.68,7.6368,998.25,234.57,11.2732,-3.3457,21.5537,-5.664,14.3,0,9
EWBC,Financials,SECTOR_FINANCIALS,B1,Batch 1 — 2022 to 2023,6,4,2,66.67,3.7345,0.9181,567.65,5.6765,775.24,207.59,10.6541,-7.0236,17.258,-8.5994,18.7,0,6
PDFS,Technology,SECTOR_TECHNOLOGY,B1,Batch 1 — 2022 to 2023,7,5,2,71.43,4.5172,0.9168,691.83,6.9183,888.53,196.7,11.9597,-6.5694,17.9878,-6.8727,16.1,0,7
SNAP,Communication Services,SECTOR_COMMUNICATION_SERVICES,B1,Batch 1 — 2022 to 2023,6,2,4,33.33,2.079,0.9155,537.71,5.3771,1036.03,498.32,43.058,-17.7281,62.3431,-30.0901,38.2,1,5
INDB,Financials,SECTOR_FINANCIALS,B1,Batch 1 — 2022 to 2023,2,1,1,50.0,3.4655,0.9143,194.82,1.9482,273.84,79.02,21.2437,-7.2402,21.2437,-7.2402,42.5,0,2
BBSI,Industrials,SECTOR_INDUSTRIALS,B1,Batch 1 — 2022 to 2023,9,5,4,55.56,5.6978,0.9138,813.85,8.1385,987.09,173.24,10.1645,-2.0284,16.8591,-3.0323,15.7,0,9
NFBK,Financials,SECTOR_FINANCIALS,B1,Batch 1 — 2022 to 2023,4,2,2,50.0,4.7976,0.9105,411.55,4.1155,519.92,108.37,14.2675,-3.4857,23.8095,-6.5868,32.0,0,4
MDLZ,Consumer Staples,SECTOR_CONSUMER_STAPLES,B1,Batch 1 — 2022 to 2023,6,4,2,66.67,4.2224,0.9073,512.94,5.1294,672.12,159.18,5.9271,-2.3077,12.5334,-3.5876,13.7,0,6
SMBC,Financials,SECTOR_FINANCIALS,B1,Batch 1 — 2022 to 2023,4,2,2,50.0,2.5065,0.9037,248.72,2.4872,413.82,165.1,18.3482,-4.8118,25.3268,-5.7341,21.8,0,4
THW,Financials,SECTOR_FINANCIALS,B1,Batch 1 — 2022 to 2023,5,3,2,60.0,3.3009,0.8936,458.76,4.5876,658.14,199.38,9.0122,-3.9425,12.7013,-4.4427,26.8,1,4
TMUS,Communication Services,SECTOR_COMMUNICATION_SERVICES,B1,Batch 1 — 2022 to 2023,2,1,1,50.0,9.306,0.8924,173.43,1.7343,194.31,20.88,7.8828,-0.8258,7.8828,-0.8258,19.5,0,2
EVLV,Industrials,SECTOR_INDUSTRIALS,B1,Batch 1 — 2022 to 2023,7,2,5,28.57,2.6586,0.8911,642.37,6.4237,1029.66,387.29,61.9497,-10.6876,84.3077,-18.5816,24.7,0,7
RPM,Materials,SECTOR_MATERIALS,B1,Batch 1 — 2022 to 2023,8,5,3,62.5,4.4006,0.8898,733.68,7.3368,949.43,215.75,7.7152,-3.9986,23.9569,-5.2182,20.1,0,8
PHM,Consumer Discretionary,SECTOR_CONSUMER_DISCRETIONARY,B1,Batch 1 — 2022 to 2023,9,5,4,55.56,3.3481,0.884,795.42,7.9542,1134.17,338.75,12.2857,-5.7635,26.0875,-8.681,17.1,0,9
PLBC,Financials,SECTOR_FINANCIALS,B1,Batch 1 — 2022 to 2023,6,3,3,50.0,2.3639,0.8836,416.08,4.1608,721.14,305.06,15.0406,-7.3883,20.7333,-9.0382,26.0,0,6
ETB,Financials,SECTOR_FINANCIALS,B1,Batch 1 — 2022 to 2023,4,3,1,75.0,4.659,0.8829,373.11,3.7311,475.08,101.97,4.0506,-6.8212,4.6603,-6.8212,32.5,0,4
THR,Industrials,SECTOR_INDUSTRIALS,B1,Batch 1 — 2022 to 2023,11,7,4,63.64,4.1658,0.8791,921.32,9.2132,1212.34,291.02,10.1561,-3.9882,25.6459,-6.4078,14.2,0,11
KALV,Healthcare,SECTOR_HEALTHCARE,B1,Batch 1 — 2022 to 2023,7,3,4,42.86,3.0574,0.8786,656.14,6.5614,975.05,318.91,40.0492,-9.8699,56.3041,-12.7691,34.3,2,5
SG,Consumer Discretionary,SECTOR_CONSUMER_DISCRETIONARY,B1,Batch 1 — 2022 to 2023,3,1,2,33.33,2.0943,0.8767,251.82,2.5182,481.95,230.13,59.401,-11.3952,59.401,-11.8402,29.3,1,2
NVDA,Technology,SECTOR_TECHNOLOGY,B1,Batch 1 — 2022 to 2023,9,3,6,33.33,3.1555,0.8765,779.5,7.795,1141.13,361.63,28.4591,-4.4265,41.8823,-10.4277,19.6,0,9
ROK,Industrials,SECTOR_INDUSTRIALS,B1,Batch 1 — 2022 to 2023,7,3,4,42.86,2.8077,0.8717,545.66,5.4566,847.51,301.85,15.9131,-3.7018,22.6912,-4.8007,21.7,0,7
WABC,Financials,SECTOR_FINANCIALS,B1,Batch 1 — 2022 to 2023,5,4,1,80.0,11.5476,0.8694,400.81,4.0081,438.81,38.0,7.3029,-1.9948,17.1894,-1.9948,19.6,1,4
WRBY,Healthcare,SECTOR_HEALTHCARE,B1,Batch 1 — 2022 to 2023,4,3,1,75.0,3.8094,0.8673,279.82,2.7982,379.42,99.6,13.4645,-7.6704,24.4604,-7.6704,13.5,0,4
OCFC,Financials,SECTOR_FINANCIALS,B1,Batch 1 — 2022 to 2023,6,4,2,66.67,3.4153,0.8598,504.03,5.0403,712.71,208.68,10.2202,-7.1615,16.724,-9.1528,30.5,1,5
PDT,Financials,SECTOR_FINANCIALS,B1,Batch 1 — 2022 to 2023,5,2,3,40.0,2.5109,0.8585,451.4,4.514,750.16,298.76,13.2474,-3.9162,18.1269,-4.2366,28.4,0,5
OMER,Healthcare,SECTOR_HEALTHCARE,B1,Batch 1 — 2022 to 2023,7,3,4,42.86,2.667,0.8574,552.06,5.5206,883.22,331.16,53.7445,-14.1046,95.6757,-21.0443,27.6,1,6
RXST,Healthcare,SECTOR_HEALTHCARE,B1,Batch 1 — 2022 to 2023,7,4,3,57.14,4.6145,0.8535,593.65,5.9365,757.89,164.24,16.9134,-6.0619,32.7273,-12.3243,14.7,0,7
DG,Consumer Staples,SECTOR_CONSUMER_STAPLES,B1,Batch 1 — 2022 to 2023,6,4,2,66.67,4.2088,0.8509,470.03,4.7003,616.51,146.48,9.8102,-2.6571,25.859,-3.3962,27.0,1,5
NCLH,Consumer Discretionary,SECTOR_CONSUMER_DISCRETIONARY,B1,Batch 1 — 2022 to 2023,8,5,3,62.5,3.5107,0.8499,667.47,6.6747,933.32,265.85,18.3854,-7.8582,34.2697,-10.048,22.6,0,8
WRLD,Financials,SECTOR_FINANCIALS,B1,Batch 1 — 2022 to 2023,6,3,3,50.0,4.2801,0.8463,430.54,4.3054,561.8,131.26,20.2913,-4.6481,35.1166,-11.1603,25.8,0,6
MYN,Financials,SECTOR_FINANCIALS,B1,Batch 1 — 2022 to 2023,4,1,3,25.0,2.128,0.8457,337.66,3.3766,637.0,299.34,14.3805,-2.8548,14.3805,-3.1773,68.2,0,4
RF,Financials,SECTOR_FINANCIALS,B1,Batch 1 — 2022 to 2023,3,2,1,66.67,3.2396,0.8439,243.67,2.4367,352.47,108.8,10.3158,-6.9489,15.2574,-6.9489,21.0,0,3
WNC,Industrials,SECTOR_INDUSTRIALS,B1,Batch 1 — 2022 to 2023,7,4,3,57.14,3.4738,0.8431,583.17,5.8317,818.91,235.74,14.8618,-6.3223,26.0427,-8.8748,18.1,0,7
CRUS,Technology,SECTOR_TECHNOLOGY,B1,Batch 1 — 2022 to 2023,6,3,3,50.0,3.0494,0.841,532.52,5.3252,792.36,259.84,18.6185,-4.998,35.9995,-5.5124,22.3,0,6
FBIZ,Financials,SECTOR_FINANCIALS,B1,Batch 1 — 2022 to 2023,4,3,1,75.0,11.6653,0.8405,339.37,3.3937,371.19,31.82,8.3453,-2.0442,17.6945,-2.0442,21.0,0,4
MBWM,Financials,SECTOR_FINANCIALS,B1,Batch 1 — 2022 to 2023,4,2,2,50.0,4.0791,0.8336,292.82,2.9282,387.92,95.1,15.2794,-2.8065,22.4703,-3.6095,18.0,0,4
STEP,Financials,SECTOR_FINANCIALS,B1,Batch 1 — 2022 to 2023,6,4,2,66.67,3.847,0.8334,463.09,4.6309,625.75,162.66,11.1286,-6.718,23.834,-8.0343,22.8,0,6
MOD,Consumer Discretionary,SECTOR_CONSUMER_DISCRETIONARY,B1,Batch 1 — 2022 to 2023,14,9,5,64.29,3.9867,0.8329,1216.31,12.1631,1623.55,407.24,14.2244,-6.2261,37.1697,-7.307,10.4,0,14
SGI,Consumer Discretionary,SECTOR_CONSUMER_DISCRETIONARY,B1,Batch 1 — 2022 to 2023,8,6,2,75.0,7.7312,0.8214,683.15,6.8315,784.64,101.49,9.2614,-2.4983,28.3347,-4.8446,20.5,0,8
ERIE,Financials,SECTOR_FINANCIALS,B1,Batch 1 — 2022 to 2023,12,6,6,50.0,3.826,0.8183,903.6,9.036,1223.35,319.75,9.8562,-2.7973,26.568,-4.5443,12.7,0,12
BLFS,Healthcare,SECTOR_HEALTHCARE,B1,Batch 1 — 2022 to 2023,6,4,2,66.67,4.4412,0.8138,483.62,4.8362,624.16,140.54,21.669,-9.6496,46.6352,-13.4214,20.7,0,6
NTNX,Technology,SECTOR_TECHNOLOGY,B1,Batch 1 — 2022 to 2023,11,5,6,45.45,3.6028,0.8104,886.71,8.8671,1227.39,340.68,18.9804,-3.5417,60.7251,-6.1135,15.5,0,11
VRT,Industrials,SECTOR_INDUSTRIALS,B1,Batch 1 — 2022 to 2023,10,3,7,30.0,3.996,0.8104,836.42,8.3642,1115.6,279.18,31.4128,-3.8424,64.539,-8.8965,17.8,0,10
VITL,Consumer Staples,SECTOR_CONSUMER_STAPLES,B1,Batch 1 — 2022 to 2023,6,4,2,66.67,5.5952,0.8102,528.17,5.2817,643.11,114.94,13.9768,-5.0712,27.8253,-8.0617,12.8,0,6
BOKF,Financials,SECTOR_FINANCIALS,B1,Batch 1 — 2022 to 2023,6,4,2,66.67,3.2169,0.81,432.92,4.3292,628.2,195.28,9.5421,-6.1818,16.2744,-6.977,15.3,0,6
AMD,Technology,SECTOR_TECHNOLOGY,B1,Batch 1 — 2022 to 2023,6,5,1,83.33,5.3283,0.8075,457.93,4.5793,563.73,105.8,9.6112,-10.8614,21.3223,-10.8614,19.3,0,6
DLTR,Consumer Staples,SECTOR_CONSUMER_STAPLES,B1,Batch 1 — 2022 to 2023,4,2,2,50.0,3.5075,0.806,313.66,3.1366,438.75,125.09,10.637,-2.7689,17.7684,-4.4736,18.8,0,4
CNXN,Technology,SECTOR_TECHNOLOGY,B1,Batch 1 — 2022 to 2023,6,4,2,66.67,5.7676,0.8031,454.21,4.5421,549.48,95.27,6.5679,-2.4703,10.0752,-3.4315,13.2,0,6
MRAM,Technology,SECTOR_TECHNOLOGY,B1,Batch 1 — 2022 to 2023,6,5,1,83.33,5.8296,0.8016,479.77,4.7977,579.11,99.34,10.3757,-10.7118,20.3103,-10.7118,15.0,0,6
MFIC,Financials,SECTOR_FINANCIALS,B1,Batch 1 — 2022 to 2023,7,5,2,71.43,5.4931,0.8008,615.65,6.1565,752.67,137.02,5.3698,-2.2503,12.2222,-2.6597,12.7,0,7
CMS,Utilities,SECTOR_UTILITIES,B1,Batch 1 — 2022 to 2023,3,3,0,100.0,inf,0.7983,239.31,2.3931,239.31,0.0,3.7434,0.0,8.6506,0.5656,20.3,1,2
BLD,Industrials,SECTOR_INDUSTRIALS,B1,Batch 1 — 2022 to 2023,8,4,4,50.0,2.7626,0.798,587.37,5.8737,920.62,333.25,17.1719,-6.7603,36.1153,-8.2973,21.4,1,7
NSIT,Technology,SECTOR_TECHNOLOGY,B1,Batch 1 — 2022 to 2023,10,6,4,60.0,6.1123,0.7976,739.65,7.3965,884.33,144.68,7.3681,-1.9567,12.5891,-4.9626,15.1,0,10
UTI,Consumer Staples,SECTOR_CONSUMER_STAPLES,B1,Batch 1 — 2022 to 2023,7,4,3,57.14,2.978,0.7957,538.55,5.3855,810.82,272.27,12.8275,-6.7517,35.2129,-7.9296,17.0,1,6
MLKN,Consumer Discretionary,SECTOR_CONSUMER_DISCRETIONARY,B1,Batch 1 — 2022 to 2023,6,2,4,33.33,2.0158,0.7891,452.11,4.5211,897.2,445.09,32.2263,-8.5843,57.6094,-10.3307,28.7,2,4
CELH,Consumer Staples,SECTOR_CONSUMER_STAPLES,B1,Batch 1 — 2022 to 2023,9,5,4,55.56,6.5262,0.7886,710.23,7.1023,838.75,128.52,16.147,-4.1329,32.9832,-7.0516,14.8,0,9
NFLX,Communication Services,SECTOR_COMMUNICATION_SERVICES,B1,Batch 1 — 2022 to 2023,8,4,4,50.0,3.2848,0.7857,599.07,5.9907,861.27,262.2,17.6576,-3.4024,43.1955,-6.2618,24.4,1,7
RYTM,Healthcare,SECTOR_HEALTHCARE,B1,Batch 1 — 2022 to 2023,12,3,9,25.0,1.9839,0.7785,689.78,6.8978,1390.87,701.09,92.9848,-10.9788,250.9464,-20.6706,11.3,1,11
FDMT,Healthcare,SECTOR_HEALTHCARE,B1,Batch 1 — 2022 to 2023,6,2,4,33.33,2.2216,0.7775,447.43,4.4743,813.71,366.28,60.6018,-13.2984,63.5556,-15.8247,16.7,2,4
UCB,Financials,SECTOR_FINANCIALS,B1,Batch 1 — 2022 to 2023,6,4,2,66.67,7.0606,0.7727,418.97,4.1897,488.1,69.13,8.7779,-1.8995,13.5404,-1.903,19.0,1,5
AAL,Industrials,SECTOR_INDUSTRIALS,B1,Batch 1 — 2022 to 2023,6,4,2,66.67,3.3215,0.7712,461.94,4.6194,660.92,198.98,10.9369,-8.3194,18.9974,-9.8844,21.0,1,5
FAF,Financials,SECTOR_FINANCIALS,B1,Batch 1 — 2022 to 2023,6,3,3,50.0,2.8718,0.7692,470.87,4.7087,722.43,251.56,13.0528,-4.1184,21.9936,-6.4892,27.2,0,6
SPXC,Industrials,SECTOR_INDUSTRIALS,B1,Batch 1 — 2022 to 2023,10,7,3,70.0,4.8914,0.7659,785.83,7.8583,987.77,201.94,8.268,-4.222,22.4094,-5.0099,16.9,0,10
CCAP,Financials,SECTOR_FINANCIALS,B1,Batch 1 — 2022 to 2023,7,5,2,71.43,4.3844,0.7652,528.04,5.2804,684.06,156.02,5.9754,-3.7511,14.6325,-5.6255,16.1,0,7
NNI,Financials,SECTOR_FINANCIALS,B1,Batch 1 — 2022 to 2023,6,5,1,83.33,83.9396,0.7648,452.85,4.5285,458.31,5.46,3.8209,-0.2217,6.7085,-0.2217,12.8,0,6
BRZE,Technology,SECTOR_TECHNOLOGY,B1,Batch 1 — 2022 to 2023,5,3,2,60.0,5.736,0.7609,381.44,3.8144,461.98,80.54,12.9493,-3.6488,24.7187,-5.7267,11.6,0,5
MHO,Consumer Discretionary,SECTOR_CONSUMER_DISCRETIONARY,B1,Batch 1 — 2022 to 2023,11,6,5,54.55,3.1987,0.7593,812.01,8.1201,1181.32,369.31,12.6384,-5.5489,36.2972,-8.4097,16.7,0,11
RBB,Financials,SECTOR_FINANCIALS,B1,Batch 1 — 2022 to 2023,4,2,2,50.0,3.7879,0.7592,282.0,2.82,383.15,101.15,19.2422,-2.2226,23.4538,-4.3565,40.5,1,3
KRUS,Consumer Discretionary,SECTOR_CONSUMER_DISCRETIONARY,B1,Batch 1 — 2022 to 2023,4,3,1,75.0,26.0682,0.7571,253.69,2.5369,263.81,10.12,11.2005,-0.9229,22.5172,-0.9229,19.5,0,4
EOSE,Industrials,SECTOR_INDUSTRIALS,B1,Batch 1 — 2022 to 2023,6,2,4,33.33,2.0169,0.7562,385.8,3.858,765.2,379.4,77.8846,-26.9346,100.0,-33.1681,30.5,0,6
CAF,Financials,SECTOR_FINANCIALS,B1,Batch 1 — 2022 to 2023,3,1,2,33.33,1.9805,0.7555,227.01,2.2701,458.54,231.53,16.5211,-3.5962,16.5211,-4.2153,37.3,1,2
XPO,Industrials,SECTOR_INDUSTRIALS,B1,Batch 1 — 2022 to 2023,10,4,6,40.0,2.5883,0.7554,806.26,8.0626,1313.87,507.61,22.518,-6.9434,36.2353,-14.6423,17.5,0,10
WM,Industrials,SECTOR_INDUSTRIALS,B1,Batch 1 — 2022 to 2023,2,2,0,100.0,inf,0.7541,148.67,1.4867,148.67,0.0,2.4428,0.0,3.3756,1.5099,16.5,0,2
AXON,Industrials,SECTOR_INDUSTRIALS,B1,Batch 1 — 2022 to 2023,8,2,6,25.0,2.8046,0.7514,646.37,6.4637,1004.54,358.17,41.0877,-4.1253,75.0821,-6.6229,19.4,0,8
SHAK,Consumer Discretionary,SECTOR_CONSUMER_DISCRETIONARY,B1,Batch 1 — 2022 to 2023,5,4,1,80.0,4.766,0.7483,363.34,3.6334,459.82,96.48,8.1151,-9.8885,18.2899,-9.8885,40.2,0,5
SRCE,Financials,SECTOR_FINANCIALS,B1,Batch 1 — 2022 to 2023,7,4,3,57.14,2.9234,0.7464,438.11,4.3811,665.89,227.78,8.505,-4.0671,11.446,-6.0468,13.7,0,7
FULT,Financials,SECTOR_FINANCIALS,B1,Batch 1 — 2022 to 2023,6,3,3,50.0,4.8409,0.7455,405.91,4.0591,511.59,105.68,11.3532,-1.7767,15.4664,-4.9986,32.3,1,5
TPL,Energy,SECTOR_ENERGY,B1,Batch 1 — 2022 to 2023,10,7,3,70.0,4.8807,0.7439,749.33,7.4933,942.42,193.09,9.7886,-5.5252,30.6759,-6.9547,12.3,0,10
DSGR,Industrials,SECTOR_INDUSTRIALS,B1,Batch 1 — 2022 to 2023,7,4,3,57.14,3.3811,0.7411,536.07,5.3607,761.21,225.14,16.6972,-6.2558,43.9354,-9.116,27.3,1,6
RMT,Financials,SECTOR_FINANCIALS,B1,Batch 1 — 2022 to 2023,5,3,2,60.0,2.6383,0.7374,357.72,3.5772,576.07,218.35,7.4872,-5.222,8.2286,-5.3333,36.4,0,5
HRTG,Financials,SECTOR_FINANCIALS,B1,Batch 1 — 2022 to 2023,9,4,5,44.44,2.8897,0.7339,579.52,5.7952,886.19,306.67,32.24,-7.9947,73.7705,-13.555,14.9,0,9
PANW,Technology,SECTOR_TECHNOLOGY,B1,Batch 1 — 2022 to 2023,9,3,6,33.33,3.2878,0.7331,687.52,6.8752,988.03,300.51,18.8655,-2.783,23.2297,-4.9417,11.6,0,9
POWI,Technology,SECTOR_TECHNOLOGY,B1,Batch 1 — 2022 to 2023,6,4,2,66.67,3.3438,0.7306,417.79,4.1779,596.04,178.25,11.7062,-5.6028,21.9526,-7.3922,28.8,0,6
TRVI,Healthcare,SECTOR_HEALTHCARE,B1,Batch 1 — 2022 to 2023,13,5,8,38.46,2.66,0.7292,994.07,9.9407,1592.91,598.84,55.9863,-12.5194,121.5844,-15.4947,11.3,1,12
OGN,Healthcare,SECTOR_HEALTHCARE,B1,Batch 1 — 2022 to 2023,5,2,3,40.0,2.0457,0.7264,311.92,3.1192,610.22,298.3,24.3873,-5.2917,34.9352,-5.9677,26.4,2,3
WD,Financials,SECTOR_FINANCIALS,B1,Batch 1 — 2022 to 2023,5,2,3,40.0,2.4286,0.7202,414.23,4.1423,704.19,289.96,25.3682,-6.7669,26.8869,-7.2546,31.4,1,4
META,Communication Services,SECTOR_COMMUNICATION_SERVICES,B1,Batch 1 — 2022 to 2023,11,6,5,54.55,3.9261,0.7201,777.33,7.7733,1042.98,265.65,13.2893,-4.4961,44.4624,-8.3164,16.5,2,9
TCBK,Financials,SECTOR_FINANCIALS,B1,Batch 1 — 2022 to 2023,9,3,6,33.33,3.3525,0.7157,637.35,6.3735,908.28,270.93,15.1997,-3.1048,22.203,-8.5368,15.6,1,8
AGM,Financials,SECTOR_FINANCIALS,B1,Batch 1 — 2022 to 2023,11,7,4,63.64,4.0991,0.7147,660.86,6.6086,874.1,213.24,6.991,-2.9788,11.6226,-4.2954,14.4,0,11
SM,Energy,SECTOR_ENERGY,B1,Batch 1 — 2022 to 2023,4,1,3,25.0,3.2517,0.7083,274.15,2.7415,395.9,121.75,36.0877,-2.5573,36.0877,-3.9123,18.8,0,4
PAYO,Technology,SECTOR_TECHNOLOGY,B1,Batch 1 — 2022 to 2023,5,3,2,60.0,2.5678,0.7081,290.98,2.9098,476.58,185.6,18.9334,-11.855,26.4766,-15.9681,27.6,1,4
PARR,Energy,SECTOR_ENERGY,B1,Batch 1 — 2022 to 2023,11,6,5,54.55,5.2989,0.7081,766.8,7.668,945.17,178.37,12.5877,-2.6369,23.0905,-3.6603,12.9,0,11
HIX,Financials,SECTOR_FINANCIALS,B1,Batch 1 — 2022 to 2023,5,2,3,40.0,2.1422,0.708,373.13,3.7313,699.81,326.68,11.5325,-3.932,15.5925,-4.6022,39.4,0,5
ODC,Materials,SECTOR_MATERIALS,B1,Batch 1 — 2022 to 2023,10,7,3,70.0,7.8811,0.7053,716.74,7.1674,820.9,104.16,8.3111,-1.7248,28.4451,-3.3673,16.0,0,10
BEPC,Utilities,SECTOR_UTILITIES,B1,Batch 1 — 2022 to 2023,7,4,3,57.14,3.0062,0.7046,478.65,4.7865,717.23,238.58,11.2566,-4.3934,15.6566,-6.6517,17.4,1,6
RRX,Industrials,SECTOR_INDUSTRIALS,B1,Batch 1 — 2022 to 2023,9,4,5,44.44,3.195,0.6996,641.74,6.4174,934.1,292.36,14.3224,-3.3306,19.9648,-6.2965,12.4,2,7
NQP,Financials,SECTOR_FINANCIALS,B1,Batch 1 — 2022 to 2023,4,1,3,25.0,1.9315,0.6993,279.34,2.7934,579.21,299.87,12.5243,-2.6033,12.5243,-3.0592,70.0,1,3
PNFP,Financials,SECTOR_FINANCIALS,B1,Batch 1 — 2022 to 2023,5,2,3,40.0,2.6035,0.6988,407.25,4.0725,661.23,253.98,27.2516,-6.3163,36.7893,-6.6277,41.0,0,5
OSIS,Technology,SECTOR_TECHNOLOGY,B1,Batch 1 — 2022 to 2023,10,7,3,70.0,3.9589,0.6975,690.82,6.9082,924.29,233.47,6.7025,-3.7933,13.0644,-5.043,18.5,0,10
BYRN,Industrials,SECTOR_INDUSTRIALS,B1,Batch 1 — 2022 to 2023,4,2,2,50.0,2.2677,0.6955,252.92,2.5292,452.43,199.51,33.3289,-11.206,35.7488,-11.8083,45.0,0,4
DOCN,Technology,SECTOR_TECHNOLOGY,B1,Batch 1 — 2022 to 2023,6,3,3,50.0,2.7956,0.6945,441.8,4.418,687.85,246.05,21.9612,-11.738,25.0429,-18.8955,23.3,1,5
HOV,Consumer Discretionary,SECTOR_CONSUMER_DISCRETIONARY,B1,Batch 1 — 2022 to 2023,10,4,6,40.0,2.8091,0.692,643.19,6.4319,998.73,355.54,27.0978,-6.9151,55.467,-12.9802,17.6,0,10
CLSK,Financials,SECTOR_FINANCIALS,B1,Batch 1 — 2022 to 2023,8,3,5,37.5,2.1458,0.6915,575.84,5.7584,1078.4,502.56,58.9164,-17.483,137.6462,-18.7127,15.2,0,8
DCTH,Healthcare,SECTOR_HEALTHCARE,B1,Batch 1 — 2022 to 2023,6,3,3,50.0,2.5248,0.687,354.8,3.548,587.49,232.69,25.8296,-9.2607,38.9728,-10.9546,22.5,0,6
DFH,Consumer Discretionary,SECTOR_CONSUMER_DISCRETIONARY,B1,Batch 1 — 2022 to 2023,10,6,4,60.0,3.0249,0.6817,650.27,6.5027,971.4,321.13,13.4576,-8.0634,31.7293,-11.7888,12.1,1,9
NGVT,Materials,SECTOR_MATERIALS,B1,Batch 1 — 2022 to 2023,8,4,4,50.0,2.7935,0.6807,542.33,5.4233,844.72,302.39,13.7987,-5.1104,29.0408,-7.125,26.4,1,7
ALNT,Technology,SECTOR_TECHNOLOGY,B1,Batch 1 — 2022 to 2023,9,4,5,44.44,3.9278,0.6792,583.59,5.8359,782.92,199.33,14.1464,-3.0453,35.6,-9.9279,18.9,0,9
MZTI,Consumer Staples,SECTOR_CONSUMER_STAPLES,B1,Batch 1 — 2022 to 2023,8,4,4,50.0,2.3909,0.6789,533.79,5.3379,917.55,383.76,11.7167,-4.4057,26.7339,-4.9061,13.6,1,7
AGYS,Technology,SECTOR_TECHNOLOGY,B1,Batch 1 — 2022 to 2023,1,1,0,100.0,inf,0.6762,50.4,0.504,50.4,0.0,5.25,0.0,5.25,5.25,12.0,0,1
PZZA,Consumer Discretionary,SECTOR_CONSUMER_DISCRETIONARY,B1,Batch 1 — 2022 to 2023,4,3,1,75.0,3.3997,0.6757,258.74,2.5874,366.56,107.82,8.2639,-6.6188,11.8782,-6.6188,33.8,0,4
INSW,Energy,SECTOR_ENERGY,B1,Batch 1 — 2022 to 2023,13,9,4,69.23,5.0453,0.6721,818.41,8.1841,1020.72,202.31,9.8472,-3.6593,25.5926,-8.0044,12.7,0,13
BKU,Financials,SECTOR_FINANCIALS,B1,Batch 1 — 2022 to 2023,6,3,3,50.0,2.2911,0.6713,395.94,3.9594,702.62,306.68,21.5851,-6.7432,36.6299,-7.643,22.7,1,5
NKTR,Healthcare,SECTOR_HEALTHCARE,B1,Batch 1 — 2022 to 2023,5,1,4,20.0,1.6478,0.671,367.5,3.675,934.8,567.3,135.7143,-18.2649,135.7143,-35.4015,23.8,0,5
HOOD,Financials,SECTOR_FINANCIALS,B1,Batch 1 — 2022 to 2023,3,2,1,66.67,2.8318,0.6696,181.9,1.819,281.2,99.3,11.7455,-7.2229,16.1381,-7.2229,13.0,0,3
DE,Industrials,SECTOR_INDUSTRIALS,B1,Batch 1 — 2022 to 2023,6,5,1,83.33,199.8469,0.6694,389.74,3.8974,391.7,1.96,4.2005,-0.1284,10.1116,-0.1284,12.7,0,6
VICR,Technology,SECTOR_TECHNOLOGY,B1,Batch 1 — 2022 to 2023,7,3,4,42.86,2.3431,0.6693,522.01,5.2201,910.66,388.65,21.985,-10.4239,30.7447,-12.1795,17.7,1,6
PRG,Industrials,SECTOR_INDUSTRIALS,B1,Batch 1 — 2022 to 2023,7,4,3,57.14,3.2964,0.6691,463.81,4.6381,665.78,201.97,12.8128,-7.2934,33.3603,-11.1473,17.4,1,6
NBN,Financials,SECTOR_FINANCIALS,B1,Batch 1 — 2022 to 2023,5,4,1,80.0,5.019,0.6649,283.58,2.8358,354.14,70.56,6.0177,-4.3353,7.7695,-4.3353,16.6,0,5
AEHR,Technology,SECTOR_TECHNOLOGY,B1,Batch 1 — 2022 to 2023,11,4,7,36.36,3.2041,0.6648,721.48,7.2148,1048.82,327.34,35.2388,-6.4312,95.338,-14.8867,11.0,0,11
SMP,Consumer Discretionary,SECTOR_CONSUMER_DISCRETIONARY,B1,Batch 1 — 2022 to 2023,6,4,2,66.67,3.2878,0.6646,416.01,4.1601,597.85,181.84,8.1068,-4.6217,12.9503,-5.052,33.0,1,5
KD,Technology,SECTOR_TECHNOLOGY,B1,Batch 1 — 2022 to 2023,3,3,0,100.0,inf,0.6608,171.59,1.7159,171.59,0.0,5.3494,0.0,11.7447,2.0041,17.7,0,3
SSRM,Materials,SECTOR_MATERIALS,B1,Batch 1 — 2022 to 2023,3,2,1,66.67,3.67,0.6602,211.38,2.1138,290.55,79.17,10.7512,-4.9125,11.6048,-4.9125,26.7,0,3
HLNE,Financials,SECTOR_FINANCIALS,B1,Batch 1 — 2022 to 2023,8,5,3,62.5,3.3512,0.6573,564.29,5.6429,804.29,240.0,9.1317,-4.8409,20.6484,-7.0925,16.9,0,8
AX,Financials,SECTOR_FINANCIALS,B1,Batch 1 — 2022 to 2023,7,4,3,57.14,2.3121,0.6566,372.43,3.7243,656.27,283.84,13.7583,-7.2504,22.2708,-8.3661,12.4,0,7
INOD,Technology,SECTOR_TECHNOLOGY,B1,Batch 1 — 2022 to 2023,8,2,6,25.0,2.0834,0.6544,515.64,5.1564,991.6,475.96,51.3473,-11.5751,100.5917,-14.4988,11.0,0,8
PWP,Financials,SECTOR_FINANCIALS,B1,Batch 1 — 2022 to 2023,7,4,3,57.14,2.5967,0.65,461.41,4.6141,750.39,288.98,15.9296,-7.9709,26.755,-9.2769,20.7,0,7
TFSL,Financials,SECTOR_FINANCIALS,B1,Batch 1 — 2022 to 2023,6,4,2,66.67,3.1025,0.6489,419.54,4.1954,619.08,199.54,6.7443,-4.8121,15.0201,-5.3983,20.7,0,6
ACLS,Technology,SECTOR_TECHNOLOGY,B1,Batch 1 — 2022 to 2023,9,4,5,44.44,2.8015,0.6476,614.77,6.1477,956.03,341.26,21.7875,-6.4275,29.8142,-14.9982,11.0,0,9
MLM,Materials,SECTOR_MATERIALS,B1,Batch 1 — 2022 to 2023,9,7,2,77.78,4.9492,0.646,554.98,5.5498,695.51,140.53,5.1789,-4.9456,10.905,-6.654,14.4,2,7
LASR,Technology,SECTOR_TECHNOLOGY,B1,Batch 1 — 2022 to 2023,6,3,3,50.0,2.2762,0.6445,420.44,4.2044,749.89,329.45,19.6202,-11.4804,35.5865,-14.0784,21.2,0,6
BCML,Financials,SECTOR_FINANCIALS,B1,Batch 1 — 2022 to 2023,6,6,0,100.0,inf,0.6423,355.5,3.555,355.5,0.0,3.6677,0.0,12.8175,0.0484,15.0,0,6
TAP,Consumer Staples,SECTOR_CONSUMER_STAPLES,B1,Batch 1 — 2022 to 2023,5,3,2,60.0,2.2904,0.641,319.04,3.1904,566.28,247.24,7.4241,-4.376,16.6359,-4.7654,13.2,1,4
RXRX,Healthcare,SECTOR_HEALTHCARE,B1,Batch 1 — 2022 to 2023,5,3,2,60.0,2.5631,0.6383,279.27,2.7927,457.93,178.66,27.3762,-16.4991,38.2946,-17.3662,48.8,0,5
CELC,Healthcare,SECTOR_HEALTHCARE,B1,Batch 1 — 2022 to 2023,6,3,3,50.0,2.6295,0.6355,380.27,3.8027,613.64,233.37,31.1016,-9.3466,64.9664,-16.0153,31.7,0,6
CWH,Consumer Discretionary,SECTOR_CONSUMER_DISCRETIONARY,B1,Batch 1 — 2022 to 2023,8,4,4,50.0,2.5771,0.6329,456.32,4.5632,745.66,289.34,16.263,-5.4348,24.1236,-7.8792,12.8,0,8
IAC,Communication Services,SECTOR_COMMUNICATION_SERVICES,B1,Batch 1 — 2022 to 2023,5,2,3,40.0,2.1001,0.6308,325.75,3.2575,621.85,296.1,19.7166,-8.9183,26.5226,-9.3884,45.8,1,4
AMWD,Consumer Discretionary,SECTOR_CONSUMER_DISCRETIONARY,B1,Batch 1 — 2022 to 2023,8,3,5,37.5,2.9804,0.6297,582.46,5.8246,876.57,294.11,16.3686,-5.0045,36.2747,-9.7603,18.5,0,8
Z,Communication Services,SECTOR_COMMUNICATION_SERVICES,B1,Batch 1 — 2022 to 2023,8,5,3,62.5,2.6947,0.6272,412.51,4.1251,655.92,243.41,14.0002,-8.6897,36.6667,-11.6057,19.5,1,7
VLY,Financials,SECTOR_FINANCIALS,B1,Batch 1 — 2022 to 2023,6,4,2,66.67,2.7752,0.6255,372.39,3.7239,582.16,209.77,9.6933,-8.3887,20.4082,-10.8505,26.8,1,5
FCF,Financials,SECTOR_FINANCIALS,B1,Batch 1 — 2022 to 2023,5,3,2,60.0,3.0279,0.6253,364.25,3.6425,543.87,179.62,9.872,-5.1493,12.3596,-5.5267,21.6,0,5
FRBA,Financials,SECTOR_FINANCIALS,B1,Batch 1 — 2022 to 2023,4,3,1,75.0,3.5904,0.6227,206.48,2.0648,286.19,79.71,8.8759,-3.8377,16.6667,-3.8377,23.5,0,4
CROX,Consumer Discretionary,SECTOR_CONSUMER_DISCRETIONARY,B1,Batch 1 — 2022 to 2023,7,4,3,57.14,2.7075,0.6209,464.42,4.6442,736.41,271.99,18.6126,-8.5688,51.134,-9.2371,21.1,0,7
BEN,Financials,SECTOR_FINANCIALS,B1,Batch 1 — 2022 to 2023,7,4,3,57.14,2.4744,0.6197,476.88,4.7688,800.31,323.43,10.4996,-7.1071,18.3673,-8.6925,20.1,0,7
EVCM,Technology,SECTOR_TECHNOLOGY,B1,Batch 1 — 2022 to 2023,4,2,2,50.0,3.1006,0.6196,267.16,2.6716,394.34,127.18,23.4668,-6.3837,43.1564,-9.5575,14.5,1,3
STRL,Industrials,SECTOR_INDUSTRIALS,B1,Batch 1 — 2022 to 2023,13,6,7,46.15,2.5433,0.6185,739.73,7.3973,1219.04,479.31,13.7663,-4.4866,25.5469,-6.9915,9.4,0,13
FIZZ,Consumer Staples,SECTOR_CONSUMER_STAPLES,B1,Batch 1 — 2022 to 2023,9,6,3,66.67,5.5991,0.6182,559.8,5.598,681.52,121.72,6.9875,-2.6258,14.1817,-3.1544,19.9,1,8
AME,Industrials,SECTOR_INDUSTRIALS,B1,Batch 1 — 2022 to 2023,9,6,3,66.67,4.5872,0.6173,539.01,5.3901,689.27,150.26,4.9674,-2.0252,12.2207,-3.7696,13.1,0,9
EYPT,Healthcare,SECTOR_HEALTHCARE,B1,Batch 1 — 2022 to 2023,8,5,3,62.5,2.6076,0.6134,446.47,4.4647,724.19,277.72,25.7253,-14.2883,68.1234,-14.9247,15.0,2,6
PFBC,Financials,SECTOR_FINANCIALS,B1,Batch 1 — 2022 to 2023,7,4,3,57.14,3.7812,0.6116,417.07,4.1707,567.03,149.96,10.4802,-2.2218,30.4365,-2.6483,13.9,1,6
EMN,Materials,SECTOR_MATERIALS,B1,Batch 1 — 2022 to 2023,4,2,2,50.0,2.2512,0.6087,242.77,2.4277,436.8,194.03,12.8158,-5.9377,14.6818,-6.1065,63.2,2,2
RDN,Financials,SECTOR_FINANCIALS,B1,Batch 1 — 2022 to 2023,9,6,3,66.67,3.8482,0.6054,569.49,5.6949,769.44,199.95,5.8803,-3.2429,14.7826,-4.6713,12.7,0,9
LOPE,Consumer Staples,SECTOR_CONSUMER_STAPLES,B1,Batch 1 — 2022 to 2023,10,4,6,40.0,2.5433,0.6032,574.63,5.7463,946.96,372.33,13.231,-2.7252,28.0306,-4.3642,12.6,0,10
SAIA,Industrials,SECTOR_INDUSTRIALS,B1,Batch 1 — 2022 to 2023,9,5,4,55.56,8.3436,0.6002,502.74,5.0274,571.2,68.46,10.6207,-1.6468,21.2987,-2.7685,12.0,0,9
TTD,Communication Services,SECTOR_COMMUNICATION_SERVICES,B1,Batch 1 — 2022 to 2023,7,4,3,57.14,4.5823,0.599,408.7,4.087,522.79,114.09,14.5671,-2.8456,33.6117,-3.4413,12.6,0,7
EME,Industrials,SECTOR_INDUSTRIALS,B1,Batch 1 — 2022 to 2023,12,5,7,41.67,2.3221,0.597,712.28,7.1228,1251.02,538.74,11.1094,-3.8215,23.484,-5.1987,11.2,0,12
ARW,Technology,SECTOR_TECHNOLOGY,B1,Batch 1 — 2022 to 2023,7,3,4,42.86,2.9081,0.5965,401.51,4.0151,611.93,210.42,11.3408,-2.3501,26.7379,-4.57,18.4,1,6
CHD,Consumer Staples,SECTOR_CONSUMER_STAPLES,B1,Batch 1 — 2022 to 2023,7,5,2,71.43,5.4343,0.5957,419.35,4.1935,513.92,94.57,3.1917,-1.578,5.8779,-2.2094,18.6,0,7
VMC,Materials,SECTOR_MATERIALS,B1,Batch 1 — 2022 to 2023,9,5,4,55.56,3.4437,0.592,536.56,5.3656,756.13,219.57,6.5442,-2.8882,11.7899,-4.3509,10.9,1,8
UPST,Financials,SECTOR_FINANCIALS,B1,Batch 1 — 2022 to 2023,8,3,5,37.5,2.0277,0.5911,463.82,4.6382,915.12,451.3,51.5906,-17.8825,66.8,-22.0355,11.0,0,8
ARDX,Healthcare,SECTOR_HEALTHCARE,B1,Batch 1 — 2022 to 2023,11,5,6,45.45,2.3047,0.5901,518.83,5.1883,916.49,397.66,30.2751,-9.7391,71.8539,-16.5749,13.9,0,11
COST,Consumer Staples,SECTOR_CONSUMER_STAPLES,B1,Batch 1 — 2022 to 2023,6,3,3,50.0,3.9324,0.5899,377.52,3.7752,506.26,128.74,5.2486,-1.5257,11.9418,-3.4827,12.7,0,6
OIS,Energy,SECTOR_ENERGY,B1,Batch 1 — 2022 to 2023,6,4,2,66.67,11.508,0.5887,360.11,3.6011,394.38,34.27,10.12,-1.9858,29.7505,-3.6111,13.2,0,6
ONB,Financials,SECTOR_FINANCIALS,B1,Batch 1 — 2022 to 2023,7,3,4,42.86,2.6425,0.5883,479.65,4.7965,771.67,292.02,15.8275,-3.8374,22.8404,-5.4692,18.3,0,7
DAY,Technology,SECTOR_TECHNOLOGY,B1,Batch 1 — 2022 to 2023,5,4,1,80.0,4.1155,0.5881,309.46,3.0946,408.79,99.33,8.042,-5.0782,17.3976,-5.0782,29.2,0,5
NATH,Consumer Discretionary,SECTOR_CONSUMER_DISCRETIONARY,B1,Batch 1 — 2022 to 2023,10,6,4,60.0,3.8673,0.5875,605.55,6.0555,816.74,211.19,6.152,-2.9549,14.4971,-4.9212,11.5,1,9
MVBF,Financials,SECTOR_FINANCIALS,B1,Batch 1 — 2022 to 2023,4,2,2,50.0,2.3097,0.5832,233.2,2.332,411.26,178.06,18.6161,-6.0321,31.5381,-6.332,27.2,0,4
LYFT,Technology,SECTOR_TECHNOLOGY,B1,Batch 1 — 2022 to 2023,4,1,3,25.0,1.7274,0.5824,225.41,2.2541,535.3,309.89,52.0082,-11.3946,52.0082,-12.1609,48.0,1,3
TWST,Healthcare,SECTOR_HEALTHCARE,B1,Batch 1 — 2022 to 2023,7,2,5,28.57,1.651,0.5807,340.91,3.4091,864.62,523.71,65.3662,-16.1567,70.4118,-25.8572,23.9,1,6
AORT,Healthcare,SECTOR_HEALTHCARE,B1,Batch 1 — 2022 to 2023,5,4,1,80.0,4.0019,0.5806,285.3,2.853,380.34,95.04,8.6978,-5.7831,16.4405,-5.7831,35.8,1,4
VST,Utilities,SECTOR_UTILITIES,B1,Batch 1 — 2022 to 2023,7,5,2,71.43,4.1067,0.58,434.54,4.3454,574.41,139.87,4.2076,-4.5827,9.5203,-6.9662,14.6,0,7
CPRT,Industrials,SECTOR_INDUSTRIALS,B1,Batch 1 — 2022 to 2023,13,6,7,46.15,3.1757,0.5798,757.19,7.5719,1105.21,348.02,7.7491,-2.3498,11.1398,-6.7526,12.8,0,13
PFSI,Financials,SECTOR_FINANCIALS,B1,Batch 1 — 2022 to 2023,9,6,3,66.67,3.9158,0.5786,525.9,5.259,706.26,180.36,7.4578,-4.9199,20.0,-9.5029,15.2,0,9
FSLR,Technology,SECTOR_TECHNOLOGY,B1,Batch 1 — 2022 to 2023,9,3,6,33.33,2.219,0.5776,497.8,4.978,906.16,408.36,29.9018,-6.5703,77.2974,-11.2742,15.7,0,9
BTBT,Financials,SECTOR_FINANCIALS,B1,Batch 1 — 2022 to 2023,7,3,4,42.86,2.3787,0.5776,405.44,4.0544,699.51,294.07,46.4433,-12.6501,120.8791,-16.6487,17.3,0,7
CIFR,Financials,SECTOR_FINANCIALS,B1,Batch 1 — 2022 to 2023,8,4,4,50.0,2.2949,0.5772,413.19,4.1319,732.28,319.09,41.6772,-14.763,103.3333,-21.2816,18.0,1,7
BWA,Consumer Discretionary,SECTOR_CONSUMER_DISCRETIONARY,B1,Batch 1 — 2022 to 2023,6,3,3,50.0,2.2902,0.5761,356.55,3.5655,632.91,276.36,11.4701,-5.9376,14.0016,-6.9527,19.0,0,6
THFF,Financials,SECTOR_FINANCIALS,B1,Batch 1 — 2022 to 2023,3,1,2,33.33,2.0731,0.5758,190.07,1.9007,367.2,177.13,18.9626,-6.1187,18.9626,-6.5971,30.7,0,3
QCRH,Financials,SECTOR_FINANCIALS,B1,Batch 1 — 2022 to 2023,5,3,2,60.0,3.9247,0.5743,299.81,2.9981,402.32,102.51,9.0218,-2.9129,18.952,-3.6009,16.6,0,5
TNET,Industrials,SECTOR_INDUSTRIALS,B1,Batch 1 — 2022 to 2023,11,6,5,54.55,3.7064,0.5737,620.14,6.2014,849.28,229.14,6.8184,-2.1105,14.089,-4.9873,14.0,0,11
IBCP,Financials,SECTOR_FINANCIALS,B1,Batch 1 — 2022 to 2023,8,5,3,62.5,2.2743,0.5729,366.63,3.6663,654.35,287.72,8.6449,-5.0318,13.8482,-6.87,15.9,0,8
ITT,Industrials,SECTOR_INDUSTRIALS,B1,Batch 1 — 2022 to 2023,11,7,4,63.64,3.3327,0.5715,623.22,6.2322,890.39,267.17,6.5962,-3.4031,13.1045,-6.1471,12.7,0,11
FRME,Financials,SECTOR_FINANCIALS,B1,Batch 1 — 2022 to 2023,6,2,4,33.33,2.3504,0.5701,336.0,3.36,584.82,248.82,15.9873,-3.87,21.1824,-8.3419,27.8,1,5
KKR,Financials,SECTOR_FINANCIALS,B1,Batch 1 — 2022 to 2023,7,3,4,42.86,2.3821,0.5656,410.09,4.1009,706.81,296.72,14.1826,-4.6028,21.1202,-7.8736,27.6,0,7
FSS,Industrials,SECTOR_INDUSTRIALS,B1,Batch 1 — 2022 to 2023,11,6,5,54.55,2.6815,0.5581,604.95,6.0495,964.71,359.76,8.1156,-3.868,12.4831,-5.9234,13.5,0,11
PTA,Financials,SECTOR_FINANCIALS,B1,Batch 1 — 2022 to 2023,5,3,2,60.0,2.6453,0.5554,295.87,2.9587,475.7,179.83,5.7141,-3.6476,10.3372,-3.7302,32.2,1,4
UEC,Energy,SECTOR_ENERGY,B1,Batch 1 — 2022 to 2023,6,3,3,50.0,2.8008,0.553,356.82,3.5682,554.97,198.15,16.8731,-6.6891,38.1215,-12.0841,13.8,0,6
TRN,Industrials,SECTOR_INDUSTRIALS,B1,Batch 1 — 2022 to 2023,6,3,3,50.0,2.6985,0.5527,335.84,3.3584,533.57,197.73,12.294,-4.1197,21.0314,-6.6304,17.7,0,6
FUL,Materials,SECTOR_MATERIALS,B1,Batch 1 — 2022 to 2023,7,5,2,71.43,3.134,0.5498,367.27,3.6727,539.37,172.1,5.6938,-4.773,8.187,-5.0659,13.7,0,7
RUSHA,Consumer Discretionary,SECTOR_CONSUMER_DISCRETIONARY,B1,Batch 1 — 2022 to 2023,8,5,3,62.5,3.3496,0.5488,433.66,4.3366,618.23,184.57,5.9059,-3.2967,16.8556,-4.8451,10.8,0,8
CUBI,Financials,SECTOR_FINANCIALS,B1,Batch 1 — 2022 to 2023,7,3,4,42.86,1.6512,0.5478,243.34,2.4334,617.0,373.66,29.655,-9.567,63.4387,-13.2275,19.9,0,7
ATKR,Industrials,SECTOR_INDUSTRIALS,B1,Batch 1 — 2022 to 2023,8,5,3,62.5,3.8457,0.5465,437.79,4.3779,591.63,153.84,8.3701,-3.1813,18.2383,-4.1798,12.1,0,8
PGY,Technology,SECTOR_TECHNOLOGY,B1,Batch 1 — 2022 to 2023,3,1,2,33.33,1.343,0.5458,66.87,0.6687,261.84,194.97,107.5937,-18.1534,107.5937,-21.1298,72.0,0,3
SUPN,Healthcare,SECTOR_HEALTHCARE,B1,Batch 1 — 2022 to 2023,2,1,1,50.0,2.0825,0.545,107.85,1.0785,207.48,99.63,17.6114,-4.6137,17.6114,-4.6137,46.0,0,2
AN,Consumer Discretionary,SECTOR_CONSUMER_DISCRETIONARY,B1,Batch 1 — 2022 to 2023,6,3,3,50.0,3.171,0.5412,351.36,3.5136,513.2,161.84,10.6304,-3.7125,19.9694,-4.4168,14.8,0,6
JBHT,Industrials,SECTOR_INDUSTRIALS,B1,Batch 1 — 2022 to 2023,8,5,3,62.5,2.7555,0.5408,420.6,4.206,660.19,239.59,7.037,-4.6155,14.6862,-6.3233,13.2,0,8
ISRG,Healthcare,SECTOR_HEALTHCARE,B1,Batch 1 — 2022 to 2023,9,5,4,55.56,2.8317,0.5387,499.05,4.9905,771.5,272.45,8.8991,-4.2572,22.2335,-6.9175,18.1,2,7
CARG,Consumer Discretionary,SECTOR_CONSUMER_DISCRETIONARY,B1,Batch 1 — 2022 to 2023,7,4,3,57.14,2.3883,0.5364,364.85,3.6485,627.65,262.8,11.5991,-6.5911,25.8328,-10.9076,23.3,1,6
RBC,Industrials,SECTOR_INDUSTRIALS,B1,Batch 1 — 2022 to 2023,8,5,3,62.5,2.758,0.5362,378.91,3.7891,594.44,215.53,7.3159,-5.928,19.6435,-8.4479,18.1,0,8
WAB,Industrials,SECTOR_INDUSTRIALS,B1,Batch 1 — 2022 to 2023,9,4,5,44.44,3.6781,0.5346,464.73,4.6473,638.26,173.53,7.0168,-1.4858,15.2663,-3.6064,14.0,0,9
VTRS,Healthcare,SECTOR_HEALTHCARE,B1,Batch 1 — 2022 to 2023,8,3,5,37.5,2.6586,0.5345,441.46,4.4146,707.63,266.17,12.2445,-3.6174,19.0427,-7.0285,16.9,0,8
ALGM,Technology,SECTOR_TECHNOLOGY,B1,Batch 1 — 2022 to 2023,7,3,4,42.86,1.8088,0.5343,320.7,3.207,717.21,396.51,19.5087,-6.968,21.9512,-7.6905,19.0,0,7
GBCI,Financials,SECTOR_FINANCIALS,B1,Batch 1 — 2022 to 2023,6,3,3,50.0,1.6521,0.5342,204.82,2.0482,518.92,314.1,13.481,-7.6404,34.1311,-10.3258,19.2,0,6
CENX,Materials,SECTOR_MATERIALS,B1,Batch 1 — 2022 to 2023,6,2,4,33.33,1.9841,0.5339,309.84,3.0984,624.68,314.84,40.5661,-8.6447,41.7989,-12.233,21.2,0,6
SPFI,Financials,SECTOR_FINANCIALS,B1,Batch 1 — 2022 to 2023,6,3,3,50.0,3.415,0.5338,335.68,3.3568,474.68,139.0,9.8294,-2.0594,22.554,-4.1848,18.2,0,6
INVA,Healthcare,SECTOR_HEALTHCARE,B1,Batch 1 — 2022 to 2023,6,3,3,50.0,2.0592,0.5324,317.02,3.1702,616.32,299.3,8.8265,-4.8223,13.6872,-5.4927,20.3,0,6
LDI,Financials,SECTOR_FINANCIALS,B1,Batch 1 — 2022 to 2023,6,2,4,33.33,1.8985,0.5307,361.85,3.6185,764.58,402.73,50.7789,-13.7439,89.0578,-15.3077,26.2,1,5
RBCAA,Financials,SECTOR_FINANCIALS,B1,Batch 1 — 2022 to 2023,9,6,3,66.67,3.7545,0.5283,377.67,3.7767,514.78,137.11,4.5957,-2.3818,8.5063,-5.8674,15.0,0,9
IMNM,Healthcare,SECTOR_HEALTHCARE,B1,Batch 1 — 2022 to 2023,8,4,4,50.0,2.1541,0.5282,417.32,4.1732,778.93,361.61,20.0543,-13.5371,70.6067,-19.8138,11.1,1,7
PEN,Healthcare,SECTOR_HEALTHCARE,B1,Batch 1 — 2022 to 2023,10,7,3,70.0,4.4635,0.527,467.78,4.6778,602.84,135.06,7.4367,-2.6057,37.2365,-4.2282,13.6,0,10
HLX,Energy,SECTOR_ENERGY,B1,Batch 1 — 2022 to 2023,12,7,5,58.33,4.1847,0.5269,690.31,6.9031,907.07,216.76,10.8116,-3.7055,37.4737,-6.6667,11.1,0,12
REVG,Industrials,SECTOR_INDUSTRIALS,B1,Batch 1 — 2022 to 2023,8,5,3,62.5,2.3661,0.524,445.36,4.4536,771.38,326.02,10.0944,-8.7198,18.5315,-13.7931,18.9,0,8
LII,Industrials,SECTOR_INDUSTRIALS,B1,Batch 1 — 2022 to 2023,12,8,4,66.67,3.5988,0.5237,589.91,5.8991,816.9,226.99,6.3012,-3.1998,15.7176,-5.3426,12.8,0,12
PVLA,Healthcare,SECTOR_HEALTHCARE,B1,Batch 1 — 2022 to 2023,3,1,2,33.33,1.5273,0.523,94.29,0.9429,273.12,178.83,52.2018,-16.3359,52.2018,-20.079,15.7,2,1
LXRX,Healthcare,SECTOR_HEALTHCARE,B1,Batch 1 — 2022 to 2023,7,3,4,42.86,1.9941,0.522,364.79,3.6479,731.76,366.97,34.5194,-12.1795,83.9161,-15.3333,21.3,0,7
FA,Industrials,SECTOR_INDUSTRIALS,B1,Batch 1 — 2022 to 2023,4,2,2,50.0,2.037,0.5208,207.08,2.0708,406.78,199.7,12.5876,-7.1833,14.6775,-8.0373,24.5,0,4
CRWD,Technology,SECTOR_TECHNOLOGY,B1,Batch 1 — 2022 to 2023,10,5,5,50.0,3.3218,0.514,538.34,5.3834,770.2,231.86,12.3304,-4.9115,26.8135,-11.67,20.4,1,9
SKYT,Technology,SECTOR_TECHNOLOGY,B1,Batch 1 — 2022 to 2023,9,3,6,33.33,1.7866,0.5136,462.63,4.6263,1050.8,588.17,45.9531,-13.5056,70.6522,-19.4847,14.4,1,8
CADE,Financials,SECTOR_FINANCIALS,B1,Batch 1 — 2022 to 2023,7,3,4,42.86,2.5633,0.5125,443.15,4.4315,726.62,283.47,16.5234,-4.8188,20.0984,-7.0182,22.6,1,6
MKTX,Financials,SECTOR_FINANCIALS,B1,Batch 1 — 2022 to 2023,7,2,5,28.57,1.8506,0.5116,359.26,3.5926,781.62,422.36,25.349,-6.8256,31.0228,-7.7256,18.9,1,6
HON,Industrials,SECTOR_INDUSTRIALS,B1,Batch 1 — 2022 to 2023,8,5,3,62.5,2.5985,0.5114,424.65,4.2465,690.31,265.66,5.933,-3.4629,17.2132,-5.7912,25.1,0,8
ACM,Industrials,SECTOR_INDUSTRIALS,B1,Batch 1 — 2022 to 2023,8,3,5,37.5,4.0078,0.5104,434.15,4.3415,578.49,144.34,9.9855,-1.2537,13.2983,-1.9794,13.8,0,8
ELF,Consumer Staples,SECTOR_CONSUMER_STAPLES,B1,Batch 1 — 2022 to 2023,13,8,5,61.54,3.017,0.5092,643.75,6.4375,962.91,319.16,10.7066,-4.032,25.2814,-6.1073,15.8,0,13
FPF,Financials,SECTOR_FINANCIALS,B1,Batch 1 — 2022 to 2023,5,2,3,40.0,2.0311,0.508,309.87,3.0987,610.4,300.53,9.0605,-3.2885,12.3582,-3.4727,29.2,2,3
SCCO,Materials,SECTOR_MATERIALS,B1,Batch 1 — 2022 to 2023,9,5,4,55.56,2.259,0.5077,387.24,3.8724,694.82,307.58,9.6427,-4.7492,19.0979,-6.2815,9.7,1,8
AR,Energy,SECTOR_ENERGY,B1,Batch 1 — 2022 to 2023,3,2,1,66.67,2.53,0.5076,150.52,1.5052,248.9,98.38,10.4724,-8.1373,18.8614,-8.1373,17.7,0,3
EFX,Industrials,SECTOR_INDUSTRIALS,B1,Batch 1 — 2022 to 2023,7,4,3,57.14,2.055,0.5068,322.91,3.2291,628.99,306.08,10.3602,-5.4671,21.7853,-6.9396,22.0,1,6
CAKE,Consumer Discretionary,SECTOR_CONSUMER_DISCRETIONARY,B1,Batch 1 — 2022 to 2023,6,5,1,83.33,4.1466,0.5063,308.56,3.0856,406.62,98.06,6.4143,-8.6104,22.1088,-8.6104,27.8,1,5
ODFL,Industrials,SECTOR_INDUSTRIALS,B1,Batch 1 — 2022 to 2023,8,4,4,50.0,2.2959,0.5054,416.44,4.1644,737.8,321.36,11.6606,-5.4262,23.0232,-8.1012,11.9,0,8
MAMA,Consumer Staples,SECTOR_CONSUMER_STAPLES,B1,Batch 1 — 2022 to 2023,8,6,2,75.0,4.131,0.5017,385.96,3.8596,509.23,123.27,9.7208,-8.5153,19.6667,-11.7421,11.1,0,8
EVI,Industrials,SECTOR_INDUSTRIALS,B1,Batch 1 — 2022 to 2023,6,2,4,33.33,2.612,0.4997,323.07,3.2307,523.48,200.41,33.3792,-5.9004,58.2418,-8.971,13.0,0,6
CNOB,Financials,SECTOR_FINANCIALS,B1,Batch 1 — 2022 to 2023,5,2,3,40.0,1.8513,0.4992,262.57,2.6257,571.02,308.45,23.1303,-5.5358,27.2156,-5.9423,24.8,0,5
ABAT,Industrials,SECTOR_INDUSTRIALS,B1,Batch 1 — 2022 to 2023,6,2,4,33.33,1.5173,0.4976,189.77,1.8977,556.62,366.85,48.478,-13.8747,74.2287,-18.9749,12.8,1,5
SCHW,Financials,SECTOR_FINANCIALS,B1,Batch 1 — 2022 to 2023,9,4,5,44.44,2.5397,0.4975,404.57,4.0457,667.33,262.76,11.6603,-3.4789,20.5644,-7.0859,15.3,2,7
KFS,Consumer Discretionary,SECTOR_CONSUMER_DISCRETIONARY,B1,Batch 1 — 2022 to 2023,1,1,0,100.0,inf,0.4963,54.5,0.545,54.5,0.0,3.0488,0.0,3.0488,3.0488,14.0,0,1
OII,Energy,SECTOR_ENERGY,B1,Batch 1 — 2022 to 2023,10,4,6,40.0,2.0713,0.4928,450.83,4.5083,871.67,420.84,21.3383,-6.6089,45.5084,-12.3788,11.4,0,10
MATW,Industrials,SECTOR_INDUSTRIALS,B1,Batch 1 — 2022 to 2023,9,4,5,44.44,2.7348,0.4926,455.5,4.555,718.07,262.57,10.3472,-3.1288,24.7286,-5.4356,11.9,0,9
LAD,Consumer Discretionary,SECTOR_CONSUMER_DISCRETIONARY,B1,Batch 1 — 2022 to 2023,6,2,4,33.33,1.5796,0.4899,170.25,1.7025,464.0,293.75,19.9778,-6.036,32.7351,-9.4952,20.0,0,6
DUOL,Technology,SECTOR_TECHNOLOGY,B1,Batch 1 — 2022 to 2023,8,3,5,37.5,2.5479,0.4894,310.27,3.1027,510.72,200.45,16.8846,-3.4613,23.8264,-7.8915,11.8,0,8
INDI,Technology,SECTOR_TECHNOLOGY,B1,Batch 1 — 2022 to 2023,7,4,3,57.14,2.3027,0.4876,330.23,3.3023,583.73,253.5,15.5246,-8.5554,21.6012,-11.483,15.7,1,6
PCOR,Technology,SECTOR_TECHNOLOGY,B1,Batch 1 — 2022 to 2023,6,4,2,66.67,2.9133,0.4858,282.98,2.8298,430.88,147.9,9.5802,-7.9184,19.7963,-12.0047,14.2,0,6
IBM,Technology,SECTOR_TECHNOLOGY,B1,Batch 1 — 2022 to 2023,8,3,5,37.5,2.1907,0.4827,365.63,3.6563,672.69,307.06,9.0429,-1.9983,12.987,-3.3954,13.5,0,8
TW,Financials,SECTOR_FINANCIALS,B1,Batch 1 — 2022 to 2023,8,4,4,50.0,2.5097,0.4809,409.58,4.0958,680.87,271.29,8.8461,-4.1075,19.0973,-6.3496,18.6,1,7
SAIC,Technology,SECTOR_TECHNOLOGY,B1,Batch 1 — 2022 to 2023,11,5,6,45.45,2.9392,0.4793,536.06,5.3606,812.5,276.44,6.2635,-1.9408,12.1933,-2.7387,10.5,0,11
JPM,Financials,SECTOR_FINANCIALS,B1,Batch 1 — 2022 to 2023,9,3,6,33.33,2.1119,0.4773,495.03,4.9503,940.24,445.21,11.8653,-3.5634,15.7972,-5.9181,15.0,0,9
XMTR,Industrials,SECTOR_INDUSTRIALS,B1,Batch 1 — 2022 to 2023,4,1,3,25.0,1.7005,0.4766,201.14,2.0114,488.28,287.14,61.1328,-11.3535,61.1328,-12.3578,21.0,0,4
ALG,Industrials,SECTOR_INDUSTRIALS,B1,Batch 1 — 2022 to 2023,10,6,4,60.0,2.8062,0.4764,451.27,4.5127,701.11,249.84,6.2603,-3.2718,12.802,-4.4955,11.2,0,10
FLEX,Technology,SECTOR_TECHNOLOGY,B1,Batch 1 — 2022 to 2023,9,5,4,55.56,2.7655,0.4764,443.13,4.4313,694.13,251.0,8.2577,-3.7514,13.5754,-6.9323,15.2,0,9
RNA,Healthcare,SECTOR_HEALTHCARE,B1,Batch 1 — 2022 to 2023,5,3,2,60.0,2.341,0.4761,235.85,2.3585,411.72,175.87,20.3985,-13.5287,45.8971,-14.0601,23.8,0,5
PRDO,Consumer Staples,SECTOR_CONSUMER_STAPLES,B1,Batch 1 — 2022 to 2023,12,4,8,33.33,2.1957,0.4751,630.29,6.3029,1157.41,527.12,15.9838,-3.4698,23.6883,-6.2821,10.3,0,12
VTOL,Energy,SECTOR_ENERGY,B1,Batch 1 — 2022 to 2023,7,4,3,57.14,2.5691,0.4745,331.98,3.3198,543.56,211.58,10.3688,-5.1429,25.2771,-9.1749,18.9,1,6
MHN,Financials,SECTOR_FINANCIALS,B1,Batch 1 — 2022 to 2023,6,2,4,33.33,1.8017,0.4742,304.36,3.0436,684.0,379.64,9.7131,-2.4644,12.1925,-3.5256,23.3,0,6
LAZ,Financials,SECTOR_FINANCIALS,B1,Batch 1 — 2022 to 2023,9,4,5,44.44,1.9892,0.4741,427.71,4.2771,860.1,432.39,14.3355,-5.4328,37.9439,-8.8318,16.2,1,8
CVLT,Technology,SECTOR_TECHNOLOGY,B1,Batch 1 — 2022 to 2023,8,3,5,37.5,1.8463,0.4732,365.64,3.6564,797.68,432.04,13.4142,-4.7115,20.7602,-7.1071,17.8,0,8
UCTT,Technology,SECTOR_TECHNOLOGY,B1,Batch 1 — 2022 to 2023,7,3,4,42.86,2.0472,0.4732,314.35,3.1435,614.52,300.17,15.0281,-5.922,18.3829,-9.0343,16.0,0,7
WAT,Healthcare,SECTOR_HEALTHCARE,B1,Batch 1 — 2022 to 2023,4,2,2,50.0,2.1152,0.4726,182.75,1.8275,346.62,163.87,11.37,-3.7178,13.2228,-4.3475,18.5,0,4
SLP,Healthcare,SECTOR_HEALTHCARE,B1,Batch 1 — 2022 to 2023,7,4,3,57.14,2.7209,0.471,349.9,3.499,553.22,203.32,10.6998,-5.4488,15.6677,-7.3494,22.0,0,7
HBAN,Financials,SECTOR_FINANCIALS,B1,Batch 1 — 2022 to 2023,6,3,3,50.0,2.0479,0.4702,320.37,3.2037,626.1,305.73,12.2209,-6.7147,19.5669,-7.509,28.0,1,5
OLMA,Healthcare,SECTOR_HEALTHCARE,B1,Batch 1 — 2022 to 2023,7,2,5,28.57,2.0165,0.4669,240.13,2.4013,476.36,236.23,53.2219,-8.6053,105.178,-17.6959,29.9,0,7
ASB,Financials,SECTOR_FINANCIALS,B1,Batch 1 — 2022 to 2023,7,4,3,57.14,2.504,0.4665,345.45,3.4545,575.13,229.68,8.7516,-4.9501,19.4665,-8.2535,28.1,0,7
EXE,Energy,SECTOR_ENERGY,B1,Batch 1 — 2022 to 2023,2,1,1,50.0,3.5243,0.4662,92.54,0.9254,129.2,36.66,8.2146,-1.5688,8.2146,-1.5688,44.5,1,1
GSBC,Financials,SECTOR_FINANCIALS,B1,Batch 1 — 2022 to 2023,3,1,2,33.33,2.2165,0.4648,142.96,1.4296,260.48,117.52,13.5437,-4.1277,13.5437,-6.9908,21.0,0,3
PEBO,Financials,SECTOR_FINANCIALS,B1,Batch 1 — 2022 to 2023,9,5,4,55.56,2.0413,0.4642,363.73,3.6373,713.05,349.32,6.9881,-4.0568,9.9544,-4.6381,12.3,0,9
PLAY,Communication Services,SECTOR_COMMUNICATION_SERVICES,B1,Batch 1 — 2022 to 2023,10,5,5,50.0,2.2463,0.4637,461.34,4.6134,831.5,370.16,12.8997,-6.8641,33.0196,-11.0932,12.9,0,10
ENVX,Industrials,SECTOR_INDUSTRIALS,B1,Batch 1 — 2022 to 2023,7,3,4,42.86,1.9777,0.4635,348.83,3.4883,705.6,356.77,31.0161,-11.6475,60.6623,-16.5569,11.3,0,7
UHAL,Industrials,SECTOR_INDUSTRIALS,B1,Batch 1 — 2022 to 2023,9,5,4,55.56,2.6702,0.462,480.16,4.8016,767.64,287.48,6.9234,-4.1237,18.6323,-5.5879,10.4,0,9
ELAN,Healthcare,SECTOR_HEALTHCARE,B1,Batch 1 — 2022 to 2023,5,2,3,40.0,1.7734,0.4605,230.63,2.3063,528.84,298.21,22.8265,-7.6935,27.193,-8.0502,25.0,1,4
AVGO,Technology,SECTOR_TECHNOLOGY,B1,Batch 1 — 2022 to 2023,11,4,7,36.36,2.3222,0.4586,564.15,5.6415,990.84,426.69,10.6046,-3.1593,27.1357,-5.2454,9.8,0,11
SBH,Consumer Discretionary,SECTOR_CONSUMER_DISCRETIONARY,B1,Batch 1 — 2022 to 2023,5,2,3,40.0,1.7549,0.457,225.57,2.2557,524.36,298.79,23.7758,-7.9965,30.123,-8.4283,21.2,0,5
EVR,Financials,SECTOR_FINANCIALS,B1,Batch 1 — 2022 to 2023,9,5,4,55.56,2.0741,0.4542,406.62,4.0662,785.19,378.57,9.2817,-5.9519,15.9417,-8.8918,16.2,1,8
BA,Industrials,SECTOR_INDUSTRIALS,B1,Batch 1 — 2022 to 2023,9,3,6,33.33,2.2944,0.4522,451.6,4.516,800.5,348.9,16.1762,-4.1615,21.6694,-8.7513,16.4,1,8
RSG,Industrials,SECTOR_INDUSTRIALS,B1,Batch 1 — 2022 to 2023,6,4,2,66.67,2.5979,0.4514,281.42,2.8142,457.54,176.12,3.6694,-2.6665,5.4191,-2.7849,18.8,0,6
GATX,Industrials,SECTOR_INDUSTRIALS,B1,Batch 1 — 2022 to 2023,7,4,3,57.14,4.92,0.4506,279.42,2.7942,350.7,71.28,5.3811,-0.9133,12.1203,-1.5042,13.3,0,7
NPKI,Energy,SECTOR_ENERGY,B1,Batch 1 — 2022 to 2023,8,5,3,62.5,2.8428,0.4502,339.26,3.3926,523.36,184.1,10.383,-4.1711,24.9191,-6.6486,12.4,0,8
TDG,Industrials,SECTOR_INDUSTRIALS,B1,Batch 1 — 2022 to 2023,11,7,4,63.64,2.3339,0.4488,406.03,4.0603,710.42,304.39,6.0828,-4.1635,12.8498,-6.1489,10.6,0,11
AREC,Materials,SECTOR_MATERIALS,B1,Batch 1 — 2022 to 2023,6,3,3,50.0,2.1437,0.448,268.51,2.6851,503.29,234.78,22.1181,-10.353,32.6241,-17.0886,21.0,0,6
SCM,Financials,SECTOR_FINANCIALS,B1,Batch 1 — 2022 to 2023,7,5,2,71.43,6.6328,0.4472,311.72,3.1172,367.06,55.34,3.228,-1.2907,6.8289,-1.3774,13.6,0,7
RYAM,Materials,SECTOR_MATERIALS,B1,Batch 1 — 2022 to 2023,8,2,6,25.0,1.7473,0.4452,353.46,3.5346,826.46,473.0,53.1711,-9.2726,98.0535,-14.4105,19.9,0,8
ADEA,Technology,SECTOR_TECHNOLOGY,B1,Batch 1 — 2022 to 2023,10,4,6,40.0,2.1614,0.4436,478.7,4.787,890.88,412.18,16.298,-4.7975,23.0036,-7.3047,17.1,0,10
SPIR,Industrials,SECTOR_INDUSTRIALS,B1,Batch 1 — 2022 to 2023,4,1,3,25.0,1.6632,0.4435,189.71,1.8971,475.75,286.04,58.3864,-15.5738,58.3864,-16.6895,27.2,0,4
MCHB,Financials,SECTOR_FINANCIALS,B1,Batch 1 — 2022 to 2023,5,1,4,20.0,1.4559,0.4422,156.57,1.5657,500.0,343.43,82.5627,-8.0227,82.5627,-12.3085,20.6,1,4
STEW,Financials,SECTOR_FINANCIALS,B1,Batch 1 — 2022 to 2023,7,6,1,85.71,4.1958,0.4419,319.32,3.1932,419.24,99.92,2.3693,-3.8127,9.4324,-3.8127,19.3,1,6
RNST,Financials,SECTOR_FINANCIALS,B1,Batch 1 — 2022 to 2023,6,3,3,50.0,1.9558,0.4418,285.37,2.8537,583.95,298.58,12.1594,-7.2071,16.1969,-8.1069,19.5,0,6
CORT,Healthcare,SECTOR_HEALTHCARE,B1,Batch 1 — 2022 to 2023,11,5,6,45.45,1.6922,0.4416,511.15,5.1115,1249.56,738.41,14.9282,-7.7825,31.3015,-17.8678,13.2,0,11
BX,Financials,SECTOR_FINANCIALS,B1,Batch 1 — 2022 to 2023,9,4,5,44.44,1.9997,0.4393,404.59,4.0459,809.32,404.73,12.3788,-6.9881,20.2057,-9.1369,15.7,0,9
ARDC,Financials,SECTOR_FINANCIALS,B1,Batch 1 — 2022 to 2023,6,3,3,50.0,1.7515,0.4336,240.0,2.4,559.38,319.38,4.1447,-2.8895,4.872,-3.1543,23.2,0,6
FMNB,Financials,SECTOR_FINANCIALS,B1,Batch 1 — 2022 to 2023,5,2,3,40.0,2.766,0.4332,257.71,2.5771,403.64,145.93,10.9488,-3.3123,15.5684,-6.0095,21.2,0,5
DV,Communication Services,SECTOR_COMMUNICATION_SERVICES,B1,Batch 1 — 2022 to 2023,9,4,5,44.44,2.1516,0.429,379.55,3.7955,709.14,329.59,14.1473,-5.6732,26.3023,-10.7441,14.4,0,9
CTOS,Industrials,SECTOR_INDUSTRIALS,B1,Batch 1 — 2022 to 2023,5,4,1,80.0,4.2596,0.4282,237.72,2.3772,310.65,72.93,5.5468,-4.3941,13.4228,-4.3941,35.8,0,5
CSX,Industrials,SECTOR_INDUSTRIALS,B1,Batch 1 — 2022 to 2023,8,5,3,62.5,3.222,0.4275,361.94,3.6194,524.83,162.89,4.6521,-2.1664,8.8226,-3.7983,17.5,0,8
SHBI,Financials,SECTOR_FINANCIALS,B1,Batch 1 — 2022 to 2023,3,1,2,33.33,1.6351,0.4258,126.64,1.2664,326.04,199.4,20.4301,-6.3979,20.4301,-6.7991,17.7,0,3
BOOT,Consumer Discretionary,SECTOR_CONSUMER_DISCRETIONARY,B1,Batch 1 — 2022 to 2023,5,2,3,40.0,1.6488,0.4228,192.54,1.9254,489.29,296.75,25.2984,-7.3223,33.2542,-7.6269,20.4,0,5
NGS,Energy,SECTOR_ENERGY,B1,Batch 1 — 2022 to 2023,4,1,3,25.0,2.0007,0.4225,168.33,1.6833,336.54,168.21,22.2118,-4.7237,22.2118,-7.066,18.0,0,4
LOB,Financials,SECTOR_FINANCIALS,B1,Batch 1 — 2022 to 2023,7,2,5,28.57,1.6054,0.4224,247.29,2.4729,655.74,408.45,33.3887,-7.4264,47.083,-10.1578,20.7,0,7
PRLB,Industrials,SECTOR_INDUSTRIALS,B1,Batch 1 — 2022 to 2023,6,3,3,50.0,1.8697,0.4219,255.85,2.5585,550.02,294.17,14.294,-7.7237,26.7493,-9.1107,29.0,0,6
CTEV,Healthcare,SECTOR_HEALTHCARE,B1,Batch 1 — 2022 to 2023,4,1,3,25.0,1.2997,0.4199,80.25,0.8025,348.0,267.75,76.9912,-12.5099,76.9912,-15.3714,14.0,0,4
DD,Materials,SECTOR_MATERIALS,B1,Batch 1 — 2022 to 2023,8,4,4,50.0,2.0778,0.4197,358.85,3.5885,691.8,332.95,8.8174,-4.1503,23.6071,-5.7925,15.5,1,7
NVTS,Technology,SECTOR_TECHNOLOGY,B1,Batch 1 — 2022 to 2023,7,2,5,28.57,2.4682,0.4195,288.71,2.8871,485.35,196.64,29.657,-4.9503,36.3431,-7.3973,12.6,0,7
HTGC,Financials,SECTOR_FINANCIALS,B1,Batch 1 — 2022 to 2023,8,4,4,50.0,1.9504,0.4145,288.79,2.8879,592.66,303.87,6.9309,-4.7048,11.1834,-7.8071,20.4,1,7
CCD,Financials,SECTOR_FINANCIALS,B1,Batch 1 — 2022 to 2023,6,3,3,50.0,1.9848,0.4144,239.15,2.3915,482.0,242.85,5.6664,-3.9868,10.2697,-5.4897,25.7,0,6
GNE,Utilities,SECTOR_UTILITIES,B1,Batch 1 — 2022 to 2023,16,6,10,37.5,2.1141,0.414,662.63,6.6263,1257.42,594.79,15.2025,-5.0468,56.0587,-9.6592,10.3,0,16
DSU,Financials,SECTOR_FINANCIALS,B1,Batch 1 — 2022 to 2023,8,4,4,50.0,1.8719,0.4096,293.44,2.9344,630.01,336.57,3.4093,-2.0117,7.3913,-2.929,22.6,1,7
ALGT,Industrials,SECTOR_INDUSTRIALS,B1,Batch 1 — 2022 to 2023,6,3,3,50.0,1.7927,0.4085,232.4,2.324,525.57,293.17,15.1194,-8.49,30.5448,-9.5292,28.5,1,5
CRVL,Financials,SECTOR_FINANCIALS,B1,Batch 1 — 2022 to 2023,11,6,5,54.55,2.7192,0.4083,402.63,4.0263,636.83,234.2,6.4618,-2.4314,17.8003,-5.1772,13.0,0,11
MIR,Industrials,SECTOR_INDUSTRIALS,B1,Batch 1 — 2022 to 2023,6,3,3,50.0,1.6734,0.4065,201.72,2.0172,501.26,299.54,14.293,-7.679,23.0303,-9.4768,26.0,0,6
COTY,Consumer Staples,SECTOR_CONSUMER_STAPLES,B1,Batch 1 — 2022 to 2023,11,5,6,45.45,2.2404,0.4033,503.69,5.0369,909.75,406.06,12.181,-5.1126,34.2417,-9.6255,13.4,0,11
SYK,Healthcare,SECTOR_HEALTHCARE,B1,Batch 1 — 2022 to 2023,8,5,3,62.5,2.9738,0.4014,379.42,3.7942,571.65,192.23,5.4575,-3.3423,14.339,-4.0421,22.1,0,8
HOG,Consumer Discretionary,SECTOR_CONSUMER_DISCRETIONARY,B1,Batch 1 — 2022 to 2023,8,4,4,50.0,2.3292,0.3991,347.22,3.4722,608.45,261.23,10.0724,-4.0713,17.5617,-6.9634,14.9,0,8
UBSI,Financials,SECTOR_FINANCIALS,B1,Batch 1 — 2022 to 2023,8,4,4,50.0,2.1053,0.3988,319.09,3.1909,607.79,288.7,8.3401,-4.7019,21.2467,-7.7614,16.1,0,8
LRN,Consumer Staples,SECTOR_CONSUMER_STAPLES,B1,Batch 1 — 2022 to 2023,6,3,3,50.0,2.128,0.3987,206.94,2.0694,390.39,183.45,8.023,-3.7471,13.8211,-6.3198,15.5,0,6
TSLA,Consumer Discretionary,SECTOR_CONSUMER_DISCRETIONARY,B1,Batch 1 — 2022 to 2023,6,2,4,33.33,2.0537,0.3982,236.21,2.3621,460.39,224.18,28.2748,-4.9887,49.7507,-6.1555,23.2,0,6
ELA,Consumer Discretionary,SECTOR_CONSUMER_DISCRETIONARY,B1,Batch 1 — 2022 to 2023,10,6,4,60.0,4.7299,0.398,385.93,3.8593,489.4,103.47,7.3952,-2.4032,20.0,-4.2998,27.0,0,10
HPQ,Technology,SECTOR_TECHNOLOGY,B1,Batch 1 — 2022 to 2023,5,2,3,40.0,2.2248,0.3979,219.28,2.1928,398.31,179.03,9.3905,-2.5266,9.3992,-5.8507,36.2,2,3
GKOS,Healthcare,SECTOR_HEALTHCARE,B1,Batch 1 — 2022 to 2023,8,6,2,75.0,3.9929,0.3978,313.48,3.1348,418.22,104.74,5.6944,-4.5623,14.5963,-4.9432,16.4,1,7
GVA,Industrials,SECTOR_INDUSTRIALS,B1,Batch 1 — 2022 to 2023,8,4,4,50.0,2.7815,0.3968,329.25,3.2925,514.07,184.82,6.6972,-2.8522,9.4214,-6.6586,14.8,0,8
NWBI,Financials,SECTOR_FINANCIALS,B1,Batch 1 — 2022 to 2023,6,3,3,50.0,2.0406,0.3963,245.67,2.4567,481.75,236.08,7.41,-4.5709,12.5798,-6.644,17.2,0,6
CMCO,Industrials,SECTOR_INDUSTRIALS,B1,Batch 1 — 2022 to 2023,6,3,3,50.0,1.728,0.3959,225.44,2.2544,535.09,309.65,11.9611,-5.8952,16.865,-7.4305,22.8,0,6
SEMR,Technology,SECTOR_TECHNOLOGY,B1,Batch 1 — 2022 to 2023,6,2,4,33.33,1.7604,0.3956,286.93,2.8693,664.28,377.35,27.7204,-10.521,43.5841,-15.1761,34.0,0,6
LDOS,Technology,SECTOR_TECHNOLOGY,B1,Batch 1 — 2022 to 2023,8,4,4,50.0,1.6742,0.395,345.9,3.459,858.99,513.09,9.5295,-4.9402,15.6325,-10.6885,14.0,1,7
TEX,Industrials,SECTOR_INDUSTRIALS,B1,Batch 1 — 2022 to 2023,10,4,6,40.0,1.9449,0.3899,392.91,3.9291,808.72,415.81,15.1958,-5.184,31.8262,-10.1127,15.9,0,10
DHI,Consumer Discretionary,SECTOR_CONSUMER_DISCRETIONARY,B1,Batch 1 — 2022 to 2023,11,5,6,45.45,1.9504,0.3893,357.37,3.5737,733.38,376.01,8.8167,-4.2426,25.8081,-9.3925,17.9,0,11
AVAV,Industrials,SECTOR_INDUSTRIALS,B1,Batch 1 — 2022 to 2023,9,4,5,44.44,1.8511,0.3892,337.88,3.3788,734.87,396.99,15.0677,-5.8568,45.6229,-8.4128,12.9,0,9
EXPO,Industrials,SECTOR_INDUSTRIALS,B1,Batch 1 — 2022 to 2023,9,6,3,66.67,2.2532,0.3889,339.44,3.3944,610.3,270.86,5.6607,-4.3924,9.8381,-5.6204,13.6,0,9
APH,Technology,SECTOR_TECHNOLOGY,B1,Batch 1 — 2022 to 2023,11,5,6,45.45,2.532,0.3884,448.88,4.4888,741.89,293.01,6.0126,-2.0563,12.2988,-4.2681,11.0,0,11
CASY,Consumer Discretionary,SECTOR_CONSUMER_DISCRETIONARY,B1,Batch 1 — 2022 to 2023,11,5,6,45.45,2.9708,0.3883,416.19,4.1619,627.37,211.18,5.9826,-1.5221,9.9256,-4.1064,13.1,0,11
DXPE,Industrials,SECTOR_INDUSTRIALS,B1,Batch 1 — 2022 to 2023,4,2,2,50.0,4.1362,0.3844,117.01,1.1701,154.32,37.31,10.0732,-1.2284,19.9671,-1.7721,16.2,0,4
PNNT,Financials,SECTOR_FINANCIALS,B1,Batch 1 — 2022 to 2023,6,3,3,50.0,1.9827,0.3841,236.57,2.3657,477.3,240.73,6.1703,-4.0056,8.4142,-5.4121,15.5,0,6
CAT,Industrials,SECTOR_INDUSTRIALS,B1,Batch 1 — 2022 to 2023,11,4,7,36.36,1.954,0.3835,449.2,4.492,920.04,470.84,11.762,-3.6035,23.6682,-6.9732,11.2,0,11
GE,Industrials,SECTOR_INDUSTRIALS,B1,Batch 1 — 2022 to 2023,12,5,7,41.67,1.9626,0.3829,395.96,3.9596,807.32,411.36,9.5658,-2.8671,22.0293,-9.1667,13.4,0,12
HII,Industrials,SECTOR_INDUSTRIALS,B1,Batch 1 — 2022 to 2023,10,6,4,60.0,2.4277,0.3812,340.03,3.4003,578.2,238.17,4.1726,-2.839,11.5324,-5.0368,13.6,0,10
CSGS,Technology,SECTOR_TECHNOLOGY,B1,Batch 1 — 2022 to 2023,2,2,0,100.0,inf,0.3809,75.25,0.7525,75.25,0.0,1.8618,0.0,3.5721,0.1515,29.0,0,2
CASH,Financials,SECTOR_FINANCIALS,B1,Batch 1 — 2022 to 2023,8,5,3,62.5,2.4405,0.3808,293.86,2.9386,497.86,204.0,6.038,-4.5572,19.6018,-7.1378,13.8,0,8
HUN,Materials,SECTOR_MATERIALS,B1,Batch 1 — 2022 to 2023,4,2,2,50.0,2.3998,0.3803,177.56,1.7756,304.41,126.85,9.1751,-3.4331,14.2857,-5.487,32.5,0,4
MCO,Financials,SECTOR_FINANCIALS,B1,Batch 1 — 2022 to 2023,9,4,5,44.44,2.1167,0.3801,342.69,3.4269,649.56,306.87,9.5627,-3.0942,19.6484,-5.0785,18.9,0,9
CNS,Financials,SECTOR_FINANCIALS,B1,Batch 1 — 2022 to 2023,6,3,3,50.0,1.8921,0.38,246.22,2.4622,522.22,276.0,10.3114,-4.9354,23.3912,-6.169,26.3,1,5
AMG,Financials,SECTOR_FINANCIALS,B1,Batch 1 — 2022 to 2023,9,3,6,33.33,2.123,0.3794,371.49,3.7149,702.29,330.8,13.6059,-3.2066,26.554,-9.5189,11.1,1,8
BANR,Financials,SECTOR_FINANCIALS,B1,Batch 1 — 2022 to 2023,6,3,3,50.0,2.4334,0.3763,264.04,2.6404,448.24,184.2,8.6998,-3.7849,15.1304,-6.2099,12.2,0,6
ZVRA,Healthcare,SECTOR_HEALTHCARE,B1,Batch 1 — 2022 to 2023,7,3,4,42.86,1.6455,0.376,217.83,2.1783,555.31,337.48,20.5214,-9.3055,23.3129,-13.3409,16.7,0,7
PCAR,Industrials,SECTOR_INDUSTRIALS,B1,Batch 1 — 2022 to 2023,11,4,7,36.36,2.3655,0.3751,429.56,4.2956,744.14,314.58,8.8711,-2.3776,13.8035,-6.0429,13.3,0,11
SFST,Financials,SECTOR_FINANCIALS,B1,Batch 1 — 2022 to 2023,5,2,3,40.0,1.8743,0.3736,242.24,2.4224,519.3,277.06,14.5357,-7.5851,24.4068,-10.1828,31.8,0,5
LYEL,Healthcare,SECTOR_HEALTHCARE,B1,Batch 1 — 2022 to 2023,3,1,2,33.33,1.3685,0.3728,63.33,0.6333,235.2,171.87,48.8372,-16.3795,48.8372,-17.0358,50.7,1,2
LOW,Consumer Discretionary,SECTOR_CONSUMER_DISCRETIONARY,B1,Batch 1 — 2022 to 2023,8,4,4,50.0,3.0603,0.3719,299.84,2.9984,445.37,145.53,5.4102,-1.7417,8.1416,-4.4579,15.5,0,8
TILE,Consumer Discretionary,SECTOR_CONSUMER_DISCRETIONARY,B1,Batch 1 — 2022 to 2023,6,2,4,33.33,1.4275,0.3718,205.0,2.05,684.52,479.52,26.2627,-7.7906,27.1447,-10.73,18.8,1,5
SBUX,Consumer Discretionary,SECTOR_CONSUMER_DISCRETIONARY,B1,Batch 1 — 2022 to 2023,6,2,4,33.33,2.2128,0.3713,272.88,2.7288,497.88,225.0,11.9434,-2.1121,20.3686,-3.8256,25.0,0,6
BANF,Financials,SECTOR_FINANCIALS,B1,Batch 1 — 2022 to 2023,4,3,1,75.0,3.2908,0.3711,174.01,1.7401,249.97,75.96,4.9455,-5.3094,9.6639,-5.3094,20.5,0,4
LWAY,Consumer Staples,SECTOR_CONSUMER_STAPLES,B1,Batch 1 — 2022 to 2023,11,6,5,54.55,1.8828,0.3709,374.59,3.7459,798.93,424.34,13.1372,-7.7698,38.5445,-11.9899,9.9,0,11
KROS,Healthcare,SECTOR_HEALTHCARE,B1,Batch 1 — 2022 to 2023,7,3,4,42.86,1.7665,0.369,254.96,2.5496,587.57,332.61,25.0767,-7.6233,36.3542,-10.7795,16.4,0,7
MCY,Financials,SECTOR_FINANCIALS,B1,Batch 1 — 2022 to 2023,5,1,4,20.0,1.233,0.3681,87.94,0.8794,465.3,377.36,28.2565,-6.1933,28.2565,-7.3171,29.2,0,5
BPOP,Financials,SECTOR_FINANCIALS,B1,Batch 1 — 2022 to 2023,5,2,3,40.0,1.8603,0.3667,217.62,2.1762,470.58,252.96,13.4729,-6.1375,15.8259,-7.5044,19.6,0,5
SHLS,Technology,SECTOR_TECHNOLOGY,B1,Batch 1 — 2022 to 2023,6,2,4,33.33,2.4247,0.3661,212.27,2.1227,361.26,148.99,35.6349,-4.0654,66.7328,-6.6768,16.5,0,6
HBCP,Financials,SECTOR_FINANCIALS,B1,Batch 1 — 2022 to 2023,7,3,4,42.86,1.6561,0.3653,231.91,2.3191,585.4,353.49,8.0876,-4.6592,14.8925,-7.1327,19.1,0,7
FOUR,Technology,SECTOR_TECHNOLOGY,B1,Batch 1 — 2022 to 2023,9,4,5,44.44,2.245,0.3646,347.32,3.4732,626.3,278.98,17.2284,-6.8128,43.9881,-13.7915,21.6,1,8
ANNX,Healthcare,SECTOR_HEALTHCARE,B1,Batch 1 — 2022 to 2023,5,2,3,40.0,1.3805,0.3616,201.64,2.0164,731.55,529.91,62.9767,-26.1781,78.3673,-44.9416,46.6,1,4
PH,Industrials,SECTOR_INDUSTRIALS,B1,Batch 1 — 2022 to 2023,13,7,6,53.85,2.688,0.3601,495.73,4.9573,789.41,293.68,5.9023,-2.8589,9.9735,-5.7518,10.7,0,13
ANET,Technology,SECTOR_TECHNOLOGY,B1,Batch 1 — 2022 to 2023,11,6,5,54.55,2.2745,0.3587,392.15,3.9215,699.83,307.68,7.6775,-4.3952,22.9291,-6.9265,12.1,0,11
THO,Consumer Discretionary,SECTOR_CONSUMER_DISCRETIONARY,B1,Batch 1 — 2022 to 2023,9,5,4,55.56,2.0613,0.3582,314.3,3.143,610.45,296.15,8.9652,-6.7909,17.6198,-9.7692,17.3,0,9
ASTS,Technology,SECTOR_TECHNOLOGY,B1,Batch 1 — 2022 to 2023,7,3,4,42.86,1.5425,0.3565,270.42,2.7042,768.93,498.51,32.1437,-17.3048,53.7012,-20.3922,21.4,1,6
OZK,Financials,SECTOR_FINANCIALS,B1,Batch 1 — 2022 to 2023,9,6,3,66.67,1.8899,0.3544,294.18,2.9418,624.76,330.58,7.3812,-6.8677,18.3403,-7.171,15.9,0,9
KMPR,Financials,SECTOR_FINANCIALS,B1,Batch 1 — 2022 to 2023,6,3,3,50.0,1.6402,0.3541,188.8,1.888,483.71,294.91,10.9629,-6.0052,16.5953,-6.2356,23.7,1,5
ALGN,Healthcare,SECTOR_HEALTHCARE,B1,Batch 1 — 2022 to 2023,9,3,6,33.33,1.5995,0.3525,276.2,2.762,736.92,460.72,22.2057,-7.3045,41.0609,-9.3327,14.6,2,7
COGT,Healthcare,SECTOR_HEALTHCARE,B1,Batch 1 — 2022 to 2023,8,4,4,50.0,1.795,0.3501,276.44,2.7644,624.17,347.73,28.7034,-9.0073,62.029,-10.8928,12.8,0,8
GGG,Industrials,SECTOR_INDUSTRIALS,B1,Batch 1 — 2022 to 2023,11,5,6,45.45,2.4001,0.3483,381.77,3.8177,654.45,272.68,5.6686,-1.9071,9.0836,-3.4351,10.6,0,11
PPL,Utilities,SECTOR_UTILITIES,B1,Batch 1 — 2022 to 2023,7,4,3,57.14,1.7806,0.348,233.89,2.3389,533.52,299.63,5.7347,-3.5278,7.8206,-3.8911,16.0,0,7
CRNX,Healthcare,SECTOR_HEALTHCARE,B1,Batch 1 — 2022 to 2023,6,3,3,50.0,2.8528,0.3475,208.64,2.0864,321.25,112.61,10.4085,-3.9559,17.389,-10.0271,11.7,0,6
CVGW,Consumer Staples,SECTOR_CONSUMER_STAPLES,B1,Batch 1 — 2022 to 2023,6,2,4,33.33,1.6435,0.3475,254.34,2.5434,649.58,395.24,20.017,-6.3548,25.9648,-7.8918,29.0,0,6
DGICA,Financials,SECTOR_FINANCIALS,B1,Batch 1 — 2022 to 2023,8,4,4,50.0,1.6184,0.3474,201.5,2.015,527.33,325.83,6.2186,-3.2711,16.6544,-4.5663,12.4,0,8
ROST,Consumer Discretionary,SECTOR_CONSUMER_DISCRETIONARY,B1,Batch 1 — 2022 to 2023,9,6,3,66.67,2.2832,0.3451,320.41,3.2041,570.1,249.69,5.6767,-4.6022,14.9293,-6.4047,21.3,1,8
AEO,Consumer Discretionary,SECTOR_CONSUMER_DISCRETIONARY,B1,Batch 1 — 2022 to 2023,10,4,6,40.0,1.6419,0.3441,339.36,3.3936,868.05,528.69,18.251,-6.2882,40.1447,-16.5811,12.0,0,10
NRK,Financials,SECTOR_FINANCIALS,B1,Batch 1 — 2022 to 2023,6,2,4,33.33,1.58,0.3426,237.44,2.3744,646.8,409.36,7.7934,-2.3215,9.1667,-2.9311,21.7,0,6
NWFL,Financials,SECTOR_FINANCIALS,B1,Batch 1 — 2022 to 2023,8,3,5,37.5,1.7168,0.3398,242.18,2.4218,580.02,337.84,8.5828,-4.4142,15.9292,-7.5803,11.0,0,8
PSN,Technology,SECTOR_TECHNOLOGY,B1,Batch 1 — 2022 to 2023,14,6,8,42.86,2.1032,0.3393,500.22,5.0022,953.64,453.42,6.8901,-2.6454,14.1498,-5.4207,11.2,0,14
FRSH,Technology,SECTOR_TECHNOLOGY,B1,Batch 1 — 2022 to 2023,5,3,2,60.0,2.625,0.3389,168.64,1.6864,272.42,103.78,7.061,-3.3874,11.5965,-6.4737,10.8,0,5
PSMT,Consumer Staples,SECTOR_CONSUMER_STAPLES,B1,Batch 1 — 2022 to 2023,8,5,3,62.5,2.6027,0.3377,267.08,2.6708,433.72,166.64,4.2693,-2.8755,11.1804,-5.2874,12.4,0,8
PEGA,Technology,SECTOR_TECHNOLOGY,B1,Batch 1 — 2022 to 2023,7,3,4,42.86,1.7125,0.3373,231.45,2.3145,556.3,324.85,14.0223,-7.1637,27.4002,-11.0523,24.4,0,7
PJT,Financials,SECTOR_FINANCIALS,B1,Batch 1 — 2022 to 2023,11,3,8,27.27,1.8647,0.3363,362.11,3.6211,780.89,418.78,14.2358,-3.0908,18.8235,-6.7537,14.0,1,10
GERN,Healthcare,SECTOR_HEALTHCARE,B1,Batch 1 — 2022 to 2023,8,4,4,50.0,1.9985,0.3361,305.5,3.055,611.45,305.95,17.331,-10.4684,25.0,-14.8849,11.4,0,8
SCL,Materials,SECTOR_MATERIALS,B1,Batch 1 — 2022 to 2023,7,3,4,42.86,1.8986,0.336,232.12,2.3212,490.44,258.32,9.718,-3.2165,18.9542,-4.9734,19.6,1,6
VEL,Financials,SECTOR_FINANCIALS,B1,Batch 1 — 2022 to 2023,7,4,3,57.14,1.9936,0.3355,260.09,2.6009,521.86,261.77,9.2641,-8.6168,20.4691,-9.3505,11.4,0,7
ABCB,Financials,SECTOR_FINANCIALS,B1,Batch 1 — 2022 to 2023,9,3,6,33.33,1.7133,0.3353,269.84,2.6984,648.12,378.28,17.1022,-4.2687,23.068,-7.2464,15.9,0,9
RKLB,Industrials,SECTOR_INDUSTRIALS,B1,Batch 1 — 2022 to 2023,6,3,3,50.0,1.6122,0.3323,189.23,1.8923,498.34,309.11,15.142,-11.4271,23.0599,-12.1326,24.0,1,5
MTW,Industrials,SECTOR_INDUSTRIALS,B1,Batch 1 — 2022 to 2023,9,4,5,44.44,1.601,0.332,274.41,2.7441,730.97,456.56,16.3549,-7.4394,51.5556,-10.7383,16.4,1,8
MSTR,Technology,SECTOR_TECHNOLOGY,B1,Batch 1 — 2022 to 2023,10,5,5,50.0,1.5788,0.3317,266.13,2.6613,725.92,459.79,16.6719,-12.9264,24.0106,-17.1338,16.5,0,10
OMCL,Healthcare,SECTOR_HEALTHCARE,B1,Batch 1 — 2022 to 2023,4,1,3,25.0,1.1522,0.3311,45.12,0.4512,341.53,296.41,37.4883,-8.0332,37.4883,-8.4481,31.0,2,2
FOF,Financials,SECTOR_FINANCIALS,B1,Batch 1 — 2022 to 2023,4,2,2,50.0,1.6634,0.3307,132.22,1.3222,331.53,199.31,6.795,-4.166,8.9804,-5.2057,52.2,0,4
AWI,Industrials,SECTOR_INDUSTRIALS,B1,Batch 1 — 2022 to 2023,7,2,5,28.57,1.4032,0.3288,220.91,2.2091,768.85,547.94,18.2457,-5.221,23.8601,-6.954,22.1,1,6
IONQ,Technology,SECTOR_TECHNOLOGY,B1,Batch 1 — 2022 to 2023,9,3,6,33.33,1.8654,0.3272,313.85,3.1385,676.51,362.66,26.0832,-8.4934,48.0438,-14.3121,21.6,1,8
TPR,Consumer Discretionary,SECTOR_CONSUMER_DISCRETIONARY,B1,Batch 1 — 2022 to 2023,7,3,4,42.86,1.5148,0.3265,216.39,2.1639,636.72,420.33,13.5878,-7.5249,19.5469,-9.7949,18.9,0,7
ACIW,Technology,SECTOR_TECHNOLOGY,B1,Batch 1 — 2022 to 2023,7,2,5,28.57,1.4843,0.3248,249.08,2.4908,763.38,514.3,26.0937,-5.7447,28.4932,-6.7069,13.4,0,7
CTS,Technology,SECTOR_TECHNOLOGY,B1,Batch 1 — 2022 to 2023,1,1,0,100.0,inf,0.3244,35.51,0.3551,35.51,0.0,1.6215,0.0,1.6215,1.6215,16.0,0,1
SATS,Communication Services,SECTOR_COMMUNICATION_SERVICES,B1,Batch 1 — 2022 to 2023,7,3,4,42.86,1.4776,0.3234,156.23,1.5623,483.36,327.13,14.5709,-5.5424,18.6154,-7.5288,32.4,0,7
CCO,Communication Services,SECTOR_COMMUNICATION_SERVICES,B1,Batch 1 — 2022 to 2023,7,3,4,42.86,1.62,0.3225,245.67,2.4567,641.89,396.22,29.3637,-14.3531,46.7742,-17.6721,23.9,1,6
MDXG,Healthcare,SECTOR_HEALTHCARE,B1,Batch 1 — 2022 to 2023,8,4,4,50.0,1.983,0.3222,275.59,2.7559,555.94,280.35,14.932,-8.1561,31.6716,-12.6822,17.5,0,8
AGD,Financials,SECTOR_FINANCIALS,B1,Batch 1 — 2022 to 2023,6,3,3,50.0,1.7715,0.322,223.36,2.2336,512.87,289.51,5.9706,-3.175,10.0437,-3.5045,26.8,0,6
GHC,Consumer Staples,SECTOR_CONSUMER_STAPLES,B1,Batch 1 — 2022 to 2023,8,4,4,50.0,1.7678,0.3214,221.03,2.2103,508.89,287.86,6.0217,-2.7892,12.9516,-3.4133,14.1,0,8
IRON,Healthcare,SECTOR_HEALTHCARE,B1,Batch 1 — 2022 to 2023,8,2,6,25.0,1.8083,0.3188,285.84,2.8584,639.45,353.61,45.2542,-7.6062,84.7222,-15.7059,15.1,0,8
HALO,Healthcare,SECTOR_HEALTHCARE,B1,Batch 1 — 2022 to 2023,8,4,4,50.0,1.7623,0.3185,284.52,2.8452,657.76,373.24,11.1122,-6.9304,14.7297,-8.4383,14.8,0,8
PRK,Financials,SECTOR_FINANCIALS,B1,Batch 1 — 2022 to 2023,10,4,6,40.0,1.3438,0.3165,198.58,1.9858,776.17,577.59,11.4107,-5.2897,14.3167,-14.4124,11.0,0,10
AAPL,Technology,SECTOR_TECHNOLOGY,B1,Batch 1 — 2022 to 2023,13,7,6,53.85,2.1672,0.3161,409.23,4.0923,759.85,350.62,4.8298,-2.7634,11.5503,-7.2473,11.3,0,13
GXO,Industrials,SECTOR_INDUSTRIALS,B1,Batch 1 — 2022 to 2023,7,4,3,57.14,2.7865,0.3149,205.93,2.0593,321.2,115.27,6.952,-2.4919,18.7427,-3.4321,17.6,0,7
WFC,Financials,SECTOR_FINANCIALS,B1,Batch 1 — 2022 to 2023,8,4,4,50.0,1.6971,0.3147,249.37,2.4937,607.1,357.73,7.1607,-5.0709,14.0121,-7.3156,20.0,0,8
GPI,Consumer Discretionary,SECTOR_CONSUMER_DISCRETIONARY,B1,Batch 1 — 2022 to 2023,9,5,4,55.56,2.4615,0.3128,280.5,2.805,472.43,191.93,7.0336,-3.4181,14.4104,-3.6145,12.6,0,9
UPWK,Communication Services,SECTOR_COMMUNICATION_SERVICES,B1,Batch 1 — 2022 to 2023,6,2,4,33.33,1.5352,0.3128,185.93,1.8593,533.36,347.43,27.436,-10.0444,51.2793,-13.3378,23.5,0,6
ALNY,Healthcare,SECTOR_HEALTHCARE,B1,Batch 1 — 2022 to 2023,9,2,7,22.22,1.6496,0.3115,277.9,2.779,705.71,427.81,29.4996,-3.9134,51.5824,-7.7692,15.7,0,9
AXL,Consumer Discretionary,SECTOR_CONSUMER_DISCRETIONARY,B1,Batch 1 — 2022 to 2023,9,5,4,55.56,2.2483,0.3103,271.24,2.7124,488.52,217.28,8.5994,-4.9899,21.7784,-10.4282,12.9,0,9
TALK,Healthcare,SECTOR_HEALTHCARE,B1,Batch 1 — 2022 to 2023,8,3,5,37.5,1.9178,0.3082,290.39,2.9039,606.78,316.39,24.9646,-11.8395,51.4393,-20.8182,28.8,0,8
ONDS,Technology,SECTOR_TECHNOLOGY,B1,Batch 1 — 2022 to 2023,7,2,5,28.57,1.5441,0.3076,277.29,2.7729,786.93,509.64,82.1997,-16.0755,147.2613,-19.569,16.1,1,6
BDC,Technology,SECTOR_TECHNOLOGY,B1,Batch 1 — 2022 to 2023,11,6,5,54.55,1.8357,0.3075,353.47,3.5347,776.43,422.96,7.5555,-4.865,14.1212,-7.3809,14.7,1,10
LINC,Consumer Staples,SECTOR_CONSUMER_STAPLES,B1,Batch 1 — 2022 to 2023,7,3,4,42.86,1.6105,0.3063,214.23,2.1423,565.12,350.89,13.758,-7.0292,26.2537,-10.9976,9.4,0,7
PUMP,Energy,SECTOR_ENERGY,B1,Batch 1 — 2022 to 2023,4,2,2,50.0,1.6045,0.3055,120.57,1.2057,320.04,199.47,16.4616,-10.2924,20.7959,-10.4708,15.8,0,4
GLAD,Financials,SECTOR_FINANCIALS,B1,Batch 1 — 2022 to 2023,8,3,5,37.5,1.5788,0.3054,191.49,1.9149,522.32,330.83,6.9119,-2.7159,9.9372,-5.5402,21.2,0,8
BAX,Healthcare,SECTOR_HEALTHCARE,B1,Batch 1 — 2022 to 2023,3,1,2,33.33,1.4445,0.3041,88.35,0.8835,287.13,198.78,15.9535,-4.9599,15.9535,-5.0839,47.0,1,2
QTWO,Technology,SECTOR_TECHNOLOGY,B1,Batch 1 — 2022 to 2023,6,3,3,50.0,1.5909,0.3029,178.84,1.7884,481.49,302.65,13.5894,-10.7237,27.8942,-12.692,24.0,0,6
AMSC,Industrials,SECTOR_INDUSTRIALS,B1,Batch 1 — 2022 to 2023,10,5,5,50.0,1.6401,0.3014,303.81,3.0381,778.42,474.61,17.9446,-10.7664,38.835,-13.7832,8.7,0,10
LFST,Healthcare,SECTOR_HEALTHCARE,B1,Batch 1 — 2022 to 2023,5,3,2,60.0,2.9051,0.3006,170.2,1.702,259.54,89.34,8.8554,-7.3857,12.2754,-13.9831,19.4,0,5
APG,Industrials,SECTOR_INDUSTRIALS,B1,Batch 1 — 2022 to 2023,10,5,5,50.0,1.8123,0.3003,321.98,3.2198,718.36,396.38,8.1306,-4.4611,15.2363,-6.8931,15.8,0,10
IEX,Industrials,SECTOR_INDUSTRIALS,B1,Batch 1 — 2022 to 2023,8,4,4,50.0,1.7422,0.2994,247.08,2.4708,580.0,332.92,6.5941,-3.5004,11.3082,-5.183,16.4,1,7
SXI,Industrials,SECTOR_INDUSTRIALS,B1,Batch 1 — 2022 to 2023,10,6,4,60.0,2.0051,0.2989,316.37,3.1637,631.12,314.75,5.6363,-4.056,14.033,-4.8588,12.2,0,10
MA,Financials,SECTOR_FINANCIALS,B1,Batch 1 — 2022 to 2023,10,7,3,70.0,3.586,0.2986,282.42,2.8242,391.63,109.21,2.6721,-1.1485,11.0762,-3.1917,13.4,0,10
MANH,Technology,SECTOR_TECHNOLOGY,B1,Batch 1 — 2022 to 2023,10,6,4,60.0,2.0674,0.2968,295.18,2.9518,571.71,276.53,5.6644,-2.8396,13.9871,-4.7499,12.2,0,10
NATR,Consumer Staples,SECTOR_CONSUMER_STAPLES,B1,Batch 1 — 2022 to 2023,6,2,4,33.33,2.0647,0.2961,157.74,1.5774,305.89,148.15,13.9715,-3.2001,18.9732,-8.6134,19.8,0,6
DYN,Healthcare,SECTOR_HEALTHCARE,B1,Batch 1 — 2022 to 2023,11,3,8,27.27,2.1223,0.2948,323.14,3.2314,611.06,287.92,33.5237,-5.0608,63.9553,-15.7866,14.3,2,9
JBL,Technology,SECTOR_TECHNOLOGY,B1,Batch 1 — 2022 to 2023,13,6,7,46.15,1.9573,0.294,362.45,3.6245,741.08,378.63,6.4116,-2.785,20.3645,-4.9006,10.5,0,13
PATH,Technology,SECTOR_TECHNOLOGY,B1,Batch 1 — 2022 to 2023,7,2,5,28.57,1.5042,0.2936,220.34,2.2034,657.33,436.99,31.9474,-11.858,38.1868,-15.1725,25.9,0,7
URI,Industrials,SECTOR_INDUSTRIALS,B1,Batch 1 — 2022 to 2023,13,6,7,46.15,1.9298,0.2924,369.4,3.694,766.71,397.31,9.8239,-3.8661,16.2713,-7.6298,10.8,0,13
INCY,Healthcare,SECTOR_HEALTHCARE,B1,Batch 1 — 2022 to 2023,2,1,1,50.0,1.3308,0.2917,60.3,0.603,242.58,182.28,10.8438,-6.7633,10.8438,-6.7633,30.0,0,2
SHOO,Consumer Discretionary,SECTOR_CONSUMER_DISCRETIONARY,B1,Batch 1 — 2022 to 2023,6,3,3,50.0,1.6699,0.29,190.6,1.906,475.14,284.54,11.0083,-5.471,16.6667,-5.7597,22.2,0,6
KOD,Healthcare,SECTOR_HEALTHCARE,B1,Batch 1 — 2022 to 2023,4,1,3,25.0,1.4455,0.29,210.22,2.1022,682.08,471.86,132.2835,-26.5374,132.2835,-47.9381,78.0,1,3
CARR,Industrials,SECTOR_INDUSTRIALS,B1,Batch 1 — 2022 to 2023,9,3,6,33.33,1.693,0.2896,341.11,3.4111,833.33,492.22,13.9178,-4.2194,30.3023,-6.4185,14.1,0,9
SYF,Financials,SECTOR_FINANCIALS,B1,Batch 1 — 2022 to 2023,8,3,5,37.5,1.4735,0.2875,144.11,1.4411,448.45,304.34,9.9331,-5.0665,20.3924,-8.2785,15.5,0,8
FSTR,Industrials,SECTOR_INDUSTRIALS,B1,Batch 1 — 2022 to 2023,12,6,6,50.0,1.6772,0.2861,280.4,2.804,694.45,414.05,8.4717,-5.5925,19.7368,-8.4249,10.1,0,12
CALY,Consumer Discretionary,SECTOR_CONSUMER_DISCRETIONARY,B1,Batch 1 — 2022 to 2023,6,3,3,50.0,1.6235,0.2854,188.07,1.8807,489.72,301.65,12.8269,-8.3926,19.7059,-10.8557,29.8,0,6
CECO,Industrials,SECTOR_INDUSTRIALS,B1,Batch 1 — 2022 to 2023,12,4,8,33.33,1.5034,0.2843,314.33,3.1433,938.75,624.42,19.6492,-6.4802,56.677,-9.177,9.7,0,12
EBC,Financials,SECTOR_FINANCIALS,B1,Batch 1 — 2022 to 2023,4,2,2,50.0,1.2615,0.2834,63.62,0.6362,306.91,243.29,9.4909,-8.8646,11.7834,-9.1898,24.5,0,4
AMP,Financials,SECTOR_FINANCIALS,B1,Batch 1 — 2022 to 2023,11,7,4,63.64,2.3276,0.2814,327.0,3.27,573.3,246.3,4.5102,-3.5441,9.5483,-4.9436,11.3,0,11
CMPX,Healthcare,SECTOR_HEALTHCARE,B1,Batch 1 — 2022 to 2023,3,1,2,33.33,2.4048,0.2796,89.26,0.8926,152.8,63.54,22.8571,-5.4813,22.8571,-6.3025,7.7,0,3
NBHC,Financials,SECTOR_FINANCIALS,B1,Batch 1 — 2022 to 2023,7,3,4,42.86,1.5119,0.2776,200.06,2.0006,590.85,390.79,10.7998,-6.6177,14.9846,-8.513,16.0,0,7
BRO,Financials,SECTOR_FINANCIALS,B1,Batch 1 — 2022 to 2023,8,4,4,50.0,1.6189,0.2762,204.89,2.0489,535.94,331.05,5.5499,-3.3861,8.7539,-5.4778,16.4,0,8
DRI,Consumer Discretionary,SECTOR_CONSUMER_DISCRETIONARY,B1,Batch 1 — 2022 to 2023,8,3,5,37.5,1.8872,0.275,248.67,2.4867,528.95,280.28,8.1873,-2.6459,14.6567,-6.184,21.1,0,8
TCBI,Financials,SECTOR_FINANCIALS,B1,Batch 1 — 2022 to 2023,7,3,4,42.86,2.2107,0.2724,191.36,1.9136,349.42,158.06,9.2752,-2.8182,15.6925,-7.2173,14.7,0,7
AIO,Financials,SECTOR_FINANCIALS,B1,Batch 1 — 2022 to 2023,5,3,2,60.0,1.8635,0.2704,154.56,1.5456,333.56,179.0,4.4973,-5.5145,8.3434,-5.6488,48.4,2,3
DOCS,Healthcare,SECTOR_HEALTHCARE,B1,Batch 1 — 2022 to 2023,5,2,3,40.0,1.7907,0.2699,153.95,1.5395,348.65,194.7,14.6935,-8.1708,25.559,-13.9298,26.4,0,5
WDAY,Technology,SECTOR_TECHNOLOGY,B1,Batch 1 — 2022 to 2023,9,4,5,44.44,1.6449,0.2693,240.34,2.4034,612.99,372.65,9.1245,-4.3681,20.2869,-7.8116,20.0,1,8
PODD,Healthcare,SECTOR_HEALTHCARE,B1,Batch 1 — 2022 to 2023,7,4,3,57.14,1.6911,0.2666,160.59,1.6059,392.96,232.37,10.2458,-7.9805,16.8365,-10.5145,32.3,0,7
MNKD,Healthcare,SECTOR_HEALTHCARE,B1,Batch 1 — 2022 to 2023,8,3,5,37.5,1.5213,0.2627,228.65,2.2865,667.26,438.61,21.3322,-8.5755,34.2318,-11.5408,12.9,0,8
T,Communication Services,SECTOR_COMMUNICATION_SERVICES,B1,Batch 1 — 2022 to 2023,8,4,4,50.0,1.729,0.2608,207.98,2.0798,493.28,285.3,5.1734,-2.7196,8.4577,-3.8667,14.5,0,8
MG,Industrials,SECTOR_INDUSTRIALS,B1,Batch 1 — 2022 to 2023,8,4,4,50.0,1.3576,0.2607,128.07,1.2807,486.25,358.18,11.9742,-7.713,25.9934,-9.9029,22.2,0,8
DSP,Technology,SECTOR_TECHNOLOGY,B1,Batch 1 — 2022 to 2023,6,2,4,33.33,1.3185,0.2606,130.26,1.3026,539.24,408.98,35.1788,-11.8672,61.3232,-13.5033,36.0,0,6
HLI,Financials,SECTOR_FINANCIALS,B1,Batch 1 — 2022 to 2023,9,4,5,44.44,1.6806,0.2603,228.1,2.281,563.25,335.15,6.3987,-3.0434,11.7126,-5.702,13.0,0,9
SXC,Materials,SECTOR_MATERIALS,B1,Batch 1 — 2022 to 2023,11,5,6,45.45,2.0225,0.2601,324.82,3.2482,642.5,317.68,7.9696,-3.4518,22.3077,-6.2703,9.5,0,11
ORCL,Technology,SECTOR_TECHNOLOGY,B1,Batch 1 — 2022 to 2023,10,5,5,50.0,1.7927,0.2597,290.99,2.9099,658.1,367.11,5.5096,-4.0845,13.0714,-7.1571,17.2,0,10
SWKS,Technology,SECTOR_TECHNOLOGY,B1,Batch 1 — 2022 to 2023,8,3,5,37.5,1.6377,0.2568,240.85,2.4085,618.52,377.67,13.3087,-5.1809,23.2216,-7.3596,20.4,1,7
NYT,Communication Services,SECTOR_COMMUNICATION_SERVICES,B1,Batch 1 — 2022 to 2023,10,4,6,40.0,1.7684,0.2567,278.84,2.7884,641.73,362.89,7.8067,-3.7317,11.3491,-7.2777,11.5,1,9
NIC,Financials,SECTOR_FINANCIALS,B1,Batch 1 — 2022 to 2023,7,4,3,57.14,1.5816,0.2563,121.8,1.218,331.22,209.42,6.2031,-3.8514,14.7419,-5.4995,12.1,0,7
AL,Industrials,SECTOR_INDUSTRIALS,B1,Batch 1 — 2022 to 2023,7,4,3,57.14,1.6204,0.2558,140.69,1.4069,367.46,226.77,5.9868,-5.4866,10.314,-8.6732,20.3,0,7
BKR,Energy,SECTOR_ENERGY,B1,Batch 1 — 2022 to 2023,7,2,5,28.57,2.6367,0.2545,206.27,2.0627,332.3,126.03,10.334,-1.5333,10.4647,-3.6436,10.7,0,7
MAX,Communication Services,SECTOR_COMMUNICATION_SERVICES,B1,Batch 1 — 2022 to 2023,9,3,6,33.33,1.525,0.2513,246.74,2.4674,716.75,470.01,23.8144,-8.4289,24.9084,-11.9382,17.7,0,9
MELI,Consumer Discretionary,SECTOR_CONSUMER_DISCRETIONARY,B1,Batch 1 — 2022 to 2023,8,2,6,25.0,1.3737,0.2512,149.59,1.4959,549.92,400.33,31.668,-5.3544,54.2384,-13.8065,25.1,0,8
VVV,Consumer Discretionary,SECTOR_CONSUMER_DISCRETIONARY,B1,Batch 1 — 2022 to 2023,9,5,4,55.56,1.713,0.25,220.46,2.2046,529.65,309.19,5.2317,-4.3441,13.4534,-6.3143,14.2,0,9
FFA,Financials,SECTOR_FINANCIALS,B1,Batch 1 — 2022 to 2023,5,3,2,60.0,1.8285,0.2488,124.04,1.2404,273.76,149.72,3.4641,-2.8495,6.501,-4.3802,40.4,1,4
BKE,Consumer Discretionary,SECTOR_CONSUMER_DISCRETIONARY,B1,Batch 1 — 2022 to 2023,8,3,5,37.5,1.5337,0.245,214.03,2.1403,615.06,401.03,14.7283,-4.4922,22.7577,-5.5898,17.5,0,8
AXP,Financials,SECTOR_FINANCIALS,B1,Batch 1 — 2022 to 2023,8,4,4,50.0,1.4612,0.2444,165.84,1.6584,525.44,359.6,6.1796,-5.9248,11.0815,-6.6798,16.5,0,8
RTX,Industrials,SECTOR_INDUSTRIALS,B1,Batch 1 — 2022 to 2023,7,2,5,28.57,1.7354,0.2424,190.06,1.9006,448.52,258.46,10.3384,-1.9281,14.8456,-3.5759,15.9,0,7
MMS,Industrials,SECTOR_INDUSTRIALS,B1,Batch 1 — 2022 to 2023,9,5,4,55.56,1.6181,0.2412,193.87,1.9387,507.54,313.67,4.9965,-3.4066,13.2844,-5.2464,11.1,0,9
CDRE,Industrials,SECTOR_INDUSTRIALS,B1,Batch 1 — 2022 to 2023,5,3,2,60.0,1.4906,0.2402,97.59,0.9759,296.49,198.9,5.9833,-6.0062,6.8769,-6.2665,18.6,0,5
MDB,Technology,SECTOR_TECHNOLOGY,B1,Batch 1 — 2022 to 2023,9,3,6,33.33,1.6223,0.2392,247.21,2.4721,644.48,397.27,24.4071,-8.6342,56.1495,-14.3874,16.9,0,9
FTAI,Industrials,SECTOR_INDUSTRIALS,B1,Batch 1 — 2022 to 2023,11,5,6,45.45,1.5915,0.239,260.33,2.6033,700.42,440.09,11.7736,-6.7674,35.4968,-10.7684,19.7,0,11
MAIN,Financials,SECTOR_FINANCIALS,B1,Batch 1 — 2022 to 2023,10,5,5,50.0,1.6434,0.2385,233.27,2.3327,595.81,362.54,4.2178,-2.8031,10.0203,-5.5827,14.5,0,10
BGC,Financials,SECTOR_FINANCIALS,B1,Batch 1 — 2022 to 2023,12,7,5,58.33,1.8795,0.233,250.71,2.5071,535.77,285.06,6.6019,-4.3824,19.764,-6.7553,12.8,1,11
GTES,Industrials,SECTOR_INDUSTRIALS,B1,Batch 1 — 2022 to 2023,8,5,3,62.5,1.6232,0.2328,174.51,1.7451,454.54,280.03,5.0955,-4.5768,11.5315,-6.043,16.9,1,7
GHM,Industrials,SECTOR_INDUSTRIALS,B1,Batch 1 — 2022 to 2023,10,5,5,50.0,1.5933,0.2323,231.06,2.3106,620.54,389.48,12.9023,-6.4344,30.3588,-8.9998,10.3,0,10
HRI,Industrials,SECTOR_INDUSTRIALS,B1,Batch 1 — 2022 to 2023,8,3,5,37.5,1.7007,0.2316,169.4,1.694,411.16,241.76,11.2385,-4.2223,23.0885,-9.7222,17.5,1,7
PCT,Industrials,SECTOR_INDUSTRIALS,B1,Batch 1 — 2022 to 2023,7,3,4,42.86,1.3244,0.2312,139.99,1.3999,571.48,431.49,27.2701,-18.1643,53.7681,-31.0139,24.6,1,6
GS,Financials,SECTOR_FINANCIALS,B1,Batch 1 — 2022 to 2023,9,4,5,44.44,1.5021,0.23,234.26,2.3426,700.84,466.58,9.566,-4.5256,15.2359,-6.0119,15.0,0,9
AMRC,Industrials,SECTOR_INDUSTRIALS,B1,Batch 1 — 2022 to 2023,6,2,4,33.33,1.8363,0.2288,184.08,1.8408,404.2,220.12,18.6332,-7.1019,18.8648,-14.4528,15.8,1,5
ROOT,Financials,SECTOR_FINANCIALS,B1,Batch 1 — 2022 to 2023,6,1,5,16.67,1.4108,0.2252,185.18,1.8518,635.91,450.73,85.4545,-14.7106,85.4545,-18.9166,20.0,1,5
EXLS,Technology,SECTOR_TECHNOLOGY,B1,Batch 1 — 2022 to 2023,2,1,1,50.0,1.1642,0.2249,16.29,0.1629,115.5,99.21,6.0806,-4.2638,6.0806,-4.2638,12.5,0,2
MTDR,Energy,SECTOR_ENERGY,B1,Batch 1 — 2022 to 2023,4,4,0,100.0,inf,0.2243,88.16,0.8816,88.16,0.0,1.7724,0.0,5.5208,0.188,15.5,0,4
SOFI,Financials,SECTOR_FINANCIALS,B1,Batch 1 — 2022 to 2023,7,2,5,28.57,1.5369,0.224,156.15,1.5615,447.0,290.85,24.5729,-6.4242,31.2621,-11.7209,12.6,0,7
ASAN,Technology,SECTOR_TECHNOLOGY,B1,Batch 1 — 2022 to 2023,4,1,3,25.0,1.5136,0.2221,112.38,1.1238,331.2,218.82,48.6129,-9.5072,48.6129,-14.7434,32.0,0,4
LAW,Technology,SECTOR_TECHNOLOGY,B1,Batch 1 — 2022 to 2023,3,1,2,33.33,1.3308,0.221,66.0,0.66,265.54,199.54,29.2645,-12.5701,29.2645,-14.0423,52.7,1,2
DAKT,Technology,SECTOR_TECHNOLOGY,B1,Batch 1 — 2022 to 2023,12,6,6,50.0,1.5426,0.221,289.06,2.8906,821.76,532.7,12.742,-7.767,19.7059,-11.7664,12.6,1,11
RMBS,Technology,SECTOR_TECHNOLOGY,B1,Batch 1 — 2022 to 2023,13,5,8,38.46,1.5755,0.2189,302.5,3.025,828.13,525.63,11.3803,-4.2079,27.3793,-7.399,9.6,0,13
FCNCA,Financials,SECTOR_FINANCIALS,B1,Batch 1 — 2022 to 2023,9,4,5,44.44,1.8023,0.2186,185.67,1.8567,417.09,231.42,8.1599,-3.3855,16.8152,-6.5817,10.9,0,9
RL,Consumer Discretionary,SECTOR_CONSUMER_DISCRETIONARY,B1,Batch 1 — 2022 to 2023,8,4,4,50.0,1.4699,0.2161,168.18,1.6818,526.07,357.89,7.9168,-6.046,18.9508,-8.7944,15.4,0,8
OFIX,Healthcare,SECTOR_HEALTHCARE,B1,Batch 1 — 2022 to 2023,4,2,2,50.0,1.2348,0.2155,68.03,0.6803,357.71,289.68,15.1035,-10.9301,18.4553,-11.9569,75.2,0,4
JOBY,Industrials,SECTOR_INDUSTRIALS,B1,Batch 1 — 2022 to 2023,7,1,6,14.29,1.2641,0.2143,139.97,1.3997,669.98,530.01,70.202,-11.2404,70.202,-17.3001,29.4,0,7
TMO,Healthcare,SECTOR_HEALTHCARE,B1,Batch 1 — 2022 to 2023,8,4,4,50.0,1.9936,0.214,193.34,1.9334,387.92,194.58,5.2106,-2.7733,10.5476,-3.6337,14.4,0,8
INGR,Consumer Staples,SECTOR_CONSUMER_STAPLES,B1,Batch 1 — 2022 to 2023,11,7,4,63.64,2.1277,0.2134,252.72,2.5272,476.83,224.11,2.7142,-2.1703,13.2568,-4.4188,13.6,0,11
ATGE,Consumer Staples,SECTOR_CONSUMER_STAPLES,B1,Batch 1 — 2022 to 2023,11,4,7,36.36,1.5176,0.2134,249.68,2.4968,732.02,482.34,14.1785,-4.0523,22.6885,-8.5229,17.4,0,11
DY,Industrials,SECTOR_INDUSTRIALS,B1,Batch 1 — 2022 to 2023,4,2,2,50.0,1.9433,0.2133,69.92,0.6992,144.04,74.12,5.4733,-2.1999,8.0709,-2.3576,12.2,0,4
SEI,Energy,SECTOR_ENERGY,B1,Batch 1 — 2022 to 2023,3,2,1,66.67,1.6886,0.2115,68.6,0.686,168.22,99.62,6.542,-7.4838,9.4118,-7.4838,16.7,0,3
CCNE,Financials,SECTOR_FINANCIALS,B1,Batch 1 — 2022 to 2023,5,2,3,40.0,1.7434,0.2102,105.17,1.0517,246.64,141.47,8.2816,-2.1013,8.5141,-3.9709,38.0,0,5
HSTM,Healthcare,SECTOR_HEALTHCARE,B1,Batch 1 — 2022 to 2023,10,4,6,40.0,1.7339,0.2088,226.23,2.2623,534.49,308.26,6.7266,-2.5914,13.5779,-6.0154,12.7,0,10
WSM,Consumer Discretionary,SECTOR_CONSUMER_DISCRETIONARY,B1,Batch 1 — 2022 to 2023,9,4,5,44.44,1.6406,0.2078,178.38,1.7838,456.85,278.47,9.421,-4.415,23.9692,-9.4026,21.4,0,9
UVSP,Financials,SECTOR_FINANCIALS,B1,Batch 1 — 2022 to 2023,3,1,2,33.33,1.3042,0.2076,60.61,0.6061,259.88,199.27,15.9563,-7.0843,15.9563,-8.3646,21.7,0,3
BCPC,Materials,SECTOR_MATERIALS,B1,Batch 1 — 2022 to 2023,9,5,4,55.56,1.6884,0.2059,180.65,1.8065,443.06,262.41,3.9556,-2.967,10.4616,-4.8754,13.0,0,9
ZBRA,Technology,SECTOR_TECHNOLOGY,B1,Batch 1 — 2022 to 2023,7,3,4,42.86,1.4787,0.2054,170.58,1.7058,526.91,356.33,11.4321,-7.1282,16.9552,-8.1088,13.4,0,7
IVZ,Financials,SECTOR_FINANCIALS,B1,Batch 1 — 2022 to 2023,7,2,5,28.57,1.3233,0.2047,143.8,1.438,588.62,444.82,17.7193,-5.8715,20.5556,-7.2645,20.1,0,7
TPC,Industrials,SECTOR_INDUSTRIALS,B1,Batch 1 — 2022 to 2023,6,3,3,50.0,1.6223,0.2044,182.25,1.8225,475.12,292.87,15.7781,-8.2498,28.4211,-10.6911,24.5,0,6
NXJ,Financials,SECTOR_FINANCIALS,B1,Batch 1 — 2022 to 2023,4,1,3,25.0,1.2697,0.2037,80.81,0.8081,380.46,299.65,9.427,-2.7789,9.427,-3.0933,72.2,0,4
ARMK,Industrials,SECTOR_INDUSTRIALS,B1,Batch 1 — 2022 to 2023,10,4,6,40.0,1.5347,0.2034,184.28,1.8428,528.89,344.61,7.1535,-2.6605,11.343,-4.5278,10.9,0,10
TREX,Industrials,SECTOR_INDUSTRIALS,B1,Batch 1 — 2022 to 2023,8,3,5,37.5,1.3943,0.2019,161.48,1.6148,570.97,409.49,13.6894,-7.4394,26.1836,-13.3364,20.1,1,7
ORI,Financials,SECTOR_FINANCIALS,B1,Batch 1 — 2022 to 2023,9,4,5,44.44,1.9962,0.2013,226.52,2.2652,453.91,227.39,3.5809,-1.7524,6.7678,-2.9731,14.4,0,9
PPG,Materials,SECTOR_MATERIALS,B1,Batch 1 — 2022 to 2023,7,3,4,42.86,1.5125,0.2012,141.99,1.4199,419.03,277.04,6.3469,-4.1303,10.4188,-8.0302,16.6,0,7
BATRK,Communication Services,SECTOR_COMMUNICATION_SERVICES,B1,Batch 1 — 2022 to 2023,11,6,5,54.55,1.5706,0.2006,208.03,2.0803,572.62,364.59,4.4837,-3.6964,9.454,-5.0731,11.6,0,11
AZZ,Industrials,SECTOR_INDUSTRIALS,B1,Batch 1 — 2022 to 2023,8,4,4,50.0,1.4029,0.1994,156.32,1.5632,544.34,388.02,6.2839,-5.6472,12.4053,-8.1088,28.5,0,8
SGHT,Healthcare,SECTOR_HEALTHCARE,B1,Batch 1 — 2022 to 2023,4,1,3,25.0,1.3889,0.1983,115.95,1.1595,414.12,298.17,55.163,-16.8495,55.163,-19.5471,16.0,0,4
MCS,Communication Services,SECTOR_COMMUNICATION_SERVICES,B1,Batch 1 — 2022 to 2023,6,5,1,83.33,2.1737,0.1966,117.1,1.171,216.87,99.77,2.6247,-5.7692,10.5732,-5.7692,11.8,0,6
MCB,Financials,SECTOR_FINANCIALS,B1,Batch 1 — 2022 to 2023,6,2,4,33.33,1.2798,0.1925,103.78,1.0378,474.67,370.89,30.2916,-7.3017,38.2138,-9.4574,17.7,0,6
DKS,Consumer Discretionary,SECTOR_CONSUMER_DISCRETIONARY,B1,Batch 1 — 2022 to 2023,10,3,7,30.0,1.5012,0.1917,193.94,1.9394,580.92,386.98,14.0146,-3.4679,21.5772,-5.0652,11.7,0,10
ASA,Financials,SECTOR_FINANCIALS,B1,Batch 1 — 2022 to 2023,7,3,4,42.86,1.4106,0.1901,160.76,1.6076,552.33,391.57,11.3106,-5.5633,20.9077,-7.275,15.3,0,7
STK,Financials,SECTOR_FINANCIALS,B1,Batch 1 — 2022 to 2023,8,4,4,50.0,1.5481,0.1901,141.2,1.412,398.84,257.64,5.7308,-3.3146,9.4862,-7.0054,17.8,0,8
REGN,Healthcare,SECTOR_HEALTHCARE,B1,Batch 1 — 2022 to 2023,7,3,4,42.86,1.5347,0.19,110.05,1.1005,315.85,205.8,4.8892,-3.0288,11.5189,-4.4222,10.7,0,7
RJF,Financials,SECTOR_FINANCIALS,B1,Batch 1 — 2022 to 2023,2,1,1,50.0,1.4775,0.1897,21.43,0.2143,66.31,44.88,3.242,-1.781,3.242,-1.781,11.0,0,2
SNDA,Healthcare,SECTOR_HEALTHCARE,B1,Batch 1 — 2022 to 2023,4,1,3,25.0,1.2551,0.1882,76.09,0.7609,374.42,298.33,21.2088,-8.9018,21.2088,-12.4306,38.8,1,3
UI,Technology,SECTOR_TECHNOLOGY,B1,Batch 1 — 2022 to 2023,6,2,4,33.33,1.4903,0.1879,143.31,1.4331,435.63,292.32,13.2592,-5.1684,18.7872,-7.6241,19.8,0,6
BKNG,Consumer Discretionary,SECTOR_CONSUMER_DISCRETIONARY,B1,Batch 1 — 2022 to 2023,12,4,8,33.33,1.4397,0.1877,264.09,2.6409,864.66,600.57,8.6256,-3.1364,12.5101,-7.1576,13.4,0,12
ATEC,Healthcare,SECTOR_HEALTHCARE,B1,Batch 1 — 2022 to 2023,11,4,7,36.36,1.3839,0.1865,179.52,1.7952,647.18,467.66,18.7601,-6.1574,36.0265,-10.7123,17.6,1,10
WOLF,Technology,SECTOR_TECHNOLOGY,B1,Batch 1 — 2022 to 2023,4,1,3,25.0,1.2155,0.1864,73.65,0.7365,415.47,341.82,50.36,-12.9238,50.36,-16.0015,33.0,2,2
NECB,Financials,SECTOR_FINANCIALS,B1,Batch 1 — 2022 to 2023,12,7,5,58.33,1.6141,0.1859,215.08,2.1508,565.3,350.22,3.3677,-2.6242,5.8736,-3.5526,11.4,0,12
OBT,Financials,SECTOR_FINANCIALS,B1,Batch 1 — 2022 to 2023,8,3,5,37.5,1.3357,0.1857,135.89,1.3589,540.63,404.74,17.4724,-3.6234,26.0331,-7.0255,15.4,0,8
BMI,Technology,SECTOR_TECHNOLOGY,B1,Batch 1 — 2022 to 2023,11,5,6,45.45,1.6491,0.1843,215.06,2.1506,546.39,331.33,6.4829,-2.876,13.2321,-4.9956,10.6,0,11
MTD,Healthcare,SECTOR_HEALTHCARE,B1,Batch 1 — 2022 to 2023,9,3,6,33.33,1.6466,0.184,144.46,1.4446,367.89,223.43,10.3531,-2.5179,14.8451,-5.2129,13.6,1,8
TXNM,Utilities,SECTOR_UTILITIES,B1,Batch 1 — 2022 to 2023,4,1,3,25.0,1.5804,0.1821,72.98,0.7298,198.72,125.74,4.4155,-1.1125,4.4155,-2.3381,11.2,0,4
OPY,Financials,SECTOR_FINANCIALS,B1,Batch 1 — 2022 to 2023,8,3,5,37.5,1.4419,0.1815,145.02,1.4502,473.16,328.14,10.8938,-4.163,24.818,-7.5496,15.8,1,7
EMR,Industrials,SECTOR_INDUSTRIALS,B1,Batch 1 — 2022 to 2023,8,4,4,50.0,1.5262,0.1786,135.5,1.355,393.02,257.52,4.9921,-2.6474,15.999,-4.6356,13.1,0,8
NTRS,Financials,SECTOR_FINANCIALS,B1,Batch 1 — 2022 to 2023,5,2,3,40.0,1.2872,0.1778,89.35,0.8935,400.5,311.15,11.8502,-5.9633,17.652,-6.5865,27.0,0,5
MUA,Financials,SECTOR_FINANCIALS,B1,Batch 1 — 2022 to 2023,4,1,3,25.0,1.2348,0.1778,71.68,0.7168,376.98,305.3,12.9787,-4.345,12.9787,-4.815,60.2,1,3
SPHR,Communication Services,SECTOR_COMMUNICATION_SERVICES,B1,Batch 1 — 2022 to 2023,8,2,6,25.0,1.2446,0.1749,104.51,1.0451,531.81,427.3,24.5991,-6.5429,24.7147,-10.3915,11.5,0,8
EPAM,Technology,SECTOR_TECHNOLOGY,B1,Batch 1 — 2022 to 2023,6,2,4,33.33,1.2919,0.1711,102.62,1.0262,454.22,351.6,20.5797,-8.7136,27.5483,-13.1583,22.3,1,5
ESE,Technology,SECTOR_TECHNOLOGY,B1,Batch 1 — 2022 to 2023,12,5,7,41.67,1.5221,0.1686,257.88,2.5788,751.8,493.92,7.731,-3.826,21.0713,-6.5476,10.8,0,12
REAL,Consumer Discretionary,SECTOR_CONSUMER_DISCRETIONARY,B1,Batch 1 — 2022 to 2023,4,1,3,25.0,1.2256,0.1683,67.5,0.675,366.68,299.18,70.068,-20.8071,70.068,-24.6714,21.8,0,4
RKT,Financials,SECTOR_FINANCIALS,B1,Batch 1 — 2022 to 2023,9,3,6,33.33,1.4127,0.1674,164.83,1.6483,564.21,399.38,17.5822,-6.6768,43.2373,-12.0067,15.6,0,9
FBNC,Financials,SECTOR_FINANCIALS,B1,Batch 1 — 2022 to 2023,7,2,5,28.57,1.2834,0.167,114.07,1.1407,516.51,402.44,17.3864,-5.2288,26.1305,-8.1185,18.6,0,7
IDR,Materials,SECTOR_MATERIALS,B1,Batch 1 — 2022 to 2023,5,2,3,40.0,1.3956,0.1668,90.3,0.903,318.58,228.28,17.0178,-7.591,24.2884,-10.9024,29.4,0,5
ADUS,Healthcare,SECTOR_HEALTHCARE,B1,Batch 1 — 2022 to 2023,7,3,4,42.86,1.6828,0.163,120.97,1.2097,298.14,177.17,5.8339,-2.8183,7.5988,-5.6709,12.4,0,7
BME,Financials,SECTOR_FINANCIALS,B1,Batch 1 — 2022 to 2023,6,2,4,33.33,1.0202,0.1629,8.21,0.0821,414.56,406.35,6.5181,-3.3293,9.013,-4.7747,21.3,0,6
UVE,Financials,SECTOR_FINANCIALS,B1,Batch 1 — 2022 to 2023,8,3,5,37.5,1.0572,0.1629,28.58,0.2858,528.01,499.43,15.2099,-6.712,18.0828,-9.5841,13.2,1,7
OPK,Healthcare,SECTOR_HEALTHCARE,B1,Batch 1 — 2022 to 2023,3,1,2,33.33,1.1559,0.1602,47.97,0.4797,355.64,307.67,51.5152,-16.0425,51.5152,-20.2614,40.3,0,3
EXP,Materials,SECTOR_MATERIALS,B1,Batch 1 — 2022 to 2023,14,5,9,35.71,1.3173,0.1594,220.99,2.2099,917.4,696.41,10.5405,-4.6213,14.3752,-9.7061,10.9,0,14
PBI,Industrials,SECTOR_INDUSTRIALS,B1,Batch 1 — 2022 to 2023,7,1,6,14.29,1.2641,0.1583,110.27,1.1027,527.73,417.46,49.4949,-6.1478,49.4949,-9.4241,18.9,1,6
JAMF,Technology,SECTOR_TECHNOLOGY,B1,Batch 1 — 2022 to 2023,4,2,2,50.0,1.1751,0.157,34.58,0.3458,232.11,197.53,10.2158,-9.2887,11.5724,-9.5951,26.0,0,4
OLLI,Consumer Staples,SECTOR_CONSUMER_STAPLES,B1,Batch 1 — 2022 to 2023,9,5,4,55.56,1.4855,0.1558,129.76,1.2976,397.03,267.27,7.5486,-6.2637,14.4538,-11.4919,14.3,0,9
UUUU,Energy,SECTOR_ENERGY,B1,Batch 1 — 2022 to 2023,9,4,5,44.44,1.4737,0.1545,144.83,1.4483,450.59,305.76,13.1916,-6.9108,28.3531,-11.5979,13.2,1,8
NET,Technology,SECTOR_TECHNOLOGY,B1,Batch 1 — 2022 to 2023,7,2,5,28.57,1.3526,0.1537,94.55,0.9455,362.7,268.15,21.2737,-6.9596,27.1912,-14.489,16.4,0,7
GDDY,Technology,SECTOR_TECHNOLOGY,B1,Batch 1 — 2022 to 2023,9,3,6,33.33,1.3984,0.1535,187.15,1.8715,656.86,469.71,10.4545,-3.5745,19.8283,-5.5036,12.7,0,9
APO,Financials,SECTOR_FINANCIALS,B1,Batch 1 — 2022 to 2023,13,5,8,38.46,1.5137,0.1512,194.95,1.9495,574.47,379.52,7.8683,-3.2379,15.1784,-8.3264,10.5,0,13
AEF,Financials,SECTOR_FINANCIALS,B1,Batch 1 — 2022 to 2023,5,2,3,40.0,1.301,0.1497,93.2,0.932,402.8,309.6,8.688,-3.5831,14.0496,-3.9359,24.2,0,5
WDC,Technology,SECTOR_TECHNOLOGY,B1,Batch 1 — 2022 to 2023,9,5,4,55.56,1.3557,0.1422,129.27,1.2927,492.71,363.44,6.6487,-6.5248,10.2557,-9.6595,17.0,0,9
SEIC,Financials,SECTOR_FINANCIALS,B1,Batch 1 — 2022 to 2023,10,4,6,40.0,1.3974,0.1408,196.34,1.9634,690.36,494.02,6.9622,-4.0048,16.3411,-5.5148,14.3,0,10
VMD,Healthcare,SECTOR_HEALTHCARE,B1,Batch 1 — 2022 to 2023,11,4,7,36.36,1.4661,0.1403,199.14,1.9914,626.43,427.29,14.014,-4.3611,44.8718,-7.7701,15.7,0,11
QUAD,Industrials,SECTOR_INDUSTRIALS,B1,Batch 1 — 2022 to 2023,6,2,4,33.33,1.3583,0.1391,114.44,1.1444,433.8,319.36,27.9624,-9.3213,37.2611,-11.7593,17.5,0,6
HYLN,Consumer Discretionary,SECTOR_CONSUMER_DISCRETIONARY,B1,Batch 1 — 2022 to 2023,9,1,8,11.11,1.1425,0.1387,115.96,1.1596,929.75,813.79,140.3983,-12.9713,140.3983,-14.9409,17.6,2,7
STBA,Financials,SECTOR_FINANCIALS,B1,Batch 1 — 2022 to 2023,4,2,2,50.0,1.3191,0.1361,63.29,0.6329,261.61,198.32,7.7393,-6.0317,12.5043,-6.1768,15.8,0,4
FICO,Technology,SECTOR_TECHNOLOGY,B1,Batch 1 — 2022 to 2023,12,6,6,50.0,1.3326,0.1356,96.78,0.9678,387.79,291.01,5.3762,-3.7368,17.5268,-6.838,14.2,0,12
SPGI,Financials,SECTOR_FINANCIALS,B1,Batch 1 — 2022 to 2023,8,5,3,62.5,1.3764,0.1348,99.28,0.9928,363.02,263.74,3.8717,-3.8501,8.8721,-5.4037,23.4,0,8
EZPW,Financials,SECTOR_FINANCIALS,B1,Batch 1 — 2022 to 2023,10,3,7,30.0,1.5172,0.1329,162.29,1.6229,476.06,313.77,10.9171,-3.5927,16.3265,-9.669,8.3,0,10
DAN,Consumer Discretionary,SECTOR_CONSUMER_DISCRETIONARY,B1,Batch 1 — 2022 to 2023,8,3,5,37.5,1.2904,0.1319,103.86,1.0386,461.49,357.63,12.1146,-5.7024,22.7946,-9.7151,20.8,1,7
PRIM,Industrials,SECTOR_INDUSTRIALS,B1,Batch 1 — 2022 to 2023,9,4,5,44.44,1.199,0.1314,91.45,0.9145,550.93,459.48,9.8893,-5.607,32.6636,-7.8232,16.4,0,9
LAUR,Consumer Staples,SECTOR_CONSUMER_STAPLES,B1,Batch 1 — 2022 to 2023,9,3,6,33.33,1.2829,0.131,107.22,1.0722,486.2,378.98,7.9053,-3.5728,12.7694,-7.1448,11.0,0,9
CRS,Industrials,SECTOR_INDUSTRIALS,B1,Batch 1 — 2022 to 2023,14,4,10,28.57,1.5063,0.1307,231.05,2.3105,687.38,456.33,12.6001,-3.4998,16.7513,-7.0424,9.2,0,14
KLAC,Technology,SECTOR_TECHNOLOGY,B1,Batch 1 — 2022 to 2023,12,6,6,50.0,1.2729,0.1307,109.42,1.0942,510.35,400.93,6.6501,-4.0865,15.5037,-5.3232,8.5,0,12
DCI,Industrials,SECTOR_INDUSTRIALS,B1,Batch 1 — 2022 to 2023,11,4,7,36.36,1.4315,0.1302,169.61,1.6961,562.65,393.04,6.4258,-2.4249,13.6908,-5.4359,9.5,0,11
BBY,Consumer Discretionary,SECTOR_CONSUMER_DISCRETIONARY,B1,Batch 1 — 2022 to 2023,8,3,5,37.5,1.338,0.1295,105.18,1.0518,416.36,311.18,8.7751,-4.2161,13.2381,-8.2344,14.0,1,7
TROX,Materials,SECTOR_MATERIALS,B1,Batch 1 — 2022 to 2023,6,3,3,50.0,1.3446,0.1284,95.99,0.9599,374.58,278.59,11.9657,-8.018,16.6783,-9.2142,23.3,0,6
BATRA,Communication Services,SECTOR_COMMUNICATION_SERVICES,B1,Batch 1 — 2022 to 2023,10,5,5,50.0,1.4659,0.1277,136.88,1.3688,430.69,293.81,3.912,-2.8976,10.2521,-6.2151,10.2,0,10
ARVN,Healthcare,SECTOR_HEALTHCARE,B1,Batch 1 — 2022 to 2023,7,1,6,14.29,1.207,0.127,116.77,1.1677,680.75,563.98,98.3316,-12.4483,98.3316,-14.306,21.4,0,7
TNDM,Healthcare,SECTOR_HEALTHCARE,B1,Batch 1 — 2022 to 2023,4,1,3,25.0,1.2174,0.1235,61.55,0.6155,344.66,283.11,46.9948,-9.5102,46.9948,-10.5182,25.0,1,3
ASGI,Financials,SECTOR_FINANCIALS,B1,Batch 1 — 2022 to 2023,6,3,3,50.0,1.2283,0.1206,70.59,0.7059,379.78,309.19,4.4565,-2.8956,8.9406,-3.4196,25.0,0,6
XERS,Healthcare,SECTOR_HEALTHCARE,B1,Batch 1 — 2022 to 2023,7,3,4,42.86,1.4169,0.1201,149.98,1.4998,509.76,359.78,21.1814,-12.2765,32.9268,-13.3091,12.9,0,7
C,Financials,SECTOR_FINANCIALS,B1,Batch 1 — 2022 to 2023,7,2,5,28.57,1.1458,0.1187,73.16,0.7316,574.94,501.78,12.0244,-6.0468,21.3176,-7.5036,19.6,0,7
ABNB,Consumer Discretionary,SECTOR_CONSUMER_DISCRETIONARY,B1,Batch 1 — 2022 to 2023,9,3,6,33.33,1.3512,0.1182,129.53,1.2953,498.4,368.87,12.0964,-4.9934,23.1447,-13.2306,18.0,0,9
FROG,Technology,SECTOR_TECHNOLOGY,B1,Batch 1 — 2022 to 2023,9,3,6,33.33,1.3221,0.1175,133.66,1.3366,548.57,414.91,15.4296,-6.6605,25.4167,-11.0864,18.2,0,9
FMBH,Financials,SECTOR_FINANCIALS,B1,Batch 1 — 2022 to 2023,7,3,4,42.86,1.1771,0.1172,66.9,0.669,444.59,377.69,8.266,-5.5339,13.2231,-7.3573,14.9,0,7
MATX,Industrials,SECTOR_INDUSTRIALS,B1,Batch 1 — 2022 to 2023,10,2,8,20.0,1.2328,0.1165,117.28,1.1728,621.0,503.72,14.7236,-3.7893,16.0324,-7.0002,10.7,1,9
MYRG,Industrials,SECTOR_INDUSTRIALS,B1,Batch 1 — 2022 to 2023,10,5,5,50.0,1.3595,0.1157,96.04,0.9604,363.2,267.16,4.5888,-3.2704,12.0243,-6.4409,12.1,0,10
IQV,Healthcare,SECTOR_HEALTHCARE,B1,Batch 1 — 2022 to 2023,8,5,3,62.5,1.2818,0.1155,87.49,0.8749,397.93,310.44,5.3102,-6.3719,10.9353,-9.8108,21.0,0,8
WAFD,Financials,SECTOR_FINANCIALS,B1,Batch 1 — 2022 to 2023,8,3,5,37.5,1.2338,0.1149,106.3,1.063,561.0,454.7,9.9905,-5.3845,14.016,-8.0068,14.4,0,8
USFD,Consumer Staples,SECTOR_CONSUMER_STAPLES,B1,Batch 1 — 2022 to 2023,12,4,8,33.33,1.2579,0.1119,143.18,1.4318,698.3,555.12,9.0385,-3.451,18.607,-6.3951,12.0,0,12
EYE,Consumer Discretionary,SECTOR_CONSUMER_DISCRETIONARY,B1,Batch 1 — 2022 to 2023,9,2,7,22.22,1.1577,0.111,93.44,0.9344,686.08,592.64,26.9459,-6.7845,33.9423,-10.4928,30.7,2,7
WTS,Industrials,SECTOR_INDUSTRIALS,B1,Batch 1 — 2022 to 2023,11,4,7,36.36,1.3286,0.1093,133.72,1.3372,540.67,406.95,7.7976,-2.7689,14.0366,-4.9093,10.5,0,11
DFIN,Technology,SECTOR_TECHNOLOGY,B1,Batch 1 — 2022 to 2023,12,6,6,50.0,1.3575,0.1076,169.93,1.6993,645.31,475.38,6.4075,-5.1525,28.3036,-13.0793,12.2,0,12
RLAY,Healthcare,SECTOR_HEALTHCARE,B1,Batch 1 — 2022 to 2023,8,4,4,50.0,1.1818,0.1067,71.99,0.7199,467.98,395.99,17.0149,-14.2211,35.8402,-17.6426,15.0,0,8
TXRH,Consumer Discretionary,SECTOR_CONSUMER_DISCRETIONARY,B1,Batch 1 — 2022 to 2023,11,3,8,27.27,1.3039,0.1054,123.39,1.2339,529.35,405.96,10.4941,-2.803,16.665,-7.5129,11.3,0,11
KAI,Industrials,SECTOR_INDUSTRIALS,B1,Batch 1 — 2022 to 2023,10,6,4,60.0,1.4773,0.1053,104.51,1.0451,323.46,218.95,2.5215,-3.6112,8.1629,-6.4711,11.2,0,10
NEO,Healthcare,SECTOR_HEALTHCARE,B1,Batch 1 — 2022 to 2023,9,2,7,22.22,1.0409,0.1047,24.86,0.2486,632.03,607.17,43.014,-9.2111,61.9704,-14.9717,19.0,1,8
TDY,Technology,SECTOR_TECHNOLOGY,B1,Batch 1 — 2022 to 2023,8,2,6,25.0,1.224,0.1025,68.81,0.6881,376.01,307.2,8.4955,-2.2818,9.2499,-4.9997,10.0,0,8
ECL,Materials,SECTOR_MATERIALS,B1,Batch 1 — 2022 to 2023,9,5,4,55.56,1.2502,0.1007,94.91,0.9491,474.31,379.4,3.8369,-5.4722,12.6328,-6.0247,19.7,1,8
CDW,Technology,SECTOR_TECHNOLOGY,B1,Batch 1 — 2022 to 2023,13,6,7,46.15,1.3213,0.1007,141.23,1.4123,580.78,439.55,4.4233,-2.6018,9.5993,-4.2097,10.5,0,13
UAL,Industrials,SECTOR_INDUSTRIALS,B1,Batch 1 — 2022 to 2023,12,7,5,58.33,1.331,0.0984,133.53,1.3353,536.99,403.46,5.5363,-6.4279,9.7365,-9.8795,15.1,1,11
SKYW,Industrials,SECTOR_INDUSTRIALS,B1,Batch 1 — 2022 to 2023,10,3,7,30.0,1.0241,0.0977,15.96,0.1596,677.95,661.99,16.9943,-7.5828,31.9948,-9.5012,13.0,0,10
AIZ,Financials,SECTOR_FINANCIALS,B1,Batch 1 — 2022 to 2023,6,1,5,16.67,1.286,0.0932,69.33,0.6933,311.78,242.45,14.9739,-2.1607,14.9739,-4.6408,22.0,0,6
TTMI,Technology,SECTOR_TECHNOLOGY,B1,Batch 1 — 2022 to 2023,9,3,6,33.33,1.3172,0.0921,123.03,1.2303,510.89,387.86,10.1322,-4.1076,23.0999,-7.2225,12.7,0,9
ALK,Industrials,SECTOR_INDUSTRIALS,B1,Batch 1 — 2022 to 2023,7,3,4,42.86,1.152,0.0906,63.48,0.6348,481.17,417.69,10.4201,-7.4017,17.1293,-8.1353,27.1,1,6
IDYA,Healthcare,SECTOR_HEALTHCARE,B1,Batch 1 — 2022 to 2023,9,4,5,44.44,1.2823,0.09,99.24,0.9924,450.78,351.54,12.6136,-8.9429,24.172,-13.9728,17.6,0,9
PCVX,Healthcare,SECTOR_HEALTHCARE,B1,Batch 1 — 2022 to 2023,13,5,8,38.46,1.3027,0.0879,129.48,1.2948,557.29,427.81,13.2624,-5.0136,33.2435,-8.9705,10.3,0,13
CL,Consumer Staples,SECTOR_CONSUMER_STAPLES,B1,Batch 1 — 2022 to 2023,9,4,5,44.44,1.2516,0.0871,86.81,0.8681,431.82,345.01,3.6201,-1.8985,6.8133,-3.2797,12.1,0,9
MUC,Financials,SECTOR_FINANCIALS,B1,Batch 1 — 2022 to 2023,5,1,4,20.0,1.1658,0.087,63.15,0.6315,444.0,380.85,11.2462,-2.7805,11.2462,-3.363,44.8,0,5
NRG,Utilities,SECTOR_UTILITIES,B1,Batch 1 — 2022 to 2023,13,7,6,53.85,1.2541,0.0869,109.98,1.0998,542.79,432.81,3.8978,-3.6752,7.921,-5.5224,12.8,1,12
OVV,Energy,SECTOR_ENERGY,B1,Batch 1 — 2022 to 2023,4,1,3,25.0,1.2605,0.0868,62.39,0.6239,301.86,239.47,19.3548,-5.6425,19.3548,-9.0647,10.8,0,4
PIPR,Financials,SECTOR_FINANCIALS,B1,Batch 1 — 2022 to 2023,9,3,6,33.33,1.1665,0.0862,87.38,0.8738,612.11,524.73,12.2885,-5.4513,21.6642,-7.9918,15.0,0,9
NEU,Materials,SECTOR_MATERIALS,B1,Batch 1 — 2022 to 2023,12,5,7,41.67,1.1036,0.086,57.25,0.5725,609.63,552.38,5.1213,-3.7183,11.8081,-5.9642,16.8,1,11
MEDP,Healthcare,SECTOR_HEALTHCARE,B1,Batch 1 — 2022 to 2023,11,5,6,45.45,1.3053,0.0857,87.2,0.872,372.85,285.65,5.3238,-4.0269,11.9572,-9.291,15.3,0,11
MCHP,Technology,SECTOR_TECHNOLOGY,B1,Batch 1 — 2022 to 2023,11,6,5,54.55,1.2817,0.0854,112.9,1.129,513.74,400.84,6.1357,-4.4199,12.2344,-5.7754,9.4,0,11
GNTX,Consumer Discretionary,SECTOR_CONSUMER_DISCRETIONARY,B1,Batch 1 — 2022 to 2023,9,2,7,22.22,1.1683,0.0851,76.08,0.7608,528.18,452.1,12.2552,-3.2702,14.6181,-7.1063,12.1,0,9
GLSI,Healthcare,SECTOR_HEALTHCARE,B1,Batch 1 — 2022 to 2023,6,3,3,50.0,1.1747,0.0846,49.96,0.4996,335.97,286.01,14.4421,-15.7226,30.0542,-22.5054,14.7,0,6
ICE,Financials,SECTOR_FINANCIALS,B1,Batch 1 — 2022 to 2023,10,5,5,50.0,1.2355,0.0843,83.33,0.8333,437.11,353.78,3.3384,-2.8026,8.7267,-4.7934,14.7,1,9
LSCC,Technology,SECTOR_TECHNOLOGY,B1,Batch 1 — 2022 to 2023,13,4,9,30.77,1.3005,0.0826,177.33,1.7733,767.46,590.13,16.2071,-6.0668,26.8419,-11.537,11.2,1,12
FIBK,Financials,SECTOR_FINANCIALS,B1,Batch 1 — 2022 to 2023,8,3,5,37.5,1.2849,0.0824,94.8,0.948,427.6,332.8,9.3295,-4.7412,19.0439,-9.0344,20.2,1,7
ICUI,Healthcare,SECTOR_HEALTHCARE,B1,Batch 1 — 2022 to 2023,5,2,3,40.0,1.1648,0.0824,46.25,0.4625,326.85,280.6,12.7248,-6.9421,15.8302,-8.7421,22.6,1,4
PFS,Financials,SECTOR_FINANCIALS,B1,Batch 1 — 2022 to 2023,5,2,3,40.0,0.9093,0.0813,-27.16,-0.2716,272.14,299.3,8.7826,-6.3293,11.6802,-6.9867,20.8,0,5
RRR,Consumer Discretionary,SECTOR_CONSUMER_DISCRETIONARY,B1,Batch 1 — 2022 to 2023,9,5,4,55.56,1.3112,0.0811,73.84,0.7384,311.09,237.25,3.8876,-4.094,7.3635,-8.7234,14.2,0,9
CDNA,Healthcare,SECTOR_HEALTHCARE,B1,Batch 1 — 2022 to 2023,4,1,3,25.0,1.1046,0.081,31.17,0.3117,329.3,298.13,50.4775,-12.3171,50.4775,-12.3878,32.8,0,4
ARES,Financials,SECTOR_FINANCIALS,B1,Batch 1 — 2022 to 2023,13,6,7,46.15,1.2764,0.0807,108.85,1.0885,502.63,393.78,5.8253,-3.0196,14.5733,-5.8543,10.0,0,13
WEX,Technology,SECTOR_TECHNOLOGY,B1,Batch 1 — 2022 to 2023,10,4,6,40.0,1.1343,0.0807,42.33,0.4233,357.46,315.13,4.8904,-3.55,9.2378,-6.9957,12.4,0,10
MRVL,Technology,SECTOR_TECHNOLOGY,B1,Batch 1 — 2022 to 2023,7,1,6,14.29,1.2206,0.0802,105.97,1.0597,586.4,480.43,33.6857,-7.2012,33.6857,-12.2264,18.0,0,7
CTGO,Materials,SECTOR_MATERIALS,B1,Batch 1 — 2022 to 2023,5,1,4,20.0,1.2337,0.08,58.74,0.5874,310.05,251.31,19.0419,-5.5423,19.0419,-8.8847,12.6,1,4
SCSC,Technology,SECTOR_TECHNOLOGY,B1,Batch 1 — 2022 to 2023,6,2,4,33.33,1.1672,0.0799,47.85,0.4785,333.96,286.11,8.8635,-3.7087,16.1396,-5.0151,9.7,0,6
MDGL,Healthcare,SECTOR_HEALTHCARE,B1,Batch 1 — 2022 to 2023,9,4,5,44.44,1.0418,0.0793,20.51,0.2051,511.45,490.94,17.0065,-10.5557,35.0227,-12.6558,9.4,1,8
ECPG,Financials,SECTOR_FINANCIALS,B1,Batch 1 — 2022 to 2023,6,3,3,50.0,1.1466,0.0786,45.93,0.4593,359.3,313.37,7.5784,-5.9747,8.774,-7.9795,17.2,0,6
DECK,Consumer Discretionary,SECTOR_CONSUMER_DISCRETIONARY,B1,Batch 1 — 2022 to 2023,14,7,7,50.0,1.2688,0.0769,121.66,1.2166,574.18,452.52,5.697,-4.4078,15.5693,-10.3216,11.2,0,14
KSS,Consumer Discretionary,SECTOR_CONSUMER_DISCRETIONARY,B1,Batch 1 — 2022 to 2023,6,2,4,33.33,1.1022,0.0767,43.48,0.4348,468.82,425.34,21.1167,-9.8334,23.7901,-11.8485,24.7,1,5
ORA,Utilities,SECTOR_UTILITIES,B1,Batch 1 — 2022 to 2023,10,3,7,30.0,1.1354,0.0756,66.03,0.6603,553.6,487.57,12.4144,-3.8404,12.7417,-6.799,10.7,1,9
BRK-A,Financials,SECTOR_FINANCIALS,B1,Batch 1 — 2022 to 2023,9,5,4,55.56,1.4082,0.0756,20687.16,206.8716,71364.0,50676.84,3.1541,-2.4529,9.349,-3.2664,10.2,0,9
ARLO,Industrials,SECTOR_INDUSTRIALS,B1,Batch 1 — 2022 to 2023,9,4,5,44.44,1.2055,0.0748,83.68,0.8368,490.88,407.2,10.3176,-7.61,35.7664,-10.4813,13.1,1,8
TFC,Financials,SECTOR_FINANCIALS,B1,Batch 1 — 2022 to 2023,6,2,4,33.33,1.1491,0.0741,57.25,0.5725,441.23,383.98,13.125,-6.5001,20.1297,-8.0821,20.0,1,5
WH,Consumer Discretionary,SECTOR_CONSUMER_DISCRETIONARY,B1,Batch 1 — 2022 to 2023,6,3,3,50.0,1.4071,0.0719,73.89,0.7389,255.41,181.52,4.3029,-3.1066,6.0191,-5.1787,10.7,0,6
ABUS,Healthcare,SECTOR_HEALTHCARE,B1,Batch 1 — 2022 to 2023,6,2,4,33.33,1.1834,0.0709,62.97,0.6297,406.32,343.35,19.1437,-8.915,20.5882,-14.0873,16.7,0,6
SHW,Materials,SECTOR_MATERIALS,B1,Batch 1 — 2022 to 2023,8,4,4,50.0,1.1851,0.0703,86.03,0.8603,550.89,464.86,6.5229,-7.0239,13.0134,-12.5498,16.5,0,8
BGH,Financials,SECTOR_FINANCIALS,B1,Batch 1 — 2022 to 2023,6,2,4,33.33,1.1013,0.0692,36.36,0.3636,395.16,358.8,5.0602,-2.1269,6.5574,-2.7845,26.7,1,5
TBPH,Healthcare,SECTOR_HEALTHCARE,B1,Batch 1 — 2022 to 2023,2,1,1,50.0,1.1175,0.0656,13.38,0.1338,127.28,113.9,7.528,-6.1355,7.528,-6.1355,19.0,0,2
NMAI,Financials,SECTOR_FINANCIALS,B1,Batch 1 — 2022 to 2023,3,1,2,33.33,1.3498,0.0649,68.63,0.6863,264.83,196.2,6.2665,-3.5277,6.2665,-4.2823,22.0,0,3
JBI,Industrials,SECTOR_INDUSTRIALS,B1,Batch 1 — 2022 to 2023,12,6,6,50.0,1.1561,0.0644,73.7,0.737,545.82,472.12,6.2889,-5.7768,17.617,-9.7436,10.6,0,12
KRYS,Healthcare,SECTOR_HEALTHCARE,B1,Batch 1 — 2022 to 2023,11,5,6,45.45,1.1451,0.0633,48.71,0.4871,384.45,335.74,7.4916,-4.6909,24.4721,-8.0805,7.6,0,11
AIR,Industrials,SECTOR_INDUSTRIALS,B1,Batch 1 — 2022 to 2023,9,5,4,55.56,1.4944,0.0624,73.27,0.7327,221.48,148.21,2.4725,-1.8942,3.9212,-4.0906,14.0,0,9
DINO,Energy,SECTOR_ENERGY,B1,Batch 1 — 2022 to 2023,5,1,4,20.0,1.1898,0.0592,48.36,0.4836,303.2,254.84,15.5967,-4.3411,15.5967,-6.8751,8.4,0,5
SENEA,Consumer Staples,SECTOR_CONSUMER_STAPLES,B1,Batch 1 — 2022 to 2023,12,6,6,50.0,0.9629,0.0558,-21.86,-0.2186,566.61,588.47,8.266,-5.8189,34.2636,-8.1849,11.8,0,12
BV,Industrials,SECTOR_INDUSTRIALS,B1,Batch 1 — 2022 to 2023,8,3,5,37.5,0.9865,0.0536,-6.27,-0.0627,459.21,465.48,12.106,-6.2556,23.5294,-7.6447,15.9,1,7
ANAB,Healthcare,SECTOR_HEALTHCARE,B1,Batch 1 — 2022 to 2023,8,2,6,25.0,1.1184,0.0518,51.5,0.515,486.35,434.85,25.6918,-7.2031,36.8972,-13.0745,15.1,0,8
FFC,Financials,SECTOR_FINANCIALS,B1,Batch 1 — 2022 to 2023,6,2,4,33.33,1.0966,0.0493,38.43,0.3843,436.36,397.93,7.2454,-3.629,7.4548,-4.3782,21.3,1,5
IBKR,Financials,SECTOR_FINANCIALS,B1,Batch 1 — 2022 to 2023,10,4,6,40.0,1.2018,0.0473,76.66,0.7666,456.62,379.96,6.412,-3.4008,16.4948,-7.9218,11.2,0,10
MRNA,Healthcare,SECTOR_HEALTHCARE,B1,Batch 1 — 2022 to 2023,6,2,4,33.33,1.1278,0.0432,42.31,0.4231,373.42,331.11,21.5851,-10.6481,22.8553,-14.9894,26.8,0,6
UAMY,Materials,SECTOR_MATERIALS,B1,Batch 1 — 2022 to 2023,4,2,2,50.0,1.0853,0.0425,17.05,0.1705,216.98,199.93,10.9524,-15.8414,17.1429,-17.7115,21.0,0,4
ADNT,Consumer Discretionary,SECTOR_CONSUMER_DISCRETIONARY,B1,Batch 1 — 2022 to 2023,7,4,3,57.14,1.0595,0.0425,19.3,0.193,343.72,324.42,6.8819,-9.3513,12.3699,-11.1774,20.4,0,7
PRVA,Healthcare,SECTOR_HEALTHCARE,B1,Batch 1 — 2022 to 2023,5,1,4,20.0,1.2113,0.0404,66.85,0.6685,383.16,316.31,49.5589,-8.6288,49.5589,-9.0294,11.0,0,5
TRST,Financials,SECTOR_FINANCIALS,B1,Batch 1 — 2022 to 2023,9,3,6,33.33,1.0161,0.0402,9.66,0.0966,609.98,600.32,9.6361,-5.2259,11.1992,-6.5322,11.7,0,9
STKL,Consumer Staples,SECTOR_CONSUMER_STAPLES,B1,Batch 1 — 2022 to 2023,8,4,4,50.0,1.0322,0.0397,11.21,0.1121,359.56,348.35,11.0199,-7.4958,24.6914,-9.5834,16.1,0,8
BWMN,Industrials,SECTOR_INDUSTRIALS,B1,Batch 1 — 2022 to 2023,10,6,4,60.0,1.0747,0.0378,23.66,0.2366,340.19,316.53,5.4741,-6.0309,13.3189,-8.8866,9.6,0,10
FEIM,Technology,SECTOR_TECHNOLOGY,B1,Batch 1 — 2022 to 2023,7,2,5,28.57,1.1418,0.0357,47.9,0.479,385.68,337.78,16.0953,-4.9356,18.1495,-7.0524,14.3,0,7
VRTS,Financials,SECTOR_FINANCIALS,B1,Batch 1 — 2022 to 2023,8,3,5,37.5,0.9829,0.034,-7.22,-0.0722,414.71,421.93,9.9601,-5.5022,11.7995,-7.9628,18.1,1,7
PHK,Financials,SECTOR_FINANCIALS,B1,Batch 1 — 2022 to 2023,7,3,4,42.86,1.0528,0.0329,19.97,0.1997,398.3,378.33,4.4167,-3.6835,6.0852,-4.0652,14.1,0,7
FTI,Energy,SECTOR_ENERGY,B1,Batch 1 — 2022 to 2023,14,6,8,42.86,1.2167,0.0328,89.63,0.8963,503.16,413.53,6.2622,-4.255,13.2708,-6.801,9.4,0,14
PLOW,Consumer Discretionary,SECTOR_CONSUMER_DISCRETIONARY,B1,Batch 1 — 2022 to 2023,7,2,5,28.57,1.078,0.0309,37.44,0.3744,517.7,480.26,14.159,-5.3982,22.8978,-5.8083,23.6,2,5
HBT,Financials,SECTOR_FINANCIALS,B1,Batch 1 — 2022 to 2023,4,3,1,75.0,1.0005,0.0285,0.06,0.0006,116.5,116.44,1.9323,-7.1972,3.8897,-7.1972,13.5,0,4
LYTS,Technology,SECTOR_TECHNOLOGY,B1,Batch 1 — 2022 to 2023,9,3,6,33.33,1.1015,0.0261,47.05,0.4705,510.42,463.37,16.409,-6.7218,30.157,-9.8782,12.2,0,9
SMG,Materials,SECTOR_MATERIALS,B1,Batch 1 — 2022 to 2023,7,2,5,28.57,1.0178,0.0254,8.92,0.0892,509.1,500.18,22.6504,-8.7069,39.9255,-11.1702,16.9,2,5
PI,Technology,SECTOR_TECHNOLOGY,B1,Batch 1 — 2022 to 2023,11,3,8,27.27,1.171,0.0248,77.84,0.7784,532.98,455.14,19.9882,-5.6632,26.985,-9.3648,9.1,2,9
V,Financials,SECTOR_FINANCIALS,B1,Batch 1 — 2022 to 2023,11,5,6,45.45,1.1305,0.022,44.01,0.4401,381.23,337.22,3.0615,-3.0237,5.5753,-6.2185,14.5,0,11
CD,Financials,SECTOR_FINANCIALS,B1,Batch 1 — 2022 to 2023,6,2,4,33.33,0.8251,0.0219,-75.38,-0.7538,355.58,430.96,52.3791,-24.3088,62.0915,-26.5391,23.2,0,6
HRMY,Healthcare,SECTOR_HEALTHCARE,B1,Batch 1 — 2022 to 2023,3,1,2,33.33,1.0235,0.0203,4.63,0.0463,201.3,196.67,22.5009,-6.2851,22.5009,-6.2872,60.3,1,2
ETON,Healthcare,SECTOR_HEALTHCARE,B1,Batch 1 — 2022 to 2023,9,5,4,55.56,1.0831,0.0201,26.94,0.2694,351.04,324.1,8.3084,-10.2864,32.5758,-13.9721,14.8,0,9
FTDR,Consumer Discretionary,SECTOR_CONSUMER_DISCRETIONARY,B1,Batch 1 — 2022 to 2023,8,3,5,37.5,1.1088,0.02,38.15,0.3815,388.82,350.67,7.8688,-5.7364,17.6053,-9.4687,19.6,0,8
BUSE,Financials,SECTOR_FINANCIALS,B1,Batch 1 — 2022 to 2023,6,3,3,50.0,1.0804,0.0165,20.73,0.2073,278.43,257.7,5.7381,-5.9582,8.5135,-7.5679,31.7,2,4
ENS,Industrials,SECTOR_INDUSTRIALS,B1,Batch 1 — 2022 to 2023,9,3,6,33.33,0.9929,0.0157,-2.55,-0.0255,354.64,357.19,7.8848,-3.4492,13.6105,-6.7495,14.1,0,9
DDOG,Technology,SECTOR_TECHNOLOGY,B1,Batch 1 — 2022 to 2023,7,3,4,42.86,1.0842,0.0153,23.96,0.2396,308.68,284.72,10.4801,-8.3726,22.319,-13.6782,15.7,0,7
TTC,Industrials,SECTOR_INDUSTRIALS,B1,Batch 1 — 2022 to 2023,8,4,4,50.0,1.2035,0.0152,85.73,0.8573,506.92,421.19,6.4813,-5.6526,11.3866,-7.4658,11.1,1,7
KNTK,Energy,SECTOR_ENERGY,B1,Batch 1 — 2022 to 2023,4,2,2,50.0,1.2096,0.0136,18.36,0.1836,105.96,87.6,3.116,-2.4405,4.5312,-2.7959,11.5,0,4
MSI,Technology,SECTOR_TECHNOLOGY,B1,Batch 1 — 2022 to 2023,13,5,8,38.46,1.1014,0.0128,51.46,0.5146,558.95,507.49,5.2407,-2.6847,10.8404,-5.8826,9.7,0,13
TTEK,Industrials,SECTOR_INDUSTRIALS,B1,Batch 1 — 2022 to 2023,7,4,3,57.14,1.0558,0.0116,12.63,0.1263,238.86,226.23,3.625,-3.7811,11.1696,-5.4075,9.6,0,7
IPAR,Consumer Staples,SECTOR_CONSUMER_STAPLES,B1,Batch 1 — 2022 to 2023,11,6,5,54.55,1.1104,0.0102,48.17,0.4817,484.5,436.33,4.999,-5.8208,8.6235,-7.0236,11.3,0,11
SSTK,Communication Services,SECTOR_COMMUNICATION_SERVICES,B1,Batch 1 — 2022 to 2023,6,1,5,16.67,1.0301,0.0091,17.65,0.1765,604.52,586.87,39.6001,-9.9361,39.6001,-16.8663,21.3,1,5
UA,Consumer Discretionary,SECTOR_CONSUMER_DISCRETIONARY,B1,Batch 1 — 2022 to 2023,8,2,6,25.0,1.0592,0.0088,30.52,0.3052,545.66,515.14,29.1863,-6.355,52.9745,-8.9392,15.9,2,6
ENSG,Healthcare,SECTOR_HEALTHCARE,B1,Batch 1 — 2022 to 2023,10,5,5,50.0,1.0612,0.0073,20.66,0.2066,358.47,337.81,3.9475,-3.335,10.7708,-4.6645,10.1,0,10
ACMR,Technology,SECTOR_TECHNOLOGY,B1,Batch 1 — 2022 to 2023,6,2,4,33.33,1.0563,0.0054,21.49,0.2149,403.18,381.69,19.9652,-10.8661,20.7854,-12.859,26.8,0,6
TRMB,Technology,SECTOR_TECHNOLOGY,B1,Batch 1 — 2022 to 2023,8,3,5,37.5,1.0208,0.0051,10.23,0.1023,501.83,491.6,8.9595,-7.2132,9.8384,-8.4532,19.6,1,7
MGNI,Communication Services,SECTOR_COMMUNICATION_SERVICES,B1,Batch 1 — 2022 to 2023,9,4,5,44.44,1.0247,0.0048,10.8,0.108,448.65,437.85,13.6514,-11.2279,23.3766,-15.9416,16.3,1,8
AQST,Healthcare,SECTOR_HEALTHCARE,B1,Batch 1 — 2022 to 2023,7,3,4,42.86,1.0594,0.0039,22.57,0.2257,402.24,379.67,17.8385,-15.2863,26.2136,-18.4097,14.9,1,6
KE,Industrials,SECTOR_INDUSTRIALS,B1,Batch 1 — 2022 to 2023,12,4,8,33.33,1.072,0.0031,35.51,0.3551,528.85,493.34,8.7243,-4.3628,15.9255,-7.4383,11.9,0,12
FIVE,Consumer Discretionary,SECTOR_CONSUMER_DISCRETIONARY,B1,Batch 1 — 2022 to 2023,12,3,9,25.0,1.0183,0.0006,7.78,0.0778,432.64,424.86,10.7837,-3.504,14.415,-9.176,17.2,0,12
AVPT,Technology,SECTOR_TECHNOLOGY,B1,Batch 1 — 2022 to 2023,11,3,8,27.27,0.8298,0.0005,-100.89,-1.0089,491.88,592.77,14.7247,-7.1245,40.1392,-11.7135,15.2,0,11
HAE,Healthcare,SECTOR_HEALTHCARE,B1,Batch 1 — 2022 to 2023,10,5,5,50.0,1.036,-0.0008,10.64,0.1064,305.81,295.17,3.588,-3.9504,6.6263,-9.4158,14.2,0,10
STGW,Communication Services,SECTOR_COMMUNICATION_SERVICES,B1,Batch 1 — 2022 to 2023,8,3,5,37.5,1.0535,-0.0016,17.59,0.1759,346.6,329.01,12.4581,-5.6248,24.9505,-8.5966,10.8,0,8
NMIH,Financials,SECTOR_FINANCIALS,B1,Batch 1 — 2022 to 2023,12,5,7,41.67,0.9704,-0.0028,-15.59,-0.1559,510.28,525.87,7.0925,-4.3936,25.1991,-6.658,8.0,0,12
LEGN,Healthcare,SECTOR_HEALTHCARE,B1,Batch 1 — 2022 to 2023,11,3,8,27.27,1.05,-0.003,33.06,0.3306,694.7,661.64,19.2756,-8.1442,41.0246,-11.2196,9.5,0,11
TARS,Healthcare,SECTOR_HEALTHCARE,B1,Batch 1 — 2022 to 2023,8,4,4,50.0,0.9905,-0.0046,-3.14,-0.0314,328.19,331.33,8.9706,-8.2744,14.5942,-11.9979,19.8,0,8
RELY,Technology,SECTOR_TECHNOLOGY,B1,Batch 1 — 2022 to 2023,9,2,7,22.22,0.9997,-0.006,-0.13,-0.0013,483.12,483.25,27.388,-4.935,40.7759,-6.6165,14.1,0,9
LEGH,Consumer Discretionary,SECTOR_CONSUMER_DISCRETIONARY,B1,Batch 1 — 2022 to 2023,8,3,5,37.5,0.9682,-0.0077,-3.75,-0.0375,114.18,117.93,3.255,-1.6732,4.9714,-3.6931,21.1,0,8
PB,Financials,SECTOR_FINANCIALS,B1,Batch 1 — 2022 to 2023,8,3,5,37.5,1.0579,-0.0099,21.6,0.216,394.94,373.34,6.5018,-4.013,12.2446,-5.6033,14.5,0,8
BUI,Financials,SECTOR_FINANCIALS,B1,Batch 1 — 2022 to 2023,9,4,5,44.44,0.9538,-0.01,-18.75,-0.1875,387.11,405.86,3.6273,-2.7616,5.9541,-3.7442,17.2,0,9
TXN,Technology,SECTOR_TECHNOLOGY,B1,Batch 1 — 2022 to 2023,11,4,7,36.36,1.0015,-0.0108,0.64,0.0064,438.55,437.91,5.5522,-3.0118,10.7145,-6.0088,7.9,0,11
LILAK,Communication Services,SECTOR_COMMUNICATION_SERVICES,B1,Batch 1 — 2022 to 2023,5,1,4,20.0,1.0606,-0.0112,17.56,0.1756,307.4,289.84,28.4182,-6.1197,28.4182,-8.4336,22.6,0,5
HUBS,Technology,SECTOR_TECHNOLOGY,B1,Batch 1 — 2022 to 2023,9,3,6,33.33,0.888,-0.0115,-39.76,-0.3976,315.16,354.92,11.1866,-5.7128,15.1303,-12.5858,13.9,0,9
IR,Industrials,SECTOR_INDUSTRIALS,B1,Batch 1 — 2022 to 2023,14,6,8,42.86,1.0157,-0.0127,8.53,0.0853,553.49,544.96,4.6988,-3.1878,9.7561,-8.1216,8.6,0,14
HIG,Financials,SECTOR_FINANCIALS,B1,Batch 1 — 2022 to 2023,10,2,8,20.0,0.9981,-0.0132,-0.73,-0.0073,390.9,391.63,7.837,-1.9872,9.6211,-4.5373,9.0,0,10
BLBD,Industrials,SECTOR_INDUSTRIALS,B1,Batch 1 — 2022 to 2023,10,3,7,30.0,1.025,-0.0147,13.33,0.1333,547.34,534.01,14.3412,-8.4787,33.5388,-11.2842,12.0,1,9
MEG,Industrials,SECTOR_INDUSTRIALS,B1,Batch 1 — 2022 to 2023,6,3,3,50.0,0.8665,-0.0148,-34.83,-0.3483,226.06,260.89,7.9273,-8.0782,13.1207,-10.8973,26.8,1,5
NTRA,Healthcare,SECTOR_HEALTHCARE,B1,Batch 1 — 2022 to 2023,8,2,6,25.0,0.942,-0.0159,-22.87,-0.2287,371.2,394.07,22.1552,-8.6588,26.9248,-15.3529,19.9,0,8
MLR,Consumer Discretionary,SECTOR_CONSUMER_DISCRETIONARY,B1,Batch 1 — 2022 to 2023,10,3,7,30.0,0.9464,-0.019,-26.77,-0.2677,472.28,499.05,8.4177,-3.7264,16.3823,-5.466,9.5,0,10
GRND,Technology,SECTOR_TECHNOLOGY,B1,Batch 1 — 2022 to 2023,3,2,1,66.67,0.7552,-0.0191,-24.33,-0.2433,75.07,99.4,5.2159,-7.8736,6.9024,-7.8736,22.7,0,3
BRK-B,Financials,SECTOR_FINANCIALS,B1,Batch 1 — 2022 to 2023,10,4,6,40.0,0.9528,-0.0193,-14.42,-0.1442,291.21,305.63,2.7196,-1.3683,7.3346,-2.9805,8.6,0,10
FITB,Financials,SECTOR_FINANCIALS,B1,Batch 1 — 2022 to 2023,7,2,5,28.57,0.9969,-0.0195,-1.59,-0.0159,512.82,514.41,15.4669,-6.1886,27.638,-7.6808,19.9,0,7
CM,Financials,SECTOR_FINANCIALS,B1,Batch 1 — 2022 to 2023,6,1,5,16.67,1.1146,-0.0209,62.6,0.626,609.02,546.42,21.0755,-4.987,21.0755,-6.1235,27.8,2,4
MSFT,Technology,SECTOR_TECHNOLOGY,B1,Batch 1 — 2022 to 2023,12,5,7,41.67,0.9402,-0.0211,-27.07,-0.2707,425.23,452.3,4.5767,-3.424,9.2138,-6.4186,10.5,0,12
HL,Materials,SECTOR_MATERIALS,B1,Batch 1 — 2022 to 2023,8,4,4,50.0,0.9039,-0.0213,-30.81,-0.3081,289.85,320.66,6.7916,-7.7722,13.913,-12.1249,15.9,0,8
INNV,Healthcare,SECTOR_HEALTHCARE,B1,Batch 1 — 2022 to 2023,3,1,2,33.33,0.8219,-0.0222,-33.5,-0.335,154.58,188.08,26.572,-13.9612,26.572,-14.7933,15.3,0,3
AXGN,Healthcare,SECTOR_HEALTHCARE,B1,Batch 1 — 2022 to 2023,6,2,4,33.33,1.0537,-0.0224,18.13,0.1813,355.78,337.65,21.8282,-10.7445,29.5374,-14.7749,24.0,0,6
RDW,Industrials,SECTOR_INDUSTRIALS,B1,Batch 1 — 2022 to 2023,7,2,5,28.57,0.9808,-0.0253,-10.14,-0.1014,518.22,528.36,32.7344,-13.3984,53.9823,-17.4757,7.0,0,7
SNPS,Technology,SECTOR_TECHNOLOGY,B1,Batch 1 — 2022 to 2023,14,5,9,35.71,0.9868,-0.0256,-6.3,-0.063,470.65,476.95,5.4473,-3.086,13.4923,-5.0921,8.6,0,14
PCB,Financials,SECTOR_FINANCIALS,B1,Batch 1 — 2022 to 2023,5,1,4,20.0,1.1296,-0.0265,36.83,0.3683,321.03,284.2,18.0748,-3.9808,18.0748,-7.0255,42.8,1,4
HYMC,Materials,SECTOR_MATERIALS,B1,Batch 1 — 2022 to 2023,6,1,5,16.67,0.952,-0.0266,-24.43,-0.2443,484.0,508.43,134.1463,-16.1012,134.1463,-20.1305,15.2,0,6
GLW,Technology,SECTOR_TECHNOLOGY,B1,Batch 1 — 2022 to 2023,7,3,4,42.86,0.9732,-0.03,-11.19,-0.1119,405.75,416.94,6.255,-5.7164,11.2087,-7.389,20.7,0,7
BCO,Industrials,SECTOR_INDUSTRIALS,B1,Batch 1 — 2022 to 2023,10,5,5,50.0,0.9555,-0.0327,-21.5,-0.215,461.55,483.05,5.1172,-5.3557,10.8091,-7.4302,13.7,0,10
FHB,Financials,SECTOR_FINANCIALS,B1,Batch 1 — 2022 to 2023,7,2,5,28.57,0.8931,-0.033,-43.3,-0.433,361.76,405.06,11.0018,-5.102,13.3532,-8.4292,20.6,2,5
ARWR,Healthcare,SECTOR_HEALTHCARE,B1,Batch 1 — 2022 to 2023,6,2,4,33.33,0.9811,-0.0342,-6.95,-0.0695,360.75,367.7,19.5861,-11.5064,24.1221,-17.9858,20.2,0,6
WMG,Communication Services,SECTOR_COMMUNICATION_SERVICES,B1,Batch 1 — 2022 to 2023,8,2,6,25.0,0.8454,-0.0346,-74.96,-0.7496,409.76,484.72,16.43,-5.6254,17.2327,-9.349,18.9,1,7
CTAS,Industrials,SECTOR_INDUSTRIALS,B1,Batch 1 — 2022 to 2023,13,5,8,38.46,0.917,-0.0359,-34.67,-0.3467,382.82,417.49,3.3451,-2.1433,9.2083,-5.046,8.7,0,13
LVWR,Consumer Discretionary,SECTOR_CONSUMER_DISCRETIONARY,B1,Batch 1 — 2022 to 2023,5,2,3,40.0,1.0479,-0.0372,10.07,0.1007,220.27,210.2,15.4152,-9.2948,20.0658,-11.5471,21.2,0,5
CACI,Technology,SECTOR_TECHNOLOGY,B1,Batch 1 — 2022 to 2023,9,3,6,33.33,1.0251,-0.0435,10.88,0.1088,444.8,433.92,5.5244,-2.9856,10.7932,-5.278,8.2,0,9
W,Consumer Discretionary,SECTOR_CONSUMER_DISCRETIONARY,B1,Batch 1 — 2022 to 2023,8,3,5,37.5,0.8642,-0.045,-57.32,-0.5732,364.68,422.0,15.4795,-13.3007,30.2894,-20.8033,14.4,0,8
RVMD,Healthcare,SECTOR_HEALTHCARE,B1,Batch 1 — 2022 to 2023,9,3,6,33.33,0.9126,-0.0453,-27.74,-0.2774,289.64,317.38,11.8477,-5.1333,18.665,-7.3288,13.8,0,9
PAR,Technology,SECTOR_TECHNOLOGY,B1,Batch 1 — 2022 to 2023,11,3,8,27.27,0.9225,-0.0458,-52.08,-0.5208,619.95,672.03,20.8019,-7.8471,41.0645,-11.4469,12.6,0,11
FCX,Materials,SECTOR_MATERIALS,B1,Batch 1 — 2022 to 2023,10,4,6,40.0,0.9043,-0.0459,-43.77,-0.4377,413.65,457.42,8.2413,-5.2059,18.8625,-8.4386,10.4,0,10
SEB,Industrials,SECTOR_INDUSTRIALS,B1,Batch 1 — 2022 to 2023,3,2,1,66.67,1.3352,-0.0477,51.28,0.5128,204.25,152.97,2.7163,-4.1623,4.8019,-4.1623,27.7,0,3
IMMX,Healthcare,SECTOR_HEALTHCARE,B1,Batch 1 — 2022 to 2023,5,2,3,40.0,0.787,-0.0515,-44.54,-0.4454,164.54,209.08,15.833,-14.6021,30.303,-20.1495,7.2,0,5
SO,Utilities,SECTOR_UTILITIES,B1,Batch 1 — 2022 to 2023,6,2,4,33.33,0.9304,-0.0516,-19.37,-0.1937,258.96,278.33,5.1134,-2.3522,5.5072,-3.3895,12.3,0,6
RGLD,Materials,SECTOR_MATERIALS,B1,Batch 1 — 2022 to 2023,9,4,5,44.44,0.9029,-0.0526,-40.27,-0.4027,374.42,414.69,5.4188,-4.621,7.2847,-6.4424,8.9,0,9
FOXA,Communication Services,SECTOR_COMMUNICATION_SERVICES,B1,Batch 1 — 2022 to 2023,5,2,3,40.0,0.9144,-0.0531,-24.24,-0.2424,258.89,283.13,6.1296,-4.846,10.9572,-5.4365,21.2,0,5
CIVB,Financials,SECTOR_FINANCIALS,B1,Batch 1 — 2022 to 2023,6,2,4,33.33,0.7865,-0.0537,-89.11,-0.8911,328.34,417.45,9.2683,-6.3465,10.8374,-7.7664,21.2,0,6
CBSH,Financials,SECTOR_FINANCIALS,B1,Batch 1 — 2022 to 2023,8,2,6,25.0,1.0974,-0.0545,33.58,0.3358,378.24,344.66,8.9772,-3.0289,12.1961,-5.2503,11.0,0,8
TNC,Industrials,SECTOR_INDUSTRIALS,B1,Batch 1 — 2022 to 2023,9,4,5,44.44,0.788,-0.0563,-56.49,-0.5649,210.02,266.51,2.4617,-2.9493,4.6065,-6.1833,18.8,1,8
LRCX,Technology,SECTOR_TECHNOLOGY,B1,Batch 1 — 2022 to 2023,11,3,8,27.27,0.8767,-0.0603,-74.52,-0.7452,529.65,604.17,13.0275,-5.8868,23.4935,-9.6063,15.8,0,11
FOLD,Healthcare,SECTOR_HEALTHCARE,B1,Batch 1 — 2022 to 2023,13,4,9,30.77,0.8881,-0.0606,-71.88,-0.7188,570.64,642.52,14.2557,-6.0559,39.897,-10.9782,8.8,1,12
PFN,Financials,SECTOR_FINANCIALS,B1,Batch 1 — 2022 to 2023,4,2,2,50.0,0.8746,-0.0626,-25.05,-0.2505,174.64,199.69,3.009,-3.9946,4.2838,-4.0205,20.2,0,4
LHX,Industrials,SECTOR_INDUSTRIALS,B1,Batch 1 — 2022 to 2023,4,1,3,25.0,0.8666,-0.0658,-40.48,-0.4048,263.01,303.49,13.0257,-3.7975,13.0257,-4.8503,26.8,0,4
PPTA,Materials,SECTOR_MATERIALS,B1,Batch 1 — 2022 to 2023,7,2,5,28.57,0.7986,-0.0744,-84.72,-0.8472,335.93,420.65,24.8629,-10.3925,36.0465,-13.5818,9.1,0,7
SHC,Healthcare,SECTOR_HEALTHCARE,B1,Batch 1 — 2022 to 2023,6,2,4,33.33,0.8749,-0.0746,-42.4,-0.424,296.57,338.97,9.6776,-7.0211,11.5651,-8.2174,14.8,0,6
VYX,Technology,SECTOR_TECHNOLOGY,B1,Batch 1 — 2022 to 2023,5,2,3,40.0,0.7978,-0.0759,-62.37,-0.6237,246.08,308.45,8.3666,-7.6672,12.616,-8.8389,42.4,1,4
HROW,Healthcare,SECTOR_HEALTHCARE,B1,Batch 1 — 2022 to 2023,9,4,5,44.44,0.8371,-0.0766,-55.28,-0.5528,284.09,339.37,7.8305,-7.7965,15.3247,-12.2455,11.4,2,7
FWRG,Consumer Discretionary,SECTOR_CONSUMER_DISCRETIONARY,B1,Batch 1 — 2022 to 2023,4,2,2,50.0,0.9389,-0.0767,-10.93,-0.1093,168.02,178.95,5.0105,-6.099,8.3562,-6.3939,12.5,0,4
GOLD,Financials,SECTOR_FINANCIALS,B1,Batch 1 — 2022 to 2023,7,2,5,28.57,0.9342,-0.079,-13.04,-0.1304,185.07,198.11,6.221,-3.2199,8.6117,-6.6252,12.6,0,7
FRST,Financials,SECTOR_FINANCIALS,B1,Batch 1 — 2022 to 2023,6,2,4,33.33,0.9194,-0.0846,-31.24,-0.3124,356.19,387.43,9.5769,-4.9046,11.9417,-6.8919,25.2,1,5
CVLG,Industrials,SECTOR_INDUSTRIALS,B1,Batch 1 — 2022 to 2023,13,4,9,30.77,0.8621,-0.0871,-95.25,-0.9525,595.26,690.51,10.8309,-5.6155,20.2363,-13.9957,8.8,0,13
OKE,Energy,SECTOR_ENERGY,B1,Batch 1 — 2022 to 2023,10,3,7,30.0,0.846,-0.0875,-55.0,-0.55,302.09,357.09,5.2633,-2.3479,10.8654,-4.4588,9.3,1,9
BW,Industrials,SECTOR_INDUSTRIALS,B1,Batch 1 — 2022 to 2023,3,1,2,33.33,0.868,-0.0887,-26.3,-0.263,172.96,199.26,17.3432,-8.9139,17.3432,-9.4611,16.3,0,3
LIND,Consumer Discretionary,SECTOR_CONSUMER_DISCRETIONARY,B1,Batch 1 — 2022 to 2023,7,2,5,28.57,0.8457,-0.0898,-63.7,-0.637,349.13,412.83,23.6121,-10.9443,28.6979,-18.2339,17.6,1,6
HLT,Consumer Discretionary,SECTOR_CONSUMER_DISCRETIONARY,B1,Batch 1 — 2022 to 2023,10,3,7,30.0,0.8504,-0.0921,-55.0,-0.55,312.58,367.58,4.558,-3.0239,6.2725,-6.9121,12.0,0,10
NEWT,Financials,SECTOR_FINANCIALS,B1,Batch 1 — 2022 to 2023,8,2,6,25.0,0.8486,-0.0975,-75.19,-0.7519,421.56,496.75,15.7958,-5.9458,26.4591,-8.1876,15.5,1,7
AMBA,Technology,SECTOR_TECHNOLOGY,B1,Batch 1 — 2022 to 2023,6,1,5,16.67,0.92,-0.0993,-33.88,-0.3388,389.76,423.64,39.856,-6.9658,39.856,-10.7141,29.2,1,5
AMTB,Financials,SECTOR_FINANCIALS,B1,Batch 1 — 2022 to 2023,7,4,3,57.14,0.7013,-0.0999,-85.18,-0.8518,200.03,285.21,4.1174,-7.1773,12.1156,-8.536,13.7,1,6
CTRN,Consumer Discretionary,SECTOR_CONSUMER_DISCRETIONARY,B1,Batch 1 — 2022 to 2023,9,3,6,33.33,0.8636,-0.1005,-79.44,-0.7944,503.07,582.51,18.319,-11.2539,36.7684,-18.4458,13.8,0,9
HQL,Financials,SECTOR_FINANCIALS,B1,Batch 1 — 2022 to 2023,5,1,4,20.0,1.0114,-0.1018,4.33,0.0433,383.13,378.8,10.2138,-4.5853,10.2138,-5.4403,36.4,1,4
POWL,Industrials,SECTOR_INDUSTRIALS,B1,Batch 1 — 2022 to 2023,15,5,10,33.33,0.7681,-0.1066,-172.35,-1.7235,570.76,743.11,10.0783,-5.9319,17.1986,-8.9607,7.9,0,15
AAMI,Financials,SECTOR_FINANCIALS,B1,Batch 1 — 2022 to 2023,9,2,7,22.22,0.7665,-0.1093,-158.96,-1.5896,521.78,680.74,16.7448,-6.612,18.0392,-8.6308,14.2,0,9
ATRC,Healthcare,SECTOR_HEALTHCARE,B1,Batch 1 — 2022 to 2023,5,2,3,40.0,0.7704,-0.1106,-67.36,-0.6736,225.96,293.32,7.6907,-9.3513,10.9697,-9.7615,38.4,1,4
TNL,Consumer Discretionary,SECTOR_CONSUMER_DISCRETIONARY,B1,Batch 1 — 2022 to 2023,7,3,4,42.86,0.8042,-0.112,-77.34,-0.7734,317.73,395.07,6.7917,-6.5117,11.3333,-7.9664,14.6,0,7
AXSM,Healthcare,SECTOR_HEALTHCARE,B1,Batch 1 — 2022 to 2023,12,6,6,50.0,0.646,-0.112,-131.48,-1.3148,239.94,371.42,5.369,-6.9274,14.9791,-14.2176,9.9,0,12
FDP,Consumer Staples,SECTOR_CONSUMER_STAPLES,B1,Batch 1 — 2022 to 2023,8,3,5,37.5,0.6648,-0.1132,-99.78,-0.9978,197.88,297.66,3.4654,-2.837,4.2407,-5.4772,14.4,0,8
PX,Financials,SECTOR_FINANCIALS,B1,Batch 1 — 2022 to 2023,5,1,4,20.0,0.719,-0.1144,-56.64,-0.5664,144.9,201.54,8.6455,-2.4717,8.6455,-3.7154,12.4,0,5
BWXT,Industrials,SECTOR_INDUSTRIALS,B1,Batch 1 — 2022 to 2023,14,3,11,21.43,0.7722,-0.1146,-132.33,-1.3233,448.53,580.86,7.9235,-2.24,10.6743,-4.999,11.2,0,14
HTZ,Industrials,SECTOR_INDUSTRIALS,B1,Batch 1 — 2022 to 2023,5,2,3,40.0,0.7868,-0.1151,-62.76,-0.6276,231.63,294.39,7.3498,-7.907,10.9541,-10.6549,13.8,0,5
CTLP,Technology,SECTOR_TECHNOLOGY,B1,Batch 1 — 2022 to 2023,9,2,7,22.22,0.7868,-0.1181,-102.13,-1.0213,376.84,478.97,22.4084,-4.9179,41.2256,-8.3357,12.2,1,8
OWL,Financials,SECTOR_FINANCIALS,B1,Batch 1 — 2022 to 2023,13,5,8,38.46,0.6618,-0.1186,-143.57,-1.4357,280.98,424.55,4.8019,-3.9619,15.507,-8.8534,11.7,0,13
MDU,Utilities,SECTOR_UTILITIES,B1,Batch 1 — 2022 to 2023,9,3,6,33.33,0.827,-0.1189,-81.57,-0.8157,390.05,471.62,5.0831,-3.0225,9.61,-4.2322,9.0,0,9
PAHC,Healthcare,SECTOR_HEALTHCARE,B1,Batch 1 — 2022 to 2023,6,2,4,33.33,0.6532,-0.1213,-137.68,-1.3768,259.31,396.99,12.3529,-7.3048,18.8192,-8.2275,18.2,0,6
OUST,Technology,SECTOR_TECHNOLOGY,B1,Batch 1 — 2022 to 2023,6,1,5,16.67,0.9006,-0.1216,-46.98,-0.4698,425.6,472.58,58.0153,-16.8232,58.0153,-21.6144,32.2,0,6
RAMP,Technology,SECTOR_TECHNOLOGY,B1,Batch 1 — 2022 to 2023,6,1,5,16.67,0.6789,-0.1225,-82.66,-0.8266,174.8,257.46,17.7653,-3.9813,17.7653,-9.5737,28.8,1,5
FHI,Financials,SECTOR_FINANCIALS,B1,Batch 1 — 2022 to 2023,11,4,7,36.36,0.528,-0.1228,-158.62,-1.5862,177.45,336.07,2.4728,-2.0742,3.8817,-4.4942,11.4,0,11
CFR,Financials,SECTOR_FINANCIALS,B1,Batch 1 — 2022 to 2023,7,3,4,42.86,0.7366,-0.1251,-89.53,-0.8953,250.31,339.84,5.2833,-4.9009,10.7143,-7.3397,16.9,0,7
MHK,Consumer Discretionary,SECTOR_CONSUMER_DISCRETIONARY,B1,Batch 1 — 2022 to 2023,8,3,5,37.5,0.8246,-0.1283,-83.52,-0.8352,392.58,476.1,8.2444,-7.5695,10.3407,-9.4403,12.1,0,8
INSM,Healthcare,SECTOR_HEALTHCARE,B1,Batch 1 — 2022 to 2023,11,3,8,27.27,0.7765,-0.1295,-104.77,-1.0477,364.08,468.85,11.3453,-4.9186,19.814,-9.7196,14.8,0,11
LIFE,Financials,SECTOR_FINANCIALS,B1,Batch 1 — 2022 to 2023,4,1,3,25.0,0.6594,-0.1329,-101.95,-1.0195,197.4,299.35,28.9655,-11.6338,28.9655,-13.2202,31.0,1,3
USCB,Financials,SECTOR_FINANCIALS,B1,Batch 1 — 2022 to 2023,3,1,2,33.33,0.8005,-0.1354,-24.94,-0.2494,100.1,125.04,8.6832,-6.1379,8.6832,-8.2641,14.7,0,3
GILD,Healthcare,SECTOR_HEALTHCARE,B1,Batch 1 — 2022 to 2023,10,1,9,10.0,0.8199,-0.1355,-138.58,-1.3858,630.72,769.3,29.5813,-3.2122,29.5813,-5.5,7.3,0,10
DASH,Consumer Discretionary,SECTOR_CONSUMER_DISCRETIONARY,B1,Batch 1 — 2022 to 2023,8,2,6,25.0,0.8076,-0.1364,-97.21,-0.9721,408.01,505.22,17.1905,-11.5411,20.8205,-17.6435,27.9,0,8
TXG,Healthcare,SECTOR_HEALTHCARE,B1,Batch 1 — 2022 to 2023,9,2,7,22.22,0.7587,-0.1372,-131.56,-1.3156,413.7,545.26,25.6679,-10.3679,25.7885,-16.2853,15.6,1,8
NAC,Financials,SECTOR_FINANCIALS,B1,Batch 1 — 2022 to 2023,6,1,5,16.67,0.824,-0.1384,-97.5,-0.975,456.56,554.06,10.3896,-2.6438,10.3896,-3.2529,27.3,0,6
TBBK,Financials,SECTOR_FINANCIALS,B1,Batch 1 — 2022 to 2023,12,5,7,41.67,0.6645,-0.1385,-158.16,-1.5816,313.32,471.48,5.0202,-5.0577,14.0581,-8.8278,8.2,0,12
KLIC,Technology,SECTOR_TECHNOLOGY,B1,Batch 1 — 2022 to 2023,11,4,7,36.36,0.7154,-0.1388,-146.05,-1.4605,367.04,513.09,6.1272,-5.2051,16.0657,-9.3252,10.5,0,11
CVCO,Consumer Discretionary,SECTOR_CONSUMER_DISCRETIONARY,B1,Batch 1 — 2022 to 2023,10,3,7,30.0,0.6864,-0.1398,-159.29,-1.5929,348.59,507.88,9.7083,-5.3036,22.611,-7.9343,9.3,0,10
CLPT,Healthcare,SECTOR_HEALTHCARE,B1,Batch 1 — 2022 to 2023,8,3,5,37.5,0.7984,-0.1418,-90.72,-0.9072,359.2,449.92,16.4078,-11.4439,26.4039,-13.0921,15.6,0,8
ETJ,Financials,SECTOR_FINANCIALS,B1,Batch 1 — 2022 to 2023,6,2,4,33.33,0.8319,-0.1421,-64.53,-0.6453,319.3,383.83,5.3937,-3.4276,7.0562,-4.1087,17.8,0,6
HNI,Consumer Discretionary,SECTOR_CONSUMER_DISCRETIONARY,B1,Batch 1 — 2022 to 2023,7,4,3,57.14,0.8198,-0.1431,-80.62,-0.8062,366.79,447.41,4.6349,-8.1398,12.4645,-14.9916,19.9,0,7
SSB,Financials,SECTOR_FINANCIALS,B1,Batch 1 — 2022 to 2023,5,2,3,40.0,0.5339,-0.1441,-119.99,-1.1999,137.44,257.43,4.7807,-5.4112,7.7081,-7.8456,11.4,0,5
NSSC,Industrials,SECTOR_INDUSTRIALS,B1,Batch 1 — 2022 to 2023,11,5,6,45.45,0.9905,-0.1468,-7.72,-0.0772,801.43,809.15,13.3992,-11.2184,33.9592,-41.1596,12.6,0,11
TE,Industrials,SECTOR_INDUSTRIALS,B1,Batch 1 — 2022 to 2023,6,2,4,33.33,0.7592,-0.1478,-97.81,-0.9781,308.39,406.2,17.9808,-12.139,32.8502,-13.3121,5.5,0,6
PEO,Financials,SECTOR_FINANCIALS,B1,Batch 1 — 2022 to 2023,5,2,3,40.0,0.827,-0.1487,-37.96,-0.3796,181.42,219.38,2.4354,-2.6297,4.7269,-3.5701,7.8,0,5
SMBK,Financials,SECTOR_FINANCIALS,B1,Batch 1 — 2022 to 2023,10,4,6,40.0,0.5421,-0.1487,-184.76,-1.8476,218.72,403.48,3.5829,-3.9958,6.1304,-8.0183,9.2,0,10
PCN,Financials,SECTOR_FINANCIALS,B1,Batch 1 — 2022 to 2023,8,3,5,37.5,0.6673,-0.1542,-154.26,-1.5426,309.34,463.6,4.1261,-2.9507,6.8273,-4.1633,18.6,1,7
WMT,Consumer Staples,SECTOR_CONSUMER_STAPLES,B1,Batch 1 — 2022 to 2023,13,6,7,46.15,0.6574,-0.1554,-218.98,-2.1898,420.19,639.17,2.6102,-3.0393,4.8033,-5.955,10.2,1,12
AYI,Industrials,SECTOR_INDUSTRIALS,B1,Batch 1 — 2022 to 2023,11,3,8,27.27,0.6337,-0.1567,-158.31,-1.5831,273.91,432.22,4.9829,-3.0597,7.6406,-6.0471,10.2,0,11
SLGN,Consumer Discretionary,SECTOR_CONSUMER_DISCRETIONARY,B1,Batch 1 — 2022 to 2023,9,4,5,44.44,0.7203,-0.1579,-126.1,-1.261,324.68,450.78,3.6528,-4.0077,8.5321,-5.0516,14.2,0,9
KALU,Materials,SECTOR_MATERIALS,B1,Batch 1 — 2022 to 2023,8,2,6,25.0,0.7462,-0.1581,-122.21,-1.2221,359.31,481.52,16.0787,-6.1785,18.6959,-9.1739,12.1,0,8
QCOM,Technology,SECTOR_TECHNOLOGY,B1,Batch 1 — 2022 to 2023,8,4,4,50.0,0.6722,-0.159,-161.94,-1.6194,332.09,494.03,4.6771,-7.4682,9.5719,-10.0162,12.5,0,8
VSTM,Healthcare,SECTOR_HEALTHCARE,B1,Batch 1 — 2022 to 2023,8,2,6,25.0,0.8531,-0.1624,-83.1,-0.831,482.72,565.82,30.4768,-16.7218,58.9333,-20.2797,19.6,1,7
RMNI,Technology,SECTOR_TECHNOLOGY,B1,Batch 1 — 2022 to 2023,7,2,5,28.57,0.7748,-0.1633,-113.27,-1.1327,389.81,503.08,17.0786,-9.4518,23.1707,-10.7297,46.0,0,7
LGND,Healthcare,SECTOR_HEALTHCARE,B1,Batch 1 — 2022 to 2023,9,2,7,22.22,0.6696,-0.1647,-148.77,-1.4877,301.53,450.3,10.8471,-6.1186,21.255,-10.302,15.3,1,8
RRBI,Financials,SECTOR_FINANCIALS,B1,Batch 1 — 2022 to 2023,8,2,6,25.0,0.7362,-0.1647,-121.13,-1.2113,338.08,459.21,8.0578,-4.0694,9.733,-6.7035,7.9,0,8
SMPL,Consumer Staples,SECTOR_CONSUMER_STAPLES,B1,Batch 1 — 2022 to 2023,3,1,2,33.33,0.7081,-0.1662,-48.65,-0.4865,118.02,166.67,7.7581,-3.8362,7.7581,-4.5127,9.0,0,3
CPF,Financials,SECTOR_FINANCIALS,B1,Batch 1 — 2022 to 2023,5,2,3,40.0,0.6758,-0.168,-106.04,-1.0604,221.07,327.11,7.4181,-6.966,11.5252,-10.7879,34.8,0,5
FDX,Industrials,SECTOR_INDUSTRIALS,B1,Batch 1 — 2022 to 2023,11,4,7,36.36,0.717,-0.1687,-206.87,-2.0687,524.13,731.0,8.2556,-6.0971,23.2249,-8.208,17.0,1,10
WSBC,Financials,SECTOR_FINANCIALS,B1,Batch 1 — 2022 to 2023,9,2,7,22.22,0.7107,-0.1698,-129.79,-1.2979,318.9,448.69,8.5592,-3.6815,9.4545,-8.7642,17.2,1,8
CGNX,Technology,SECTOR_TECHNOLOGY,B1,Batch 1 — 2022 to 2023,9,3,6,33.33,0.6504,-0.1719,-159.83,-1.5983,297.4,457.23,5.8121,-5.1513,7.9573,-8.6842,14.1,1,8
TREE,Financials,SECTOR_FINANCIALS,B1,Batch 1 — 2022 to 2023,6,1,5,16.67,0.8733,-0.1724,-75.41,-0.7541,519.89,595.3,60.3184,-15.996,60.3184,-28.2538,25.7,0,6
STX,Technology,SECTOR_TECHNOLOGY,B1,Batch 1 — 2022 to 2023,11,4,7,36.36,0.728,-0.1761,-198.76,-1.9876,532.08,730.84,8.0356,-6.3712,20.3618,-9.3998,11.9,0,11
GRNT,Energy,SECTOR_ENERGY,B1,Batch 1 — 2022 to 2023,2,1,1,50.0,0.6439,-0.1781,-35.4,-0.354,64.02,99.42,9.7489,-8.9538,9.7489,-8.9538,34.5,0,2
SR,Utilities,SECTOR_UTILITIES,B1,Batch 1 — 2022 to 2023,6,2,4,33.33,0.5348,-0.1829,-122.92,-1.2292,141.3,264.22,3.4781,-2.3057,3.5989,-3.6386,10.7,1,5
PSIX,Industrials,SECTOR_INDUSTRIALS,B1,Batch 1 — 2022 to 2023,5,1,4,20.0,0.6065,-0.1836,-91.94,-0.9194,141.68,233.62,14.9153,-6.1388,14.9153,-12.5,9.2,0,5
MATV,Materials,SECTOR_MATERIALS,B1,Batch 1 — 2022 to 2023,5,1,4,20.0,0.8129,-0.1847,-70.33,-0.7033,305.66,375.99,22.6562,-7.7335,22.6562,-9.5547,14.2,0,5
PRMB,Consumer Staples,SECTOR_CONSUMER_STAPLES,B1,Batch 1 — 2022 to 2023,8,3,5,37.5,0.7154,-0.1878,-125.99,-1.2599,316.67,442.66,5.0589,-4.6945,10.6775,-5.7777,12.1,1,7
VNT,Technology,SECTOR_TECHNOLOGY,B1,Batch 1 — 2022 to 2023,13,3,10,23.08,0.6798,-0.1891,-226.91,-2.2691,481.85,708.76,8.4483,-3.9533,12.4753,-8.2368,16.0,2,11
CFLT,Technology,SECTOR_TECHNOLOGY,B1,Batch 1 — 2022 to 2023,5,1,4,20.0,0.7882,-0.19,-75.36,-0.7536,280.44,355.8,28.5273,-10.2413,28.5273,-13.9562,13.0,0,5
BCX,Financials,SECTOR_FINANCIALS,B1,Batch 1 — 2022 to 2023,6,3,3,50.0,0.6309,-0.1901,-74.28,-0.7428,126.99,201.27,1.5338,-2.556,2.3715,-3.1265,8.2,0,6
ESTA,Healthcare,SECTOR_HEALTHCARE,B1,Batch 1 — 2022 to 2023,10,4,6,40.0,0.3818,-0.193,-177.8,-1.778,109.82,287.62,2.965,-4.9425,6.731,-11.2322,8.0,0,10
TRIP,Consumer Discretionary,SECTOR_CONSUMER_DISCRETIONARY,B1,Batch 1 — 2022 to 2023,8,3,5,37.5,0.7088,-0.1955,-141.67,-1.4167,344.77,486.44,7.603,-7.3187,20.9839,-9.2583,19.6,2,6
CRSR,Technology,SECTOR_TECHNOLOGY,B1,Batch 1 — 2022 to 2023,6,2,4,33.33,0.6556,-0.1977,-132.94,-1.3294,253.05,385.99,15.0008,-7.7527,28.6982,-11.9551,25.5,0,6
HIVE,Financials,SECTOR_FINANCIALS,B1,Batch 1 — 2022 to 2023,8,2,6,25.0,0.7498,-0.2038,-144.76,-1.4476,433.84,578.6,23.191,-14.4974,44.9735,-17.771,15.8,1,7
URBN,Consumer Discretionary,SECTOR_CONSUMER_DISCRETIONARY,B1,Batch 1 — 2022 to 2023,9,3,6,33.33,0.5621,-0.2111,-193.08,-1.9308,247.82,440.9,7.1098,-5.2309,17.3191,-9.5611,12.6,0,9
VSEC,Industrials,SECTOR_INDUSTRIALS,B1,Batch 1 — 2022 to 2023,11,5,6,45.45,0.5913,-0.2118,-187.24,-1.8724,270.9,458.14,4.381,-5.2389,11.0541,-11.3624,9.5,0,11
DOV,Industrials,SECTOR_INDUSTRIALS,B1,Batch 1 — 2022 to 2023,8,2,6,25.0,0.6856,-0.2119,-153.79,-1.5379,335.41,489.2,7.9654,-3.4663,10.0795,-5.3728,14.4,1,7
CRVS,Healthcare,SECTOR_HEALTHCARE,B1,Batch 1 — 2022 to 2023,8,2,6,25.0,0.7385,-0.2136,-156.85,-1.5685,442.94,599.79,42.0725,-16.1321,63.6905,-18.2092,6.1,0,8
GTLS,Industrials,SECTOR_INDUSTRIALS,B1,Batch 1 — 2022 to 2023,13,3,10,23.08,0.6389,-0.2138,-217.35,-2.1735,384.62,601.97,13.0234,-6.0004,16.3435,-9.7225,10.8,1,12
SONO,Technology,SECTOR_TECHNOLOGY,B1,Batch 1 — 2022 to 2023,6,2,4,33.33,0.8225,-0.2144,-137.49,-1.3749,636.96,774.45,25.7265,-12.0051,29.9606,-19.4694,26.0,1,5
FOX,Communication Services,SECTOR_COMMUNICATION_SERVICES,B1,Batch 1 — 2022 to 2023,6,1,5,16.67,0.6224,-0.2155,-117.93,-1.1793,194.4,312.33,8.8409,-3.0735,8.8409,-5.3978,17.0,0,6
HFWA,Financials,SECTOR_FINANCIALS,B1,Batch 1 — 2022 to 2023,4,1,3,25.0,0.6318,-0.2159,-98.48,-0.9848,169.0,267.48,13.9112,-6.8247,13.9112,-7.2201,13.0,0,4
TER,Technology,SECTOR_TECHNOLOGY,B1,Batch 1 — 2022 to 2023,9,2,7,22.22,0.6236,-0.216,-233.32,-2.3332,386.6,619.92,13.1,-6.1542,15.4734,-11.2074,13.2,1,8
CMI,Industrials,SECTOR_INDUSTRIALS,B1,Batch 1 — 2022 to 2023,10,2,8,20.0,0.564,-0.2172,-206.57,-2.0657,267.2,473.77,7.2496,-3.2383,11.595,-5.9785,10.4,0,10
KMT,Industrials,SECTOR_INDUSTRIALS,B1,Batch 1 — 2022 to 2023,6,1,5,16.67,0.6052,-0.2173,-152.83,-1.5283,234.26,387.09,18.3784,-4.6504,18.3784,-8.8649,23.5,0,6
TASK,Technology,SECTOR_TECHNOLOGY,B1,Batch 1 — 2022 to 2023,6,1,5,16.67,0.7418,-0.218,-128.06,-1.2806,368.0,496.06,32.4215,-12.473,32.4215,-16.2441,21.2,0,6
UTHR,Healthcare,SECTOR_HEALTHCARE,B1,Batch 1 — 2022 to 2023,5,1,4,20.0,0.6842,-0.2221,-86.63,-0.8663,187.65,274.28,8.718,-3.1545,8.718,-4.3136,7.4,0,5
EOI,Financials,SECTOR_FINANCIALS,B1,Batch 1 — 2022 to 2023,8,3,5,37.5,0.4385,-0.223,-172.0,-1.72,134.3,306.3,1.3939,-2.026,1.803,-4.472,20.9,1,7
VCEL,Healthcare,SECTOR_HEALTHCARE,B1,Batch 1 — 2022 to 2023,8,3,5,37.5,0.5079,-0.2249,-179.33,-1.7933,185.11,364.44,6.2064,-6.4928,14.664,-10.3809,9.1,0,8
HOPE,Financials,SECTOR_FINANCIALS,B1,Batch 1 — 2022 to 2023,5,1,4,20.0,0.9022,-0.2263,-34.1,-0.341,314.42,348.52,19.9399,-6.6878,19.9399,-9.1923,20.4,0,5
BTU,Energy,SECTOR_ENERGY,B1,Batch 1 — 2022 to 2023,4,1,3,25.0,0.6155,-0.2266,-69.98,-0.6998,112.0,181.98,8.1019,-4.3237,8.1019,-6.6842,17.2,0,4
AGL,Healthcare,SECTOR_HEALTHCARE,B1,Batch 1 — 2022 to 2023,5,2,3,40.0,0.6185,-0.2302,-113.75,-1.1375,184.38,298.13,8.471,-8.1312,12.6448,-8.3959,12.0,1,4
CRF,Financials,SECTOR_FINANCIALS,B1,Batch 1 — 2022 to 2023,5,1,4,20.0,0.731,-0.2306,-104.66,-1.0466,284.38,389.04,7.6227,-4.9473,7.6227,-6.1328,21.2,0,5
GPOR,Energy,SECTOR_ENERGY,B1,Batch 1 — 2022 to 2023,8,3,5,37.5,0.4959,-0.2356,-177.19,-1.7719,174.33,351.52,5.0135,-5.1273,9.6672,-9.0017,12.6,0,8
TEAM,Technology,SECTOR_TECHNOLOGY,B1,Batch 1 — 2022 to 2023,10,3,7,30.0,0.705,-0.2388,-143.0,-1.43,341.77,484.77,10.6796,-8.9474,17.3586,-13.36,14.3,1,9
USLM,Materials,SECTOR_MATERIALS,B1,Batch 1 — 2022 to 2023,18,3,15,16.67,0.5524,-0.2407,-431.87,-4.3187,532.88,964.75,8.6458,-3.0686,20.2479,-5.9668,6.6,0,18
DFTX,Healthcare,SECTOR_HEALTHCARE,B1,Batch 1 — 2022 to 2023,4,1,3,25.0,0.7032,-0.2413,-95.3,-0.953,225.76,321.06,26.0188,-14.8388,26.0188,-19.2308,58.5,1,3
EXPE,Consumer Discretionary,SECTOR_CONSUMER_DISCRETIONARY,B1,Batch 1 — 2022 to 2023,8,3,5,37.5,0.7498,-0.2417,-150.65,-1.5065,451.48,602.13,11.046,-9.1209,24.2142,-12.5185,19.4,1,7
CFFN,Financials,SECTOR_FINANCIALS,B1,Batch 1 — 2022 to 2023,5,1,4,20.0,0.7323,-0.2448,-101.33,-1.0133,277.2,378.53,23.1214,-5.418,23.1214,-7.2038,20.6,0,5
NG,Materials,SECTOR_MATERIALS,B1,Batch 1 — 2022 to 2023,7,3,4,42.86,0.5364,-0.2465,-163.81,-1.6381,189.56,353.37,5.4735,-7.0784,12.7273,-8.7718,8.1,0,7
CNX,Energy,SECTOR_ENERGY,B1,Batch 1 — 2022 to 2023,6,2,4,33.33,0.552,-0.2504,-134.32,-1.3432,165.52,299.84,4.2472,-5.2132,8.1959,-8.8976,11.7,0,6
AMAT,Technology,SECTOR_TECHNOLOGY,B1,Batch 1 — 2022 to 2023,13,3,10,23.08,0.3951,-0.2505,-320.04,-3.2004,209.08,529.12,4.6833,-3.4103,7.9707,-8.1327,8.8,0,13
VIAV,Technology,SECTOR_TECHNOLOGY,B1,Batch 1 — 2022 to 2023,6,2,4,33.33,0.7683,-0.2518,-132.49,-1.3249,439.29,571.78,11.8952,-8.003,14.7059,-16.0912,27.8,1,5
RBLX,Communication Services,SECTOR_COMMUNICATION_SERVICES,B1,Batch 1 — 2022 to 2023,8,1,7,12.5,0.6427,-0.2529,-184.29,-1.8429,331.53,515.82,26.2245,-9.3231,26.2245,-18.4722,23.5,1,7
NGVC,Consumer Staples,SECTOR_CONSUMER_STAPLES,B1,Batch 1 — 2022 to 2023,7,2,5,28.57,0.4111,-0.2538,-199.33,-1.9933,139.17,338.5,6.946,-4.7851,13.0058,-8.2569,19.1,2,5
BE,Industrials,SECTOR_INDUSTRIALS,B1,Batch 1 — 2022 to 2023,7,3,4,42.86,0.5845,-0.2563,-174.13,-1.7413,244.98,419.11,10.9743,-13.9691,22.25,-27.1255,21.4,0,7
GNRC,Industrials,SECTOR_INDUSTRIALS,B1,Batch 1 — 2022 to 2023,6,2,4,33.33,0.7618,-0.2638,-73.99,-0.7399,236.65,310.64,9.4959,-11.1216,10.8397,-13.2321,27.2,1,5
IIM,Financials,SECTOR_FINANCIALS,B1,Batch 1 — 2022 to 2023,5,1,4,20.0,0.6491,-0.2659,-132.44,-1.3244,244.95,377.39,6.6047,-3.2269,6.6047,-4.7302,56.2,1,4
HLIO,Industrials,SECTOR_INDUSTRIALS,B1,Batch 1 — 2022 to 2023,8,2,6,25.0,0.6003,-0.2678,-223.86,-2.2386,336.2,560.06,10.5086,-5.7713,17.0681,-7.2874,10.0,1,7
ACHR,Industrials,SECTOR_INDUSTRIALS,B1,Batch 1 — 2022 to 2023,8,2,6,25.0,0.5675,-0.2727,-236.01,-2.3601,309.73,545.74,22.2636,-14.2756,38.4615,-17.0384,24.4,0,8
CNK,Communication Services,SECTOR_COMMUNICATION_SERVICES,B1,Batch 1 — 2022 to 2023,11,4,7,36.36,0.5795,-0.2825,-276.22,-2.7622,380.68,656.9,9.0545,-9.0498,17.2232,-13.4929,12.2,0,11
HDSN,Materials,SECTOR_MATERIALS,B1,Batch 1 — 2022 to 2023,5,1,4,20.0,0.3229,-0.2879,-140.93,-1.4093,67.2,208.13,8.5333,-4.6921,8.5333,-9.049,11.2,0,5
WMB,Energy,SECTOR_ENERGY,B1,Batch 1 — 2022 to 2023,5,1,4,20.0,0.4667,-0.2895,-143.28,-1.4328,125.4,268.68,5.2548,-2.2107,5.2548,-3.0879,7.8,0,5
KTOS,Industrials,SECTOR_INDUSTRIALS,B1,Batch 1 — 2022 to 2023,13,3,10,23.08,0.5454,-0.294,-377.13,-3.7713,452.47,829.6,11.2211,-6.2506,30.7847,-12.3784,10.1,1,12
WT,Financials,SECTOR_FINANCIALS,B1,Batch 1 — 2022 to 2023,11,5,6,45.45,0.3189,-0.302,-315.24,-3.1524,147.63,462.87,1.6865,-4.3941,3.7255,-6.6136,10.6,0,11
VAC,Consumer Discretionary,SECTOR_CONSUMER_DISCRETIONARY,B1,Batch 1 — 2022 to 2023,6,2,4,33.33,0.5652,-0.3067,-167.39,-1.6739,217.58,384.97,7.4743,-6.5849,10.2886,-8.0323,12.0,0,6
HQH,Financials,SECTOR_FINANCIALS,B1,Batch 1 — 2022 to 2023,5,1,4,20.0,0.6924,-0.3068,-127.4,-1.274,286.72,414.12,8.1789,-4.1922,8.1789,-4.7856,23.2,0,5
ASMB,Healthcare,SECTOR_HEALTHCARE,B1,Batch 1 — 2022 to 2023,4,1,3,25.0,0.6428,-0.3078,-97.55,-0.9755,175.56,273.11,22.8916,-12.6709,22.8916,-13.4163,43.5,0,4
MU,Technology,SECTOR_TECHNOLOGY,B1,Batch 1 — 2022 to 2023,9,3,6,33.33,0.5536,-0.3078,-268.14,-2.6814,332.54,600.68,6.2319,-7.0549,6.8009,-8.7445,17.3,1,8
CALM,Consumer Staples,SECTOR_CONSUMER_STAPLES,B1,Batch 1 — 2022 to 2023,3,1,2,33.33,0.5605,-0.3105,-82.54,-0.8254,105.26,187.8,5.4851,-4.7425,5.4851,-5.2396,12.3,0,3
COHR,Technology,SECTOR_TECHNOLOGY,B1,Batch 1 — 2022 to 2023,8,2,6,25.0,0.51,-0.3156,-249.04,-2.4904,259.2,508.24,11.3881,-7.2374,21.567,-11.2661,14.1,0,8
IONS,Healthcare,SECTOR_HEALTHCARE,B1,Batch 1 — 2022 to 2023,6,1,5,16.67,0.1809,-0.3174,-198.69,-1.9869,43.89,242.58,3.3955,-3.0407,3.3955,-6.0426,9.2,0,6
NRIX,Healthcare,SECTOR_HEALTHCARE,B1,Batch 1 — 2022 to 2023,5,1,4,20.0,0.6682,-0.3209,-118.05,-1.1805,237.72,355.77,41.2536,-13.2812,41.2536,-17.6238,33.6,0,5
GEL,Energy,SECTOR_ENERGY,B1,Batch 1 — 2022 to 2023,6,2,4,33.33,0.1809,-0.323,-193.39,-1.9339,42.72,236.11,1.8483,-4.5335,2.917,-6.6116,8.3,0,6
OPLN,Consumer Discretionary,SECTOR_CONSUMER_DISCRETIONARY,B1,Batch 1 — 2022 to 2023,10,3,7,30.0,0.2018,-0.3231,-341.55,-3.4155,86.35,427.9,2.2468,-4.0591,4.0887,-8.7631,13.5,0,10
PNW,Utilities,SECTOR_UTILITIES,B1,Batch 1 — 2022 to 2023,13,4,9,30.77,0.3456,-0.3234,-421.2,-4.212,222.41,643.61,2.7523,-2.9063,7.2314,-4.9522,7.4,0,13
ATRO,Industrials,SECTOR_INDUSTRIALS,B1,Batch 1 — 2022 to 2023,11,4,7,36.36,0.2646,-0.3242,-366.9,-3.669,132.01,498.91,2.5968,-6.1517,5.5587,-9.7893,11.7,0,11
GH,Healthcare,SECTOR_HEALTHCARE,B1,Batch 1 — 2022 to 2023,6,1,5,16.67,0.6223,-0.3256,-187.41,-1.8741,308.8,496.21,34.563,-11.9824,34.563,-14.623,25.8,0,6
SITM,Technology,SECTOR_TECHNOLOGY,B1,Batch 1 — 2022 to 2023,9,3,6,33.33,0.5316,-0.3294,-250.14,-2.5014,283.85,533.99,11.9226,-9.9848,21.3896,-14.4148,16.3,1,8
FWRD,Industrials,SECTOR_INDUSTRIALS,B1,Batch 1 — 2022 to 2023,8,2,6,25.0,0.4789,-0.3302,-266.01,-2.6601,244.5,510.51,8.2235,-4.7808,10.0418,-6.5555,12.4,1,7
PHAT,Healthcare,SECTOR_HEALTHCARE,B1,Batch 1 — 2022 to 2023,6,1,5,16.67,0.609,-0.3315,-153.93,-1.5393,239.76,393.69,33.4463,-13.6306,33.4463,-19.7841,15.2,1,5
CDE,Materials,SECTOR_MATERIALS,B1,Batch 1 — 2022 to 2023,10,3,7,30.0,0.4668,-0.3491,-329.89,-3.2989,288.78,618.67,10.5028,-10.8288,16.2319,-15.4229,9.6,0,10
AWK,Utilities,SECTOR_UTILITIES,B1,Batch 1 — 2022 to 2023,8,3,5,37.5,0.4402,-0.354,-274.67,-2.7467,216.02,490.69,3.5351,-4.346,6.7561,-4.9478,15.6,0,8
CRI,Consumer Discretionary,SECTOR_CONSUMER_DISCRETIONARY,B1,Batch 1 — 2022 to 2023,7,2,5,28.57,0.4958,-0.3548,-252.15,-2.5215,247.97,500.12,7.0139,-5.6997,8.4803,-6.6034,10.4,0,7
IRWD,Healthcare,SECTOR_HEALTHCARE,B1,Batch 1 — 2022 to 2023,7,2,5,28.57,0.6274,-0.355,-185.81,-1.8581,312.87,498.68,10.9763,-5.6804,16.7961,-9.6774,13.3,0,7
WYNN,Consumer Discretionary,SECTOR_CONSUMER_DISCRETIONARY,B1,Batch 1 — 2022 to 2023,10,2,8,20.0,0.3475,-0.3646,-331.01,-3.3101,176.28,507.29,6.4406,-6.2202,10.9548,-10.293,9.8,0,10
GNK,Industrials,SECTOR_INDUSTRIALS,B1,Batch 1 — 2022 to 2023,8,1,7,12.5,0.4444,-0.3707,-277.24,-2.7724,221.76,499.0,17.7181,-4.4425,17.7181,-8.2656,14.6,1,7
NBB,Financials,SECTOR_FINANCIALS,B1,Batch 1 — 2022 to 2023,4,1,3,25.0,0.5054,-0.3712,-147.75,-1.4775,150.96,298.71,4.5668,-4.1292,4.5668,-4.4498,62.2,0,4
TRDA,Healthcare,SECTOR_HEALTHCARE,B1,Batch 1 — 2022 to 2023,6,1,5,16.67,0.153,-0.3739,-214.23,-2.1423,38.7,252.93,6.8234,-8.4166,6.8234,-15.1047,4.8,0,6
ORKA,Healthcare,SECTOR_HEALTHCARE,B1,Batch 1 — 2022 to 2023,3,1,2,33.33,0.2874,-0.3757,-102.06,-1.0206,41.16,143.22,3.2258,-5.6211,3.2258,-6.7523,46.7,0,3
ANIP,Healthcare,SECTOR_HEALTHCARE,B1,Batch 1 — 2022 to 2023,11,3,8,27.27,0.2994,-0.3816,-375.98,-3.7598,160.65,536.63,4.8221,-5.6011,6.8621,-9.8194,9.5,0,11
EPD,Energy,SECTOR_ENERGY,B1,Batch 1 — 2022 to 2023,7,1,6,14.29,0.122,-0.3824,-248.36,-2.4836,34.5,282.86,1.2121,-1.45,1.2121,-3.278,7.3,0,7
NDAQ,Financials,SECTOR_FINANCIALS,B1,Batch 1 — 2022 to 2023,9,2,7,22.22,0.506,-0.3885,-331.84,-3.3184,339.85,671.69,8.8248,-3.6562,9.7465,-7.3778,10.3,1,8
LITE,Technology,SECTOR_TECHNOLOGY,B1,Batch 1 — 2022 to 2023,7,2,5,28.57,0.3922,-0.3891,-262.84,-2.6284,169.58,432.42,5.4544,-5.7518,5.8034,-7.9324,11.6,0,7
LVS,Consumer Discretionary,SECTOR_CONSUMER_DISCRETIONARY,B1,Batch 1 — 2022 to 2023,9,3,6,33.33,0.3502,-0.3905,-352.75,-3.5275,190.14,542.89,4.1655,-6.9698,11.1781,-13.1751,12.4,0,9
DRS,Industrials,SECTOR_INDUSTRIALS,B1,Batch 1 — 2022 to 2023,8,2,6,25.0,0.2961,-0.3925,-333.26,-3.3326,140.16,473.42,5.6886,-5.9325,7.9194,-9.7043,12.5,1,7
NEM,Materials,SECTOR_MATERIALS,B1,Batch 1 — 2022 to 2023,6,2,4,33.33,0.4251,-0.3958,-233.7,-2.337,172.84,406.54,5.9264,-4.9674,10.1888,-5.5588,12.7,0,6
CHTR,Communication Services,SECTOR_COMMUNICATION_SERVICES,B1,Batch 1 — 2022 to 2023,7,1,6,14.29,0.6248,-0.3958,-192.59,-1.9259,320.7,513.29,18.1186,-6.1099,18.1186,-9.7975,15.7,1,6
AEVA,Technology,SECTOR_TECHNOLOGY,B1,Batch 1 — 2022 to 2023,7,1,6,14.29,0.5211,-0.4003,-293.17,-2.9317,318.97,612.14,45.3804,-14.8456,45.3804,-16.3223,16.9,0,7
AAP,Consumer Discretionary,SECTOR_CONSUMER_DISCRETIONARY,B1,Batch 1 — 2022 to 2023,6,1,5,16.67,0.6439,-0.4067,-195.02,-1.9502,352.59,547.61,26.9416,-6.6916,26.9416,-9.7841,21.3,0,6
LYV,Communication Services,SECTOR_COMMUNICATION_SERVICES,B1,Batch 1 — 2022 to 2023,7,2,5,28.57,0.2346,-0.4122,-293.02,-2.9302,89.79,382.81,2.4232,-3.5406,3.9399,-5.7513,12.6,0,7
PM,Consumer Staples,SECTOR_CONSUMER_STAPLES,B1,Batch 1 — 2022 to 2023,6,2,4,33.33,0.4731,-0.4218,-224.68,-2.2468,201.7,426.38,4.6982,-3.2956,9.2124,-4.9956,9.8,0,6
SANA,Healthcare,SECTOR_HEALTHCARE,B1,Batch 1 — 2022 to 2023,6,1,5,16.67,0.4766,-0.4361,-260.44,-2.6044,237.15,497.59,31.5041,-15.6889,31.5041,-17.8798,24.7,0,6
ADX,Financials,SECTOR_FINANCIALS,B1,Batch 1 — 2022 to 2023,10,2,8,20.0,0.4539,-0.4444,-412.47,-4.1247,342.77,755.24,4.0887,-3.4106,4.1322,-4.8604,21.3,1,9
LZ,Industrials,SECTOR_INDUSTRIALS,B1,Batch 1 — 2022 to 2023,6,2,4,33.33,0.3104,-0.4603,-274.37,-2.7437,123.52,397.89,6.3924,-9.6162,8.3485,-13.9875,14.3,0,6
NN,Technology,SECTOR_TECHNOLOGY,B1,Batch 1 — 2022 to 2023,8,1,7,12.5,0.2519,-0.4606,-390.86,-3.9086,131.58,522.44,14.7826,-9.7904,14.7826,-15.2572,13.2,0,8
MTB,Financials,SECTOR_FINANCIALS,B1,Batch 1 — 2022 to 2023,4,1,3,25.0,0.4015,-0.4612,-165.28,-1.6528,110.89,276.17,6.7447,-6.1527,6.7447,-7.1488,23.0,1,3
LMT,Industrials,SECTOR_INDUSTRIALS,B1,Batch 1 — 2022 to 2023,1,0,1,0.0,0.0,-0.4644,-38.8,-0.388,0.0,38.8,0.0,-1.7005,-1.7005,-1.7005,26.0,0,1
IIIV,Technology,SECTOR_TECHNOLOGY,B1,Batch 1 — 2022 to 2023,6,2,4,33.33,0.228,-0.4671,-277.6,-2.776,81.99,359.59,3.5065,-7.5671,5.1497,-9.562,9.2,0,6
LXFR,Industrials,SECTOR_INDUSTRIALS,B1,Batch 1 — 2022 to 2023,8,1,7,12.5,0.4303,-0.47,-356.95,-3.5695,269.62,626.57,15.0956,-5.9323,15.0956,-8.0198,13.9,1,7
REZI,Industrials,SECTOR_INDUSTRIALS,B1,Batch 1 — 2022 to 2023,6,2,4,33.33,0.4465,-0.4812,-286.43,-2.8643,231.02,517.45,7.0048,-10.4588,9.627,-16.6667,32.8,0,6
CTSH,Technology,SECTOR_TECHNOLOGY,B1,Batch 1 — 2022 to 2023,8,3,5,37.5,0.4866,-0.4928,-356.86,-3.5686,338.22,695.08,4.376,-6.9241,6.253,-16.5305,11.9,0,8
RCUS,Healthcare,SECTOR_HEALTHCARE,B1,Batch 1 — 2022 to 2023,6,1,5,16.67,0.4408,-0.502,-244.0,-2.44,192.36,436.36,27.48,-10.2106,27.48,-11.6295,26.3,0,6
EAT,Consumer Discretionary,SECTOR_CONSUMER_DISCRETIONARY,B1,Batch 1 — 2022 to 2023,12,1,11,8.33,0.2021,-0.5043,-598.63,-5.9863,151.62,750.25,9.596,-6.1718,9.596,-10.8614,10.5,0,12
EGY,Energy,SECTOR_ENERGY,B1,Batch 1 — 2022 to 2023,6,1,5,16.67,0.284,-0.5048,-301.71,-3.0171,119.68,421.39,7.3903,-7.1435,7.3903,-11.5854,10.2,0,6
LTBR,Industrials,SECTOR_INDUSTRIALS,B1,Batch 1 — 2022 to 2023,6,1,5,16.67,0.1801,-0.5055,-312.41,-3.1241,68.64,381.05,9.0278,-9.8781,9.0278,-12.8127,6.7,0,6
GPGI,Industrials,SECTOR_INDUSTRIALS,B1,Batch 1 — 2022 to 2023,9,2,7,22.22,0.2097,-0.5072,-457.43,-4.5743,121.41,578.84,6.9455,-7.8851,13.6104,-13.1731,9.4,0,9
APEI,Consumer Staples,SECTOR_CONSUMER_STAPLES,B1,Batch 1 — 2022 to 2023,7,1,6,14.29,0.4079,-0.5145,-346.59,-3.4659,238.76,585.35,33.3925,-10.7545,33.3925,-14.3057,32.0,1,6
ISSC,Industrials,SECTOR_INDUSTRIALS,B1,Batch 1 — 2022 to 2023,3,1,2,33.33,0.1353,-0.5204,-165.63,-1.6563,25.92,191.55,2.3018,-5.5777,2.3018,-6.4496,9.3,0,3
BKSY,Industrials,SECTOR_INDUSTRIALS,B1,Batch 1 — 2022 to 2023,7,1,6,14.29,0.3412,-0.5392,-417.45,-4.1745,216.24,633.69,34.6939,-15.497,34.6939,-22.7083,10.4,0,7
TPB,Consumer Staples,SECTOR_CONSUMER_STAPLES,B1,Batch 1 — 2022 to 2023,6,2,4,33.33,0.3665,-0.5432,-323.93,-3.2393,187.39,511.32,5.3801,-8.7727,8.2303,-14.6197,19.2,0,6
FLYW,Technology,SECTOR_TECHNOLOGY,B1,Batch 1 — 2022 to 2023,8,1,7,12.5,0.0209,-0.5482,-432.97,-4.3297,9.25,442.22,1.0,-6.032,1.0,-13.9085,6.9,0,8
WLDN,Industrials,SECTOR_INDUSTRIALS,B1,Batch 1 — 2022 to 2023,7,1,6,14.29,0.1279,-0.5549,-378.13,-3.7813,55.44,433.57,8.7401,-7.836,8.7401,-10.9074,20.4,0,7
JANX,Healthcare,SECTOR_HEALTHCARE,B1,Batch 1 — 2022 to 2023,5,1,4,20.0,0.3018,-0.5568,-276.14,-2.7614,119.34,395.48,17.5358,-14.4607,17.5358,-16.0287,12.4,0,5
LPTH,Technology,SECTOR_TECHNOLOGY,B1,Batch 1 — 2022 to 2023,7,2,5,28.57,0.1797,-0.562,-392.89,-3.9289,86.05,478.94,5.1202,-10.8501,7.2993,-14.2858,7.7,0,7
TDUP,Consumer Discretionary,SECTOR_CONSUMER_DISCRETIONARY,B1,Batch 1 — 2022 to 2023,6,1,5,16.67,0.2754,-0.5651,-373.86,-3.7386,142.12,515.98,39.0397,-18.4773,39.0397,-22.5515,23.3,2,4
QUBT,Technology,SECTOR_TECHNOLOGY,B1,Batch 1 — 2022 to 2023,8,1,7,12.5,0.3663,-0.5675,-424.02,-4.2402,245.14,669.16,45.2471,-16.1211,45.2471,-20.2955,12.1,0,8
ETR,Utilities,SECTOR_UTILITIES,B1,Batch 1 — 2022 to 2023,4,1,3,25.0,0.2708,-0.5805,-233.32,-2.3332,86.65,319.97,3.3501,-3.7315,3.3501,-3.9828,9.8,0,4
CPNG,Consumer Discretionary,SECTOR_CONSUMER_DISCRETIONARY,B1,Batch 1 — 2022 to 2023,5,1,4,20.0,0.2,-0.584,-290.61,-2.9061,72.67,363.28,5.3651,-6.9923,5.3651,-12.5961,49.4,0,5
DFP,Financials,SECTOR_FINANCIALS,B1,Batch 1 — 2022 to 2023,6,1,5,16.67,0.2929,-0.5846,-359.47,-3.5947,148.92,508.39,4.2294,-3.1305,4.2294,-3.4708,29.7,1,5
LBRDA,Communication Services,SECTOR_COMMUNICATION_SERVICES,B1,Batch 1 — 2022 to 2023,6,1,5,16.67,0.3016,-0.5854,-349.86,-3.4986,151.12,500.98,7.566,-5.9012,7.566,-7.2479,11.5,1,5
TWLO,Technology,SECTOR_TECHNOLOGY,B1,Batch 1 — 2022 to 2023,5,1,4,20.0,0.3679,-0.5899,-284.23,-2.8423,165.44,449.67,12.129,-11.3677,12.129,-14.7212,35.8,0,5
CRMD,Healthcare,SECTOR_HEALTHCARE,B1,Batch 1 — 2022 to 2023,7,2,5,28.57,0.2361,-0.5908,-411.74,-4.1174,127.26,539.0,9.0291,-13.5973,17.6309,-25.5583,13.6,0,7
PPC,Consumer Staples,SECTOR_CONSUMER_STAPLES,B1,Batch 1 — 2022 to 2023,8,2,6,25.0,0.1369,-0.5923,-440.27,-4.4027,69.84,510.11,1.7478,-4.7483,2.6264,-6.6432,18.4,1,7
DJT,Communication Services,SECTOR_COMMUNICATION_SERVICES,B1,Batch 1 — 2022 to 2023,4,1,3,25.0,0.2214,-0.5948,-217.11,-2.1711,61.75,278.86,3.8969,-8.9875,3.8969,-14.4702,5.8,0,4
SNOW,Technology,SECTOR_TECHNOLOGY,B1,Batch 1 — 2022 to 2023,8,1,7,12.5,0.3208,-0.5979,-428.81,-4.2881,202.51,631.32,17.3681,-9.9806,17.3681,-13.3599,18.9,0,8
SEE,Consumer Discretionary,SECTOR_CONSUMER_DISCRETIONARY,B1,Batch 1 — 2022 to 2023,5,1,4,20.0,0.2296,-0.6124,-305.32,-3.0532,91.0,396.32,6.4587,-5.9409,6.4587,-7.3592,32.0,1,4
UTG,Financials,SECTOR_FINANCIALS,B1,Batch 1 — 2022 to 2023,9,2,7,22.22,0.2171,-0.6133,-560.05,-5.6005,155.33,715.38,2.0446,-3.1621,2.2554,-4.6899,19.6,0,9
DTM,Energy,SECTOR_ENERGY,B1,Batch 1 — 2022 to 2023,6,0,6,0.0,0.0,-0.6139,-346.9,-3.469,0.0,346.9,0.0,-2.3256,-0.5454,-4.2179,7.2,0,6
HQY,Healthcare,SECTOR_HEALTHCARE,B1,Batch 1 — 2022 to 2023,7,1,6,14.29,0.24,-0.6141,-327.63,-3.2763,103.48,431.11,6.7162,-5.6912,6.7162,-6.8125,6.6,0,7
NEE,Utilities,SECTOR_UTILITIES,B1,Batch 1 — 2022 to 2023,7,1,6,14.29,0.1903,-0.6146,-419.61,-4.1961,98.64,518.25,4.8639,-4.3934,4.8639,-6.4111,15.3,0,7
IBRX,Healthcare,SECTOR_HEALTHCARE,B1,Batch 1 — 2022 to 2023,8,2,6,25.0,0.0776,-0.6312,-507.39,-5.0739,42.7,550.09,4.0764,-15.4978,4.2918,-22.0735,16.8,1,7
AVXL,Healthcare,SECTOR_HEALTHCARE,B1,Batch 1 — 2022 to 2023,9,2,7,22.22,0.1726,-0.642,-576.89,-5.7689,120.38,697.27,7.614,-11.5902,8.972,-22.4704,18.3,0,9
STAA,Healthcare,SECTOR_HEALTHCARE,B1,Batch 1 — 2022 to 2023,7,1,6,14.29,0.2289,-0.6428,-418.7,-4.187,124.3,543.0,15.0326,-9.3109,15.0326,-12.8305,13.9,0,7
BKKT,Technology,SECTOR_TECHNOLOGY,B1,Batch 1 — 2022 to 2023,6,1,5,16.67,0.2518,-0.6475,-366.14,-3.6614,123.25,489.39,21.6418,-16.8226,21.6418,-20.7627,8.7,0,6
FE,Utilities,SECTOR_UTILITIES,B1,Batch 1 — 2022 to 2023,7,1,6,14.29,0.154,-0.6526,-450.41,-4.5041,82.01,532.42,3.5101,-3.1135,3.5101,-3.6755,9.1,0,7
MBI,Financials,SECTOR_FINANCIALS,B1,Batch 1 — 2022 to 2023,7,1,6,14.29,0.2447,-0.6577,-449.18,-4.4918,145.52,594.7,12.6043,-7.5825,12.6043,-10.3896,13.7,2,5
EVRG,Utilities,SECTOR_UTILITIES,B1,Batch 1 — 2022 to 2023,5,1,4,20.0,0.167,-0.6659,-328.73,-3.2873,65.91,394.64,2.7782,-4.507,2.7782,-5.2844,20.6,0,5
ISBA,Financials,SECTOR_FINANCIALS,B1,Batch 1 — 2022 to 2023,4,1,3,25.0,0.1182,-0.688,-273.15,-2.7315,36.6,309.75,0.8511,-4.8195,0.8511,-8.4967,43.2,0,4
ATO,Utilities,SECTOR_UTILITIES,B1,Batch 1 — 2022 to 2023,1,0,1,0.0,0.0,-0.7125,-70.75,-0.7075,0.0,70.75,0.0,-2.4106,-2.4106,-2.4106,3.0,0,1
WBD,Communication Services,SECTOR_COMMUNICATION_SERVICES,B1,Batch 1 — 2022 to 2023,8,1,7,12.5,0.224,-0.7352,-546.73,-5.4673,157.85,704.58,15.9161,-9.1579,15.9161,-12.2308,8.9,1,7
IDA,Utilities,SECTOR_UTILITIES,B1,Batch 1 — 2022 to 2023,7,2,5,28.57,0.0803,-0.7397,-505.55,-5.0555,44.16,549.71,1.0761,-4.4965,1.7086,-6.6084,6.6,0,7
RCAT,Industrials,SECTOR_INDUSTRIALS,B1,Batch 1 — 2022 to 2023,5,1,4,20.0,0.1625,-0.7455,-372.38,-3.7238,72.24,444.62,9.589,-16.5254,9.589,-20.5882,22.2,0,5
ZUMZ,Consumer Discretionary,SECTOR_CONSUMER_DISCRETIONARY,B1,Batch 1 — 2022 to 2023,5,1,4,20.0,0.0127,-0.8223,-427.38,-4.2738,5.49,432.87,0.4792,-9.545,0.4792,-11.6533,29.0,0,5
CTMX,Healthcare,SECTOR_HEALTHCARE,B1,Batch 1 — 2022 to 2023,6,1,5,16.67,0.2322,-0.8273,-430.58,-4.3058,130.2,560.78,14.5833,-12.9346,14.5833,-16.8919,21.3,1,5
DIS,Communication Services,SECTOR_COMMUNICATION_SERVICES,B1,Batch 1 — 2022 to 2023,8,1,7,12.5,0.0827,-0.8944,-657.58,-6.5758,59.28,716.86,2.7405,-5.2625,2.7405,-7.8807,14.8,0,8
LUMN,Communication Services,SECTOR_COMMUNICATION_SERVICES,B1,Batch 1 — 2022 to 2023,7,0,7,0.0,0.0,-0.8984,-617.75,-6.1775,0.0,617.75,0.0,-8.7669,-2.2351,-18.1562,21.1,1,6
CRK,Energy,SECTOR_ENERGY,B1,Batch 1 — 2022 to 2023,3,0,3,0.0,0.0,-0.8984,-267.97,-2.6797,0.0,267.97,0.0,-7.2282,-5.214,-8.8739,21.0,0,3
AEP,Utilities,SECTOR_UTILITIES,B1,Batch 1 — 2022 to 2023,4,0,4,0.0,0.0,-0.9114,-366.15,-3.6615,0.0,366.15,0.0,-3.6779,-2.8428,-4.5417,9.5,0,4
FDUS,Financials,SECTOR_FINANCIALS,B1,Batch 1 — 2022 to 2023,2,0,2,0.0,0.0,-0.9857,-162.52,-1.6252,0.0,162.52,0.0,-2.419,-1.0204,-3.8176,9.5,0,2
YOU,Technology,SECTOR_TECHNOLOGY,B1,Batch 1 — 2022 to 2023,3,0,3,0.0,0.0,-1.0,-297.2,-2.972,0.0,297.2,0.0,-8.528,-6.6427,-10.1265,41.0,0,3
ABTC,Financials,SECTOR_FINANCIALS,B1,Batch 1 — 2022 to 2023,4,0,4,0.0,0.0,-1.0,-336.52,-3.3652,0.0,336.52,0.0,-22.9306,-19.5769,-25.7992,5.5,0,4
SATL,Industrials,SECTOR_INDUSTRIALS,B1,Batch 1 — 2022 to 2023,4,0,4,0.0,0.0,-1.0,-379.17,-3.7917,0.0,379.17,0.0,-16.4132,-12.3955,-20.4647,26.5,1,3
UNFI,Consumer Staples,SECTOR_CONSUMER_STAPLES,B1,Batch 1 — 2022 to 2023,2,0,2,0.0,0.0,-1.0,-178.81,-1.7881,0.0,178.81,0.0,-6.659,-5.3513,-7.9667,4.5,1,1
EE,Energy,SECTOR_ENERGY,B1,Batch 1 — 2022 to 2023,3,0,3,0.0,0.0,-1.0,-297.65,-2.9765,0.0,297.65,0.0,-6.9839,-6.0976,-8.4751,7.3,0,3
VC,Consumer Discretionary,SECTOR_CONSUMER_DISCRETIONARY,B1,Batch 1 — 2022 to 2023,1,0,1,0.0,0.0,-1.0,-93.1,-0.931,0.0,93.1,0.0,-5.8508,-5.8508,-5.8508,21.0,1,0
PCRX,Healthcare,SECTOR_HEALTHCARE,B1,Batch 1 — 2022 to 2023,3,0,3,0.0,0.0,-1.0,-275.23,-2.7523,0.0,275.23,0.0,-7.2526,-6.5635,-7.6269,36.0,1,2
CCSI,Technology,SECTOR_TECHNOLOGY,B1,Batch 1 — 2022 to 2023,2,0,2,0.0,0.0,-1.0,-196.37,-1.9637,0.0,196.37,0.0,-9.7544,-7.7693,-11.7394,9.5,0,2
REPX,Energy,SECTOR_ENERGY,B1,Batch 1 — 2022 to 2023,1,0,1,0.0,0.0,-1.0,-98.14,-0.9814,0.0,98.14,0.0,-8.0143,-8.0143,-8.0143,11.0,0,1
IBEX,Technology,SECTOR_TECHNOLOGY,B1,Batch 1 — 2022 to 2023,1,0,1,0.0,0.0,-1.0,-109.07,-1.0907,0.0,109.07,0.0,-7.8102,-7.8102,-7.8102,65.0,0,1
TVTX,Healthcare,SECTOR_HEALTHCARE,B1,Batch 1 — 2022 to 2023,5,0,5,0.0,0.0,-1.0,-477.45,-4.7745,0.0,477.45,0.0,-10.4561,-7.8815,-15.2141,26.0,1,4
SES,Consumer Discretionary,SECTOR_CONSUMER_DISCRETIONARY,B1,Batch 1 — 2022 to 2023,5,0,5,0.0,0.0,-1.0,-498.77,-4.9877,0.0,498.77,0.0,-14.5008,-12.9439,-15.6792,31.2,2,3
SWIM,Industrials,SECTOR_INDUSTRIALS,B1,Batch 1 — 2022 to 2023,5,0,5,0.0,0.0,-1.0,-488.62,-4.8862,0.0,488.62,0.0,-15.1299,-13.9909,-17.58,29.4,1,4
WOOF,Consumer Discretionary,SECTOR_CONSUMER_DISCRETIONARY,B1,Batch 1 — 2022 to 2023,3,0,3,0.0,0.0,-1.0,-299.15,-2.9915,0.0,299.15,0.0,-8.3802,-7.9653,-8.7149,15.0,0,3
SOUN,Technology,SECTOR_TECHNOLOGY,B1,Batch 1 — 2022 to 2023,1,0,1,0.0,0.0,-1.0,-109.76,-1.0976,0.0,109.76,0.0,-15.8563,-15.8563,-15.8563,39.0,0,1
RVLV,Consumer Discretionary,SECTOR_CONSUMER_DISCRETIONARY,B1,Batch 1 — 2022 to 2023,7,0,7,0.0,0.0,-1.0,-701.87,-7.0187,0.0,701.87,0.0,-10.7694,-8.192,-14.8373,19.7,1,6
GEVO,Materials,SECTOR_MATERIALS,B1,Batch 1 — 2022 to 2023,8,0,8,0.0,0.0,-1.0,-808.49,-8.0849,0.0,808.49,0.0,-14.9167,-13.2218,-17.0433,19.1,0,8
RZLT,Healthcare,SECTOR_HEALTHCARE,B1,Batch 1 — 2022 to 2023,4,0,4,0.0,0.0,-1.0,-399.35,-3.9935,0.0,399.35,0.0,-16.164,-13.5446,-17.5931,27.0,0,4
NUTX,Healthcare,SECTOR_HEALTHCARE,B1,Batch 1 — 2022 to 2023,1,0,1,0.0,0.0,-1.0,-95.32,-0.9532,0.0,95.32,0.0,-15.2232,-15.2232,-15.2232,19.0,1,0
FBRX,Healthcare,SECTOR_HEALTHCARE,B1,Batch 1 — 2022 to 2023,5,0,5,0.0,0.0,-1.0,-484.75,-4.8475,0.0,484.75,0.0,-12.2855,-9.4763,-15.1422,22.0,2,3
NRGV,Utilities,SECTOR_UTILITIES,B1,Batch 1 — 2022 to 2023,5,0,5,0.0,0.0,-1.0,-508.69,-5.0869,0.0,508.69,0.0,-18.4757,-15.2793,-22.3074,28.6,0,5
AMPX,Industrials,SECTOR_INDUSTRIALS,B1,Batch 1 — 2022 to 2023,1,0,1,0.0,0.0,-1.0,-99.36,-0.9936,0.0,99.36,0.0,-18.5905,-18.5905,-18.5905,68.0,0,1
FLNC,Utilities,SECTOR_UTILITIES,B1,Batch 1 — 2022 to 2023,1,0,1,0.0,0.0,-1.0,-99.09,-0.9909,0.0,99.09,0.0,-12.8276,-12.8276,-12.8276,4.0,0,1
NEGG,Consumer Discretionary,SECTOR_CONSUMER_DISCRETIONARY,B1,Batch 1 — 2022 to 2023,5,0,5,0.0,0.0,-1.0,-463.86,-4.6386,0.0,463.86,0.0,-16.043,-9.3023,-21.8556,17.6,1,4
DC,Materials,SECTOR_MATERIALS,B1,Batch 1 — 2022 to 2023,2,0,2,0.0,0.0,-1.0,-179.81,-1.7981,0.0,179.81,0.0,-8.8332,-8.2996,-9.3668,3.0,0,2
NBP,Healthcare,SECTOR_HEALTHCARE,B1,Batch 1 — 2022 to 2023,5,0,5,0.0,0.0,-1.0,-477.71,-4.7771,0.0,477.71,0.0,-15.2247,-13.5915,-17.0643,10.0,2,3
NAGE,Healthcare,SECTOR_HEALTHCARE,B1,Batch 1 — 2022 to 2023,7,0,7,0.0,0.0,-1.0,-709.45,-7.0945,0.0,709.45,0.0,-10.8213,-7.6525,-15.1952,21.0,0,7
AENT,Communication Services,SECTOR_COMMUNICATION_SERVICES,B1,Batch 1 — 2022 to 2023,1,0,1,0.0,0.0,-1.0,-99.8,-0.998,0.0,99.8,0.0,-11.0462,-11.0462,-11.0462,7.0,1,0
LTH,Consumer Discretionary,SECTOR_CONSUMER_DISCRETIONARY,B1,Batch 1 — 2022 to 2023,1,0,1,0.0,0.0,-1.0,-99.09,-0.9909,0.0,99.09,0.0,-8.0272,-8.0272,-8.0272,12.0,0,1
VFF,Consumer Staples,SECTOR_CONSUMER_STAPLES,B1,Batch 1 — 2022 to 2023,3,0,3,0.0,0.0,-1.0,-299.41,-2.9941,0.0,299.41,0.0,-12.2933,-11.3157,-13.1288,53.0,0,3
PL,Industrials,SECTOR_INDUSTRIALS,B1,Batch 1 — 2022 to 2023,7,0,7,0.0,0.0,-1.0308,-705.38,-7.0538,0.0,705.38,0.0,-10.969,-9.2186,-14.6942,16.4,0,7
ERAS,Healthcare,SECTOR_HEALTHCARE,B1,Batch 1 — 2022 to 2023,2,0,2,0.0,0.0,-1.037,-207.0,-2.07,0.0,207.0,0.0,-11.6308,-10.5802,-12.6814,1.0,0,2
QBTS,Technology,SECTOR_TECHNOLOGY,B1,Batch 1 — 2022 to 2023,3,0,3,0.0,0.0,-1.1015,-304.12,-3.0412,0.0,304.12,0.0,-22.6701,-20.5877,-24.6512,42.3,1,2
NVAX,Healthcare,SECTOR_HEALTHCARE,B1,Batch 1 — 2022 to 2023,4,0,4,0.0,0.0,-1.1388,-430.1,-4.301,0.0,430.1,0.0,-18.1691,-13.8893,-29.5631,12.0,0,4
TBRG,Healthcare,SECTOR_HEALTHCARE,B1,Batch 1 — 2022 to 2023,4,0,4,0.0,0.0,-1.1471,-414.63,-4.1463,0.0,414.63,0.0,-5.7144,-3.6847,-8.1427,11.0,0,4
