ticker,sector,spider_id,total_trades,winning_trades,losing_trades,win_rate_pct,profit_factor,expectancy_r,net_pnl_usd,net_return_pct,gross_wins_usd,gross_losses_usd,avg_win_pct,avg_loss_pct,best_trade_pct,worst_trade_pct,avg_hold_days,stage6_entries,stage7_entries
SSII,Healthcare,SECTOR_HEALTHCARE,11,3,8,27.27,594.1992,617.1855,543228.09,5432.2809,544143.85,915.76,11671.4411,-19.3412,34864.2857,-55.5556,25.8,1,10
ASST,Financials,SECTOR_FINANCIALS,5,1,4,20.0,18.1816,10.7383,4214.81,42.1481,4460.12,245.31,1073.486,-20.4437,1073.486,-29.066,5.4,0,5
WOLF,Technology,SECTOR_TECHNOLOGY,8,2,6,25.0,13.2271,9.6084,7698.16,76.9816,8327.76,629.6,844.1559,-14.162,1637.9518,-17.6312,21.9,3,5
VIA,Technology,SECTOR_TECHNOLOGY,6,1,5,16.67,8.6279,5.1968,3109.96,31.0996,3517.67,407.71,460.4085,-7.1402,460.4085,-13.3684,41.5,1,5
NIQ,Financials,SECTOR_FINANCIALS,7,3,4,42.86,13.6069,3.9521,2222.34,22.2234,2398.62,176.28,11.8787,-2.0514,31.5462,-5.0971,18.0,0,7
BETR,Financials,SECTOR_FINANCIALS,5,1,4,20.0,5.2083,2.8613,1434.4,14.344,1775.25,340.85,228.8283,-13.6747,228.8283,-15.8599,17.4,0,5
RGTI,Technology,SECTOR_TECHNOLOGY,13,6,7,46.15,7.517,2.5217,3330.37,33.3037,3841.4,511.03,120.7724,-12.7773,314.916,-21.1679,13.5,1,12
VITL,Consumer Staples,SECTOR_CONSUMER_STAPLES,15,9,6,60.0,13.3234,2.3052,3454.87,34.5487,3735.22,280.35,27.1593,-3.9798,157.1252,-8.6664,15.7,0,15
INDV,Healthcare,SECTOR_HEALTHCARE,7,5,2,71.43,11.7881,2.2172,1540.22,15.4022,1682.99,142.77,27.9126,-6.1961,68.0082,-9.4879,32.1,0,7
EXAS,Healthcare,SECTOR_HEALTHCARE,11,7,4,63.64,9.8436,2.1369,2326.14,23.2614,2589.17,263.03,28.7778,-6.7089,76.2931,-11.455,24.2,1,10
ROOT,Financials,SECTOR_FINANCIALS,15,6,9,40.0,5.659,2.107,3450.44,34.5044,4191.03,740.59,91.6191,-12.756,383.871,-18.9166,15.5,2,13
AVBH,Financials,SECTOR_FINANCIALS,11,7,4,63.64,7.4939,2.0435,2041.67,20.4167,2356.07,314.4,10.3792,-1.2202,38.9032,-2.0265,21.9,0,11
MLYS,Healthcare,SECTOR_HEALTHCARE,6,2,4,33.33,5.29,1.9615,1160.06,11.6006,1430.47,270.41,76.0496,-9.6578,151.6469,-17.7124,8.8,0,6
ORKA,Healthcare,SECTOR_HEALTHCARE,9,4,5,44.44,4.4081,1.8844,1702.71,17.0271,2202.32,499.61,57.3875,-11.799,132.6364,-20.5379,32.9,1,8
CAPR,Healthcare,SECTOR_HEALTHCARE,14,6,8,42.86,5.0955,1.8663,2189.6,21.896,2724.24,534.64,60.8463,-9.4563,286.5385,-16.2592,14.1,0,14
LMT,Industrials,SECTOR_INDUSTRIALS,10,5,5,50.0,9.6258,1.8399,1694.88,16.9488,1891.37,196.49,13.158,-1.7264,30.7131,-4.4985,17.4,0,10
ALT,Healthcare,SECTOR_HEALTHCARE,13,7,6,53.85,3.785,1.7455,2117.31,21.1731,2877.57,760.26,59.1184,-17.9817,249.6689,-43.2381,14.6,1,12
PRM,Materials,SECTOR_MATERIALS,10,5,5,50.0,9.6827,1.6319,1628.88,16.2888,1816.48,187.6,30.7006,-3.0954,59.6759,-5.748,26.9,0,10
ATXS,Healthcare,SECTOR_HEALTHCARE,15,7,8,46.67,4.9511,1.6293,2368.5,23.685,2967.95,599.45,53.7542,-9.5578,159.1912,-19.3944,20.1,2,13
BW,Industrials,SECTOR_INDUSTRIALS,10,6,4,60.0,6.1488,1.6272,1610.9,16.109,1923.77,312.87,62.0049,-9.54,231.8113,-17.4141,25.7,0,10
FLNC,Utilities,SECTOR_UTILITIES,9,6,3,66.67,5.6095,1.5798,1386.45,13.8645,1687.23,300.78,43.8827,-12.2568,194.7989,-12.8276,20.9,1,8
PLSE,Healthcare,SECTOR_HEALTHCARE,14,5,9,35.71,4.9948,1.4983,2135.49,21.3549,2670.06,534.57,102.2359,-7.4626,332.5714,-13.9849,20.6,0,14
NUTX,Healthcare,SECTOR_HEALTHCARE,12,4,8,33.33,4.3904,1.4965,1767.39,17.6739,2288.68,521.29,93.8719,-11.585,242.612,-18.8931,17.1,1,11
MNPR,Healthcare,SECTOR_HEALTHCARE,13,9,4,69.23,9.3864,1.4891,1840.9,18.409,2060.41,219.51,38.961,-8.3487,104.0243,-12.7988,12.1,0,13
WLFC,Industrials,SECTOR_INDUSTRIALS,19,8,11,42.11,5.2304,1.4356,2548.6,25.486,3151.05,602.45,26.9064,-3.6329,54.5889,-8.9807,16.1,1,18
VKTX,Healthcare,SECTOR_HEALTHCARE,17,8,9,47.06,4.6116,1.4326,2424.67,24.2467,3096.02,671.35,52.0091,-10.2499,222.7848,-16.4158,21.1,0,17
HYMC,Materials,SECTOR_MATERIALS,15,5,10,33.33,3.0247,1.4154,1838.28,18.3828,2746.2,907.92,98.5807,-13.5397,257.4163,-20.1305,15.5,0,15
ISSC,Industrials,SECTOR_INDUSTRIALS,14,8,6,57.14,4.3815,1.406,1978.59,19.7859,2563.71,585.12,28.5733,-8.6717,101.6505,-19.5304,13.9,0,14
VST,Utilities,SECTOR_UTILITIES,20,11,9,55.0,6.1346,1.3939,2769.42,27.6942,3308.78,539.36,17.9548,-5.2993,68.1294,-10.4352,14.4,0,20
HOOD,Financials,SECTOR_FINANCIALS,15,9,6,60.0,5.7346,1.3856,2000.66,20.0066,2423.22,422.56,30.538,-7.0428,100.0,-11.4966,17.9,0,15
SATL,Industrials,SECTOR_INDUSTRIALS,12,2,10,16.67,3.108,1.3637,1740.02,17.4002,2565.45,825.43,147.4223,-13.6656,170.4545,-20.4647,14.8,2,10
LEU,Energy,SECTOR_ENERGY,11,4,7,36.36,4.1718,1.323,1425.86,14.2586,1875.4,449.54,59.967,-7.3155,141.5997,-12.6927,11.9,0,11
ALSN,Consumer Discretionary,SECTOR_CONSUMER_DISCRETIONARY,17,12,5,70.59,7.6269,1.3153,2222.6,22.226,2557.99,335.39,9.815,-3.16,22.5357,-5.1616,17.3,0,17
AMRC,Industrials,SECTOR_INDUSTRIALS,12,6,6,50.0,5.9339,1.2994,1615.76,16.1576,1943.24,327.48,42.9556,-7.2371,141.2511,-14.4528,21.8,2,10
DAVE,Technology,SECTOR_TECHNOLOGY,18,5,13,27.78,4.1433,1.2948,2327.7,23.277,3068.23,740.53,91.987,-8.0851,264.6481,-15.1315,14.7,0,18
ABTC,Financials,SECTOR_FINANCIALS,9,1,8,11.11,2.7998,1.2927,1237.25,12.3725,1924.68,687.43,416.129,-20.2362,416.129,-25.7992,9.7,0,9
AMKR,Technology,SECTOR_TECHNOLOGY,14,9,5,64.29,8.4095,1.2787,1862.24,18.6224,2113.57,251.33,17.4548,-4.0853,40.5447,-8.6997,18.9,1,13
PEPG,Healthcare,SECTOR_HEALTHCARE,9,3,6,33.33,3.72,1.2691,1145.03,11.4503,1566.0,420.97,92.1587,-10.9913,149.5895,-16.9191,14.3,0,9
OCGN,Healthcare,SECTOR_HEALTHCARE,11,6,5,54.55,4.1063,1.2654,1387.47,13.8747,1834.13,446.66,28.7118,-13.5413,113.75,-19.4846,14.5,1,10
AXTI,Technology,SECTOR_TECHNOLOGY,14,6,8,42.86,3.2846,1.2352,1661.01,16.6101,2388.05,727.04,44.865,-9.9991,103.4483,-14.0733,19.1,2,12
INOD,Technology,SECTOR_TECHNOLOGY,19,7,12,36.84,3.6047,1.231,2305.71,23.0571,3190.92,885.21,53.4252,-10.018,131.9791,-29.2071,11.7,0,19
VFF,Consumer Staples,SECTOR_CONSUMER_STAPLES,8,4,4,50.0,3.8752,1.2256,976.3,9.763,1315.86,339.56,42.9837,-10.2884,69.1083,-13.1288,30.2,0,8
VERA,Healthcare,SECTOR_HEALTHCARE,12,5,7,41.67,3.2439,1.1972,1469.06,14.6906,2123.74,654.68,52.7961,-11.9407,108.3447,-35.5606,13.8,2,10
APP,Communication Services,SECTOR_COMMUNICATION_SERVICES,20,11,9,55.0,5.1042,1.1908,2257.96,22.5796,2808.12,550.16,28.2732,-6.5461,99.1554,-13.9688,17.6,1,19
TWN,Financials,SECTOR_FINANCIALS,19,9,10,47.37,6.3204,1.1899,2275.0,22.75,2702.6,427.6,11.8863,-2.1416,28.5389,-4.645,18.3,1,18
GLSI,Healthcare,SECTOR_HEALTHCARE,12,6,6,50.0,3.5194,1.1724,1137.03,11.3703,1588.34,451.31,35.5433,-12.2677,149.2723,-22.5054,13.2,0,12
LUMN,Communication Services,SECTOR_COMMUNICATION_SERVICES,17,4,13,23.53,2.6732,1.1681,1440.21,14.4021,2300.94,860.73,85.023,-7.3725,301.5504,-18.1562,18.2,1,16
IE,Materials,SECTOR_MATERIALS,9,6,3,66.67,5.4195,1.1647,919.53,9.1953,1127.59,208.06,20.0602,-8.1666,44.6667,-11.8338,20.2,0,9
CD,Financials,SECTOR_FINANCIALS,15,9,6,60.0,3.0134,1.1604,1653.03,16.5303,2474.06,821.03,57.386,-26.5307,200.4908,-59.4491,16.7,0,15
TGTX,Healthcare,SECTOR_HEALTHCARE,14,8,6,57.14,3.9847,1.1516,1522.8,15.228,2033.0,510.2,39.1851,-8.6942,123.6742,-10.9871,21.4,1,13
TSHA,Healthcare,SECTOR_HEALTHCARE,14,3,11,21.43,2.6715,1.1415,1573.32,15.7332,2514.58,941.26,121.8659,-12.95,320.3911,-19.4289,11.0,0,14
RIGL,Healthcare,SECTOR_HEALTHCARE,15,9,6,60.0,4.9216,1.1315,1660.19,16.6019,2083.53,423.34,27.2221,-9.277,90.7344,-14.135,14.9,0,15
NGL,Energy,SECTOR_ENERGY,18,12,6,66.67,4.6341,1.1293,1903.43,19.0343,2427.2,523.77,18.3322,-8.5659,45.4545,-12.0789,15.2,1,17
LBRT,Energy,SECTOR_ENERGY,5,4,1,80.0,6.53,1.116,551.56,5.5156,651.3,99.74,15.3159,-9.3922,44.3316,-9.3922,13.4,0,5
CSGS,Technology,SECTOR_TECHNOLOGY,10,7,3,70.0,10.122,1.1068,1140.62,11.4062,1265.66,125.04,7.1189,-2.1293,19.2558,-2.9782,19.4,0,10
MRAM,Technology,SECTOR_TECHNOLOGY,14,10,4,71.43,5.1631,1.0936,1495.64,14.9564,1854.9,359.26,16.3026,-8.2536,58.1602,-10.7118,17.4,0,14
ATLC,Financials,SECTOR_FINANCIALS,16,10,6,62.5,4.5432,1.081,1706.18,17.0618,2187.71,481.53,16.0788,-8.1023,42.8742,-11.3612,15.5,0,16
IDCC,Technology,SECTOR_TECHNOLOGY,20,13,7,65.0,4.7307,1.0494,1953.74,19.5374,2477.43,523.69,10.3938,-4.5518,27.1733,-6.9388,16.6,0,20
DAL,Industrials,SECTOR_INDUSTRIALS,17,11,6,64.71,5.5371,1.0438,1696.88,16.9688,2070.88,374.0,12.8289,-4.1406,25.3776,-7.7388,21.1,3,14
KOD,Healthcare,SECTOR_HEALTHCARE,14,3,11,21.43,2.2453,1.0392,1239.89,12.3989,2235.53,995.64,118.0199,-14.9892,180.9689,-47.9381,30.2,1,13
NVRI,Industrials,SECTOR_INDUSTRIALS,15,10,5,66.67,8.7422,1.0326,1483.41,14.8341,1675.01,191.6,16.7581,-2.8889,59.4231,-6.3232,18.9,0,15
ASTS,Technology,SECTOR_TECHNOLOGY,21,9,12,42.86,3.259,1.0323,2080.12,20.8012,3000.92,920.8,48.049,-11.9815,155.8537,-20.3922,13.5,1,20
RIOT,Financials,SECTOR_FINANCIALS,15,9,6,60.0,3.476,1.0269,1360.02,13.6002,1909.3,549.28,32.954,-13.2428,132.1721,-19.0909,21.7,1,14
ANF,Consumer Discretionary,SECTOR_CONSUMER_DISCRETIONARY,19,11,8,57.89,3.651,1.0268,1729.65,17.2965,2382.1,652.45,19.1868,-7.9702,37.8502,-15.5018,19.3,1,18
ARWR,Healthcare,SECTOR_HEALTHCARE,13,5,8,38.46,2.9109,1.0137,1370.53,13.7053,2087.75,717.22,53.997,-10.5367,177.8978,-17.9858,23.2,1,12
MSTR,Technology,SECTOR_TECHNOLOGY,20,12,8,60.0,3.6791,0.997,1831.98,18.3198,2515.79,683.81,26.507,-13.7011,118.2564,-20.7407,14.2,0,20
CLSK,Financials,SECTOR_FINANCIALS,13,7,6,53.85,2.9188,0.9922,1168.19,11.6819,1776.99,608.8,40.0781,-16.9238,137.6462,-18.7127,15.2,0,13
NVDA,Technology,SECTOR_TECHNOLOGY,21,9,12,42.86,3.772,0.9857,2011.28,20.1128,2736.84,725.56,23.5905,-4.4803,43.3658,-10.4277,17.6,0,21
TERN,Healthcare,SECTOR_HEALTHCARE,18,7,11,38.89,4.2147,0.9836,1818.78,18.1878,2384.55,565.77,54.5065,-7.642,191.3873,-19.2692,16.7,2,16
KVUE,Consumer Staples,SECTOR_CONSUMER_STAPLES,5,2,3,40.0,3.4923,0.9697,390.5,3.905,547.18,156.68,14.619,-2.6856,23.2721,-4.7602,12.6,0,5
UAMY,Materials,SECTOR_MATERIALS,17,10,7,58.82,4.0323,0.9608,1353.58,13.5358,1799.96,446.38,29.7754,-10.2036,149.531,-17.7115,12.6,0,17
CWBC,Financials,SECTOR_FINANCIALS,10,6,4,60.0,2.7816,0.9571,781.89,7.8189,1220.76,438.87,10.9241,-6.2759,21.5672,-17.5393,18.5,0,10
NWPX,Materials,SECTOR_MATERIALS,12,8,4,66.67,5.4369,0.9515,1063.35,10.6335,1303.01,239.66,9.3489,-3.5047,25.0915,-3.9074,19.2,0,12
FISV,Technology,SECTOR_TECHNOLOGY,18,14,4,77.78,6.3759,0.9453,1639.22,16.3922,1944.14,304.92,5.3704,-3.6345,11.5917,-5.7284,15.8,1,17
BHRB,Financials,SECTOR_FINANCIALS,15,8,7,53.33,3.0556,0.9392,1390.42,13.9042,2066.81,676.39,11.4053,-3.6154,27.7276,-4.9554,14.6,1,14
NPO,Industrials,SECTOR_INDUSTRIALS,17,11,6,64.71,5.1977,0.939,1438.12,14.3812,1780.72,342.6,10.0983,-3.1938,30.9183,-5.0783,14.7,0,17
WEAV,Healthcare,SECTOR_HEALTHCARE,13,7,6,53.85,5.7424,0.935,1243.78,12.4378,1506.05,262.27,19.0417,-4.3579,80.1336,-11.5481,20.3,1,12
BH,Consumer Discretionary,SECTOR_CONSUMER_DISCRETIONARY,21,13,8,61.9,5.3617,0.9294,1793.4,17.934,2204.57,411.17,10.4908,-3.2195,32.5269,-4.3437,15.7,0,21
COIN,Financials,SECTOR_FINANCIALS,16,7,9,43.75,3.4934,0.9288,1308.93,13.0893,1833.89,524.96,39.8001,-9.0204,110.5753,-20.2082,17.8,0,16
EME,Industrials,SECTOR_INDUSTRIALS,28,12,16,42.86,3.1454,0.9279,2520.73,25.2073,3695.65,1174.92,14.4103,-4.4721,54.607,-11.318,12.1,0,28
GOLD,Financials,SECTOR_FINANCIALS,15,6,9,40.0,3.8097,0.9187,1368.41,13.6841,1855.44,487.03,24.5786,-4.4234,81.1037,-8.4485,14.9,0,15
IONQ,Technology,SECTOR_TECHNOLOGY,18,7,11,38.89,3.404,0.9154,1670.15,16.7015,2364.89,694.74,42.079,-9.3659,88.9851,-24.4345,17.3,1,17
PRME,Healthcare,SECTOR_HEALTHCARE,5,2,3,40.0,2.7173,0.912,475.62,4.7562,752.57,276.95,67.2738,-15.9391,95.0739,-17.9308,15.4,0,5
IRWD,Healthcare,SECTOR_HEALTHCARE,14,5,9,35.71,2.5524,0.9071,1357.41,13.5741,2231.79,874.38,68.7934,-8.9404,306.8966,-17.5462,19.0,0,14
NHC,Healthcare,SECTOR_HEALTHCARE,16,8,8,50.0,4.0611,0.906,1411.87,14.1187,1873.1,461.23,10.1619,-3.0614,35.282,-4.5914,15.7,0,16
WULF,Financials,SECTOR_FINANCIALS,17,5,12,29.41,2.8742,0.9046,1522.78,15.2278,2335.29,812.51,85.2678,-12.8615,263.1579,-25.5319,13.8,2,15
EU,Energy,SECTOR_ENERGY,5,3,2,60.0,3.9269,0.9042,421.12,4.2112,565.0,143.88,27.0229,-9.4064,57.6471,-10.4235,16.6,1,4
SPRY,Healthcare,SECTOR_HEALTHCARE,14,5,9,35.71,4.3854,0.904,1314.64,13.1464,1702.97,388.33,37.3487,-5.6184,123.9884,-12.6316,22.7,1,13
FRGE,Financials,SECTOR_FINANCIALS,10,3,7,30.0,3.0423,0.9007,959.16,9.5916,1428.81,469.65,65.9147,-12.9623,115.1868,-25.8637,24.1,1,9
PVLA,Healthcare,SECTOR_HEALTHCARE,11,5,6,45.45,3.1934,0.9004,941.72,9.4172,1371.06,429.34,38.5134,-12.8903,97.8261,-20.079,23.2,2,9
AKBA,Healthcare,SECTOR_HEALTHCARE,14,9,5,64.29,3.0941,0.8972,1238.14,12.3814,1829.4,591.26,28.5675,-12.4522,116.4557,-31.6456,15.0,0,14
COLL,Healthcare,SECTOR_HEALTHCARE,14,9,5,64.29,3.6514,0.8961,1191.07,11.9107,1640.3,449.23,13.8473,-7.0103,35.1639,-7.9103,21.6,1,13
COKE,Consumer Staples,SECTOR_CONSUMER_STAPLES,20,9,11,45.0,3.3449,0.8937,1743.77,17.4377,2487.41,743.64,12.8946,-3.6447,34.2183,-7.4771,13.7,1,19
ERIE,Financials,SECTOR_FINANCIALS,20,8,12,40.0,3.8252,0.8912,1738.94,17.3894,2354.46,615.52,12.8932,-2.6408,40.2702,-4.8065,13.2,0,20
CRSR,Technology,SECTOR_TECHNOLOGY,9,4,5,44.44,2.8133,0.8861,880.23,8.8023,1365.67,485.44,31.5061,-7.8685,85.7605,-11.9551,28.1,1,8
DG,Consumer Staples,SECTOR_CONSUMER_STAPLES,13,7,6,53.85,4.0944,0.8807,1092.79,10.9279,1445.94,353.15,12.5033,-2.9398,25.9334,-6.4379,22.2,3,10
ALDX,Healthcare,SECTOR_HEALTHCARE,16,5,11,31.25,3.3916,0.8794,1434.95,14.3495,2034.94,599.99,62.6868,-6.0019,118.038,-10.8456,23.5,3,13
ULCC,Industrials,SECTOR_INDUSTRIALS,12,6,6,50.0,2.6579,0.8726,914.6,9.146,1466.25,551.65,32.6712,-9.3564,65.7471,-11.779,21.0,1,11
TPB,Consumer Staples,SECTOR_CONSUMER_STAPLES,18,11,7,61.11,3.1868,0.8726,1402.36,14.0236,2043.65,641.29,11.0544,-6.6718,40.0319,-14.6197,17.2,0,18
IBM,Technology,SECTOR_TECHNOLOGY,18,11,7,61.11,5.3643,0.8713,1494.6,14.946,1837.06,342.46,6.0884,-1.7477,12.987,-3.3954,15.5,0,18
HIMS,Healthcare,SECTOR_HEALTHCARE,21,13,8,61.9,5.6019,0.8645,1838.89,18.3889,2238.48,399.59,18.9599,-6.4374,55.2903,-15.5738,12.8,0,21
BAX,Healthcare,SECTOR_HEALTHCARE,6,4,2,66.67,3.6714,0.8623,531.02,5.3102,729.8,198.78,9.0166,-4.9599,15.9535,-5.0839,40.5,2,4
CDNA,Healthcare,SECTOR_HEALTHCARE,11,5,6,45.45,2.7651,0.8586,937.73,9.3773,1468.98,531.25,37.0499,-10.3793,71.6384,-12.3878,25.6,1,10
RCL,Consumer Discretionary,SECTOR_CONSUMER_DISCRETIONARY,23,12,11,52.17,6.2146,0.858,1920.49,19.2049,2288.78,368.29,14.8603,-2.326,50.5418,-6.3091,16.9,1,22
KO,Consumer Staples,SECTOR_CONSUMER_STAPLES,10,6,4,60.0,4.099,0.8571,763.44,7.6344,1009.79,246.35,4.989,-1.4686,10.0614,-1.8589,16.7,0,10
GBX,Industrials,SECTOR_INDUSTRIALS,16,9,7,56.25,3.5477,0.8548,1358.43,13.5843,1891.63,533.2,13.2678,-4.8289,57.712,-8.1633,12.4,1,15
TBRG,Healthcare,SECTOR_HEALTHCARE,11,4,7,36.36,2.5364,0.8544,974.58,9.7458,1608.91,634.33,29.3582,-5.605,47.7045,-8.3501,19.7,1,10
PGY,Technology,SECTOR_TECHNOLOGY,10,3,7,30.0,2.1215,0.8442,728.61,7.2861,1378.26,649.65,95.5729,-13.2177,169.1743,-21.1298,40.0,0,10
ACLS,Technology,SECTOR_TECHNOLOGY,16,8,8,50.0,3.4198,0.8397,1351.65,13.5165,1910.22,558.57,21.9394,-6.2456,40.6232,-14.9982,15.3,1,15
AMD,Technology,SECTOR_TECHNOLOGY,16,10,6,62.5,3.7275,0.8366,1243.7,12.437,1699.68,455.98,14.5678,-7.0432,42.5123,-10.8614,15.4,0,16
FULC,Healthcare,SECTOR_HEALTHCARE,16,7,9,43.75,2.843,0.8323,1346.32,13.4632,2076.84,730.52,43.5761,-11.8765,99.7118,-17.429,25.3,3,13
SEI,Energy,SECTOR_ENERGY,13,7,6,53.85,3.1255,0.8321,1079.7,10.797,1587.68,507.98,22.3321,-8.3653,71.1875,-15.4569,14.2,0,13
EYE,Consumer Discretionary,SECTOR_CONSUMER_DISCRETIONARY,14,6,8,42.86,2.6628,0.8314,1151.58,11.5158,1844.14,692.56,27.6092,-6.8075,93.1486,-10.4928,31.3,2,12
JEF,Financials,SECTOR_FINANCIALS,17,12,5,70.59,7.0503,0.8313,1287.2,12.872,1499.95,212.75,7.0689,-2.1502,17.7585,-4.1245,19.6,1,16
TTI,Industrials,SECTOR_INDUSTRIALS,15,7,8,46.67,3.067,0.8296,1308.27,13.0827,1941.21,632.94,26.573,-7.939,69.3548,-10.9825,15.9,0,15
APLD,Technology,SECTOR_TECHNOLOGY,19,11,8,57.89,4.0649,0.824,1666.09,16.6609,2209.7,543.61,30.6863,-12.2627,74.2476,-19.4203,16.5,1,18
AMR,Materials,SECTOR_MATERIALS,5,3,2,60.0,4.713,0.8225,403.53,4.0353,512.21,108.68,18.9534,-4.8768,35.9628,-8.087,23.6,0,5
BE,Industrials,SECTOR_INDUSTRIALS,19,9,10,47.37,3.1456,0.82,1752.95,17.5295,2569.95,817.0,31.3693,-10.7015,124.4768,-27.1255,15.9,0,19
NXT,Technology,SECTOR_TECHNOLOGY,7,4,3,57.14,4.3037,0.8198,586.67,5.8667,764.25,177.58,17.4695,-7.3399,29.5507,-10.1138,13.3,0,7
HUT,Financials,SECTOR_FINANCIALS,18,10,8,55.56,3.8298,0.818,1448.22,14.4822,1960.0,511.78,31.282,-11.3467,163.3094,-20.0237,21.3,1,17
NVAX,Healthcare,SECTOR_HEALTHCARE,15,2,13,13.33,1.9782,0.816,1183.12,11.8312,2392.66,1209.54,122.7702,-12.7368,220.8925,-29.5631,8.1,0,15
HTZ,Industrials,SECTOR_INDUSTRIALS,10,5,5,50.0,2.6359,0.814,806.96,8.0696,1300.25,493.29,31.3431,-9.6121,136.6667,-14.1733,21.6,0,10
SOUN,Technology,SECTOR_TECHNOLOGY,14,4,10,28.57,2.4791,0.8028,1111.63,11.1163,1863.19,751.56,66.6654,-10.6462,129.9559,-17.8137,8.9,0,14
DJT,Communication Services,SECTOR_COMMUNICATION_SERVICES,11,3,8,27.27,2.2857,0.7975,910.3,9.103,1618.31,708.01,53.0547,-11.3587,97.2897,-16.2834,8.5,0,11
DSP,Technology,SECTOR_TECHNOLOGY,17,8,9,47.06,2.9685,0.7905,1298.17,12.9817,1957.65,659.48,21.328,-7.6508,61.3232,-13.5033,21.8,1,16
SSD,Materials,SECTOR_MATERIALS,17,8,9,47.06,3.0159,0.7887,1355.31,13.5531,2027.61,672.3,14.6833,-4.6797,34.3789,-6.777,17.0,0,17
CELH,Consumer Staples,SECTOR_CONSUMER_STAPLES,18,10,8,55.56,4.4365,0.7848,1388.55,13.8855,1792.61,404.06,16.9417,-6.3135,37.1953,-11.7313,14.6,1,17
IVVD,Healthcare,SECTOR_HEALTHCARE,10,3,7,30.0,2.4056,0.7813,842.13,8.4213,1441.25,599.12,86.7903,-17.6323,240.2878,-23.8303,18.9,0,10
OPFI,Financials,SECTOR_FINANCIALS,16,8,8,50.0,3.6439,0.7806,1294.01,12.9401,1783.44,489.43,23.2646,-7.8213,81.4672,-12.5885,14.4,0,16
TOST,Technology,SECTOR_TECHNOLOGY,10,6,4,60.0,3.3239,0.7739,786.55,7.8655,1125.01,338.46,14.7818,-6.6458,41.8226,-7.2354,17.9,1,9
RKLB,Industrials,SECTOR_INDUSTRIALS,21,10,11,47.62,3.3569,0.7717,1604.56,16.0456,2285.35,680.79,25.002,-7.3948,70.0,-12.1326,16.5,2,19
EXTR,Technology,SECTOR_TECHNOLOGY,15,11,4,73.33,5.7974,0.769,1138.7,11.387,1376.06,237.36,10.1155,-3.8991,31.6406,-7.3244,16.6,1,14
CVNA,Consumer Discretionary,SECTOR_CONSUMER_DISCRETIONARY,19,8,11,42.11,3.368,0.7642,1567.07,15.6707,2228.84,661.77,51.9706,-9.3132,234.9057,-21.7632,20.1,2,17
OLMA,Healthcare,SECTOR_HEALTHCARE,15,5,10,33.33,2.7874,0.7633,1065.06,10.6506,1660.93,595.87,56.7149,-9.5197,111.6466,-17.6959,23.3,1,14
BLTE,Healthcare,SECTOR_HEALTHCARE,16,9,7,56.25,3.4573,0.7575,1143.45,11.4345,1608.77,465.32,20.0767,-7.3401,79.9429,-12.2817,13.6,0,16
PSIX,Industrials,SECTOR_INDUSTRIALS,19,7,12,36.84,3.2637,0.7542,1378.69,13.7869,1987.73,609.04,36.9454,-6.7499,94.5542,-18.7221,11.5,0,19
CIFR,Financials,SECTOR_FINANCIALS,18,8,10,44.44,3.5463,0.7533,1324.86,13.2486,1845.17,520.31,45.0091,-9.5748,103.3333,-21.2816,15.9,2,16
CSL,Industrials,SECTOR_INDUSTRIALS,14,10,4,71.43,3.588,0.7489,968.16,9.6816,1342.26,374.1,7.1563,-5.3076,24.7022,-12.2989,18.6,0,14
WLDN,Industrials,SECTOR_INDUSTRIALS,21,7,14,33.33,3.0253,0.7446,1742.07,17.4207,2602.24,860.17,26.132,-5.841,140.1705,-10.9074,16.1,0,21
TYRA,Healthcare,SECTOR_HEALTHCARE,5,2,3,40.0,3.9206,0.7434,404.83,4.0483,543.44,138.61,31.4826,-5.7459,48.6017,-13.4258,23.8,0,5
MBIN,Financials,SECTOR_FINANCIALS,16,10,6,62.5,3.8788,0.7413,1255.0,12.55,1690.94,435.94,9.9694,-5.0846,39.0866,-6.3439,16.4,0,16
ONDS,Technology,SECTOR_TECHNOLOGY,17,7,10,41.18,2.6424,0.7376,1326.6,13.266,2134.34,807.74,59.0634,-14.0875,161.745,-21.1757,13.1,1,16
TPR,Consumer Discretionary,SECTOR_CONSUMER_DISCRETIONARY,22,12,10,54.55,3.0468,0.7333,1431.48,14.3148,2130.87,699.39,11.8084,-4.6709,30.6568,-9.7949,15.3,0,22
NGVT,Materials,SECTOR_MATERIALS,15,8,7,53.33,2.8609,0.7225,973.5,9.735,1496.64,523.14,14.748,-5.5042,29.0408,-8.6368,22.8,1,14
REAL,Consumer Discretionary,SECTOR_CONSUMER_DISCRETIONARY,17,6,11,35.29,2.6161,0.7153,1330.96,13.3096,2154.51,823.55,44.1375,-11.9525,159.8155,-24.6714,12.9,0,17
EMN,Materials,SECTOR_MATERIALS,10,6,4,60.0,3.0182,0.715,758.02,7.5802,1133.62,375.6,9.2563,-5.0549,14.6818,-6.1065,35.0,2,8
AMAL,Financials,SECTOR_FINANCIALS,14,9,5,64.29,3.4004,0.714,867.17,8.6717,1228.43,361.26,9.6453,-4.1798,20.3737,-6.2541,15.1,0,14
APGE,Healthcare,SECTOR_HEALTHCARE,6,3,3,50.0,3.068,0.7118,440.59,4.4059,653.64,213.05,20.5227,-7.4462,34.9687,-14.5124,15.7,0,6
PRDO,Consumer Staples,SECTOR_CONSUMER_STAPLES,23,10,13,43.48,3.1057,0.7114,1612.96,16.1296,2378.96,766.0,12.8141,-3.2215,25.974,-6.2821,11.7,0,23
VSCO,Consumer Discretionary,SECTOR_CONSUMER_DISCRETIONARY,15,9,6,60.0,4.0286,0.7039,1060.33,10.6033,1410.44,350.11,15.7341,-6.3796,41.7454,-13.5563,15.7,0,15
UAL,Industrials,SECTOR_INDUSTRIALS,24,12,12,50.0,2.4708,0.703,1292.93,12.9293,2172.01,879.08,14.3726,-5.3183,118.7892,-9.8795,14.0,3,21
DLO,Technology,SECTOR_TECHNOLOGY,11,5,6,45.45,2.3906,0.7029,761.65,7.6165,1309.36,547.71,22.8246,-8.6543,59.0189,-16.029,24.3,2,9
ENVA,Financials,SECTOR_FINANCIALS,20,11,9,55.0,3.1986,0.7009,1269.6,12.696,1847.06,577.46,10.5988,-3.9904,18.9202,-9.7775,12.7,0,20
AXON,Industrials,SECTOR_INDUSTRIALS,21,7,14,33.33,2.9163,0.7,1481.84,14.8184,2255.13,773.29,21.5065,-4.0847,75.0821,-7.607,15.0,0,21
ARQT,Healthcare,SECTOR_HEALTHCARE,16,7,9,43.75,2.85,0.6999,1124.59,11.2459,1732.49,607.9,44.8301,-8.2701,274.5318,-14.7188,13.7,1,15
TPL,Energy,SECTOR_ENERGY,22,12,10,54.55,3.5797,0.698,1580.9,15.809,2193.73,612.83,12.5493,-4.7961,54.8776,-8.2241,12.1,0,22
GE,Industrials,SECTOR_INDUSTRIALS,27,12,15,44.44,3.0699,0.6969,1789.69,17.8969,2654.31,864.62,10.7493,-2.8532,35.6279,-9.1667,13.1,0,27
NKTR,Healthcare,SECTOR_HEALTHCARE,10,3,7,30.0,1.9725,0.6956,721.22,7.2122,1462.82,741.6,66.5293,-13.9829,135.7143,-35.4015,17.1,0,10
KYMR,Healthcare,SECTOR_HEALTHCARE,14,5,9,35.71,2.8548,0.6949,1002.05,10.0205,1542.3,540.25,42.2169,-7.6329,72.8856,-14.2857,25.6,1,13
SCCO,Materials,SECTOR_MATERIALS,20,8,12,40.0,2.7185,0.6893,1348.47,13.4847,2133.13,784.66,15.7736,-4.3177,30.3933,-8.0735,10.3,1,19
AX,Financials,SECTOR_FINANCIALS,17,9,8,52.94,3.5444,0.6874,1001.9,10.019,1395.67,393.77,11.3621,-3.5051,27.2378,-8.3661,13.2,0,17
LOB,Financials,SECTOR_FINANCIALS,13,6,7,46.15,2.4553,0.6852,764.55,7.6455,1289.91,525.36,20.6389,-6.429,47.083,-10.1578,21.5,1,12
REZI,Industrials,SECTOR_INDUSTRIALS,18,9,9,50.0,2.4059,0.6852,1110.28,11.1028,1900.01,789.73,14.2839,-6.5072,34.2097,-16.6667,19.7,0,18
BHF,Financials,SECTOR_FINANCIALS,14,10,4,71.43,3.5865,0.6847,936.87,9.3687,1299.08,362.21,8.7815,-5.5925,19.4196,-8.2567,15.1,1,13
AVAV,Industrials,SECTOR_INDUSTRIALS,21,12,9,57.14,3.2162,0.6825,1246.75,12.4675,1809.3,562.55,13.0652,-4.8363,45.6229,-8.4128,13.9,0,21
EVER,Communication Services,SECTOR_COMMUNICATION_SERVICES,16,6,10,37.5,2.5882,0.6808,984.44,9.8444,1604.27,619.83,33.5328,-7.2319,103.8896,-14.1049,16.2,1,15
ORCL,Technology,SECTOR_TECHNOLOGY,22,12,10,54.55,3.0263,0.6793,1444.27,14.4427,2157.02,712.75,9.1474,-3.9732,49.0303,-8.8476,14.7,0,22
AAOI,Technology,SECTOR_TECHNOLOGY,20,11,9,55.0,3.4453,0.6791,1379.22,13.7922,1943.26,564.04,26.5454,-9.4268,62.5,-15.738,17.1,1,19
AMSC,Industrials,SECTOR_INDUSTRIALS,21,10,11,47.62,2.6004,0.6778,1472.87,14.7287,2393.21,920.34,25.3651,-10.9096,72.3088,-14.4981,10.6,0,21
INBX,Healthcare,SECTOR_HEALTHCARE,16,8,8,50.0,2.5935,0.6754,1081.03,10.8103,1759.41,678.38,33.0243,-9.5817,76.8576,-13.7359,16.4,1,15
MBI,Financials,SECTOR_FINANCIALS,12,3,9,25.0,2.0065,0.6715,705.67,7.0567,1406.8,701.13,39.3983,-6.2085,57.0539,-10.3896,15.2,2,10
BKU,Financials,SECTOR_FINANCIALS,14,8,6,57.14,3.6632,0.6705,934.54,9.3454,1285.45,350.91,12.3872,-3.7852,36.6299,-7.643,18.8,1,13
GVA,Industrials,SECTOR_INDUSTRIALS,21,14,7,66.67,4.856,0.6654,1317.66,13.1766,1659.38,341.72,6.748,-2.7148,13.9123,-6.6586,16.8,0,21
OPCH,Healthcare,SECTOR_HEALTHCARE,6,3,3,50.0,2.9569,0.6637,397.06,3.9706,599.96,202.9,11.693,-3.4606,18.6271,-5.4937,15.5,0,6
TNGX,Healthcare,SECTOR_HEALTHCARE,15,10,5,66.67,3.3379,0.6629,978.77,9.7877,1397.43,418.66,23.7775,-13.1842,99.697,-20.1188,12.1,0,15
ETON,Healthcare,SECTOR_HEALTHCARE,19,9,10,47.37,2.8083,0.6583,1275.92,12.7592,1981.52,705.6,23.1903,-8.4119,127.8689,-13.9721,14.1,0,19
SMR,Industrials,SECTOR_INDUSTRIALS,13,6,7,46.15,3.0537,0.6577,865.87,8.6587,1287.49,421.62,32.1135,-11.2069,68.581,-19.0646,9.5,0,13
RJF,Financials,SECTOR_FINANCIALS,15,7,8,46.67,3.4581,0.6569,972.7,9.727,1368.41,395.71,7.6977,-1.989,37.2118,-3.7448,11.6,0,15
ORIC,Healthcare,SECTOR_HEALTHCARE,19,11,8,57.89,3.3591,0.6556,1181.9,11.819,1682.89,500.99,20.4664,-9.9228,90.5956,-18.105,14.3,0,19
DXPE,Industrials,SECTOR_INDUSTRIALS,18,9,9,50.0,3.4452,0.6521,1144.98,11.4498,1613.23,468.25,13.1966,-3.7009,35.0908,-10.4365,13.1,0,18
COGT,Healthcare,SECTOR_HEALTHCARE,17,9,8,52.94,2.9596,0.6507,1107.87,11.0787,1673.23,565.36,28.7555,-7.5823,64.2346,-13.5215,18.9,0,17
WDC,Technology,SECTOR_TECHNOLOGY,25,12,13,48.0,2.8439,0.6496,1508.42,15.0842,2326.48,818.06,14.989,-4.8009,67.2931,-10.908,14.4,0,25
BKE,Consumer Discretionary,SECTOR_CONSUMER_DISCRETIONARY,16,6,10,37.5,2.4968,0.6485,946.92,9.4692,1579.54,632.62,17.3007,-3.6163,36.2896,-5.7295,17.0,0,16
UBER,Technology,SECTOR_TECHNOLOGY,18,9,9,50.0,3.3432,0.6465,1305.1,13.051,1862.07,556.97,14.1775,-4.4366,37.8435,-10.5626,19.3,0,18
TWLO,Technology,SECTOR_TECHNOLOGY,15,5,10,33.33,2.0774,0.6402,974.58,9.7458,1879.11,904.53,21.4924,-7.8458,71.923,-14.7212,23.1,0,15
ZUMZ,Consumer Discretionary,SECTOR_CONSUMER_DISCRETIONARY,12,7,5,58.33,2.667,0.6389,744.01,7.4401,1190.32,446.31,14.3569,-7.8594,55.5471,-11.6533,24.2,0,12
PENG,Technology,SECTOR_TECHNOLOGY,15,8,7,53.33,2.0428,0.6387,952.77,9.5277,1866.41,913.64,19.4952,-9.3446,80.7278,-25.5369,25.9,3,12
SVRA,Healthcare,SECTOR_HEALTHCARE,5,3,2,60.0,1.9259,0.6372,318.32,3.1832,662.12,343.8,26.5684,-22.3533,40.7115,-33.7931,21.8,0,5
ALNY,Healthcare,SECTOR_HEALTHCARE,24,9,15,37.5,2.6201,0.636,1465.29,14.6529,2369.76,904.47,17.0866,-4.4218,53.6731,-8.1578,11.3,1,23
AVAH,Healthcare,SECTOR_HEALTHCARE,13,5,8,38.46,2.9912,0.6339,760.0,7.6,1141.68,381.68,40.1074,-6.0529,78.3505,-17.0,21.0,0,13
STRL,Industrials,SECTOR_INDUSTRIALS,28,15,13,53.57,2.6693,0.6325,1654.17,16.5417,2645.12,990.95,15.2517,-5.5862,60.0689,-12.1032,11.0,0,28
ACAD,Healthcare,SECTOR_HEALTHCARE,16,9,7,56.25,2.8919,0.6309,878.0,8.78,1342.09,464.09,11.7876,-5.2754,27.8504,-11.5149,17.8,0,16
JXN,Financials,SECTOR_FINANCIALS,17,11,6,64.71,3.7728,0.627,1078.13,10.7813,1466.95,388.82,8.2957,-4.106,18.4672,-6.3683,17.5,0,17
AENT,Communication Services,SECTOR_COMMUNICATION_SERVICES,10,5,5,50.0,2.5799,0.6235,541.06,5.4106,883.52,342.46,45.2244,-10.2248,127.8641,-15.7623,20.4,2,8
MOFG,Financials,SECTOR_FINANCIALS,11,6,5,54.55,3.2957,0.623,636.77,6.3677,914.15,277.38,9.6683,-4.0791,16.6441,-7.4474,21.3,1,10
TSBK,Financials,SECTOR_FINANCIALS,20,9,11,45.0,2.9879,0.6216,1298.53,12.9853,1951.76,653.23,8.5435,-3.0991,21.2598,-5.0785,11.9,0,20
CARE,Financials,SECTOR_FINANCIALS,16,9,7,56.25,3.3821,0.6201,888.99,8.8899,1262.19,373.2,8.3064,-3.0274,17.551,-6.1277,16.2,2,14
SNDA,Healthcare,SECTOR_HEALTHCARE,13,4,9,30.77,2.6914,0.6189,817.82,8.1782,1301.33,483.51,31.9341,-4.8998,94.386,-12.4306,20.3,1,12
DC,Materials,SECTOR_MATERIALS,11,5,6,45.45,2.2299,0.6181,641.31,6.4131,1162.73,521.42,20.0568,-8.0268,27.3469,-9.7213,12.2,0,11
CELC,Healthcare,SECTOR_HEALTHCARE,15,7,8,46.67,3.139,0.6179,967.39,9.6739,1419.65,452.26,30.9067,-6.9019,64.9664,-16.0153,21.9,0,15
DAN,Consumer Discretionary,SECTOR_CONSUMER_DISCRETIONARY,18,10,8,55.56,3.4929,0.6173,1102.54,11.0254,1544.81,442.27,12.2804,-4.3374,23.7043,-9.7151,18.2,1,17
SHAK,Consumer Discretionary,SECTOR_CONSUMER_DISCRETIONARY,15,8,7,53.33,3.0142,0.6091,908.49,9.0849,1359.53,451.04,13.3346,-5.3277,32.0127,-9.8885,20.3,0,15
ATI,Industrials,SECTOR_INDUSTRIALS,7,3,4,42.86,3.3499,0.6068,467.35,4.6735,666.23,198.88,17.3727,-2.7146,31.5714,-4.763,16.4,0,7
UCTT,Technology,SECTOR_TECHNOLOGY,15,7,8,46.67,2.4502,0.606,927.64,9.2764,1567.32,639.68,17.261,-6.7202,46.0381,-9.7091,15.8,0,15
FBRX,Healthcare,SECTOR_HEALTHCARE,13,3,10,23.08,1.4418,0.6055,469.59,4.6959,1532.6,1063.01,90.9568,-15.4768,225.7042,-33.4595,15.5,3,10
AWI,Industrials,SECTOR_INDUSTRIALS,18,9,9,50.0,2.4043,0.6041,1157.08,11.5708,1981.05,823.97,9.5864,-4.2401,23.8601,-6.954,17.4,1,17
HP,Energy,SECTOR_ENERGY,11,9,2,81.82,4.3575,0.6041,660.35,6.6035,857.03,196.68,7.6738,-7.0109,27.0718,-7.3283,20.5,0,11
SATS,Communication Services,SECTOR_COMMUNICATION_SERVICES,17,8,9,47.06,2.453,0.5964,918.65,9.1865,1550.91,632.26,17.8666,-5.5445,40.3719,-9.4013,20.8,1,16
COFS,Financials,SECTOR_FINANCIALS,12,6,6,50.0,2.6917,0.5948,698.74,6.9874,1111.78,413.04,14.4767,-5.0776,49.2109,-7.9487,21.5,0,12
GH,Healthcare,SECTOR_HEALTHCARE,19,7,12,36.84,2.0012,0.5932,1037.39,10.3739,2073.51,1036.12,29.8273,-9.5332,56.0119,-14.623,16.2,0,19
CCL,Consumer Discretionary,SECTOR_CONSUMER_DISCRETIONARY,19,10,9,52.63,2.7955,0.5917,1129.42,11.2942,1758.46,629.04,14.6581,-6.0675,40.6101,-13.0356,14.5,0,19
BWXT,Industrials,SECTOR_INDUSTRIALS,26,12,14,46.15,2.7653,0.5915,1536.25,15.3625,2406.49,870.24,9.2866,-2.8984,22.772,-7.0374,13.2,0,26
LQDA,Healthcare,SECTOR_HEALTHCARE,16,8,8,50.0,2.0158,0.589,895.96,8.9596,1778.02,882.06,21.7918,-10.4169,69.0122,-34.4322,13.1,0,16
CBAN,Financials,SECTOR_FINANCIALS,11,5,6,45.45,3.5905,0.5865,640.91,6.4091,888.32,247.41,10.8655,-2.1221,35.288,-3.4389,23.1,1,10
CAR,Industrials,SECTOR_INDUSTRIALS,13,6,7,46.15,2.3958,0.5857,714.88,7.1488,1227.05,512.17,23.6637,-7.9419,41.316,-10.7569,14.8,1,12
EWBC,Financials,SECTOR_FINANCIALS,18,9,9,50.0,2.4805,0.5841,974.72,9.7472,1633.07,658.35,9.9974,-4.4221,26.2506,-8.5994,14.1,0,18
IBKR,Financials,SECTOR_FINANCIALS,25,15,10,60.0,2.7795,0.5836,1347.74,13.4774,2105.09,757.35,8.3696,-3.8887,16.5821,-7.9218,13.1,0,25
FSBC,Financials,SECTOR_FINANCIALS,11,6,5,54.55,4.2571,0.5813,673.14,6.7314,879.81,206.67,8.1273,-2.4059,20.19,-5.5333,14.8,0,11
OMCL,Healthcare,SECTOR_HEALTHCARE,12,4,8,33.33,1.6845,0.5802,467.82,4.6782,1151.27,683.45,29.3702,-7.1464,50.4101,-8.4791,25.0,3,9
CMG,Consumer Discretionary,SECTOR_CONSUMER_DISCRETIONARY,21,10,11,47.62,2.8011,0.5789,1299.73,12.9973,2021.35,721.62,8.7886,-3.3034,22.3058,-7.7462,13.3,0,21
TPC,Industrials,SECTOR_INDUSTRIALS,21,10,11,47.62,2.3973,0.5789,1289.45,12.8945,2212.26,922.81,23.1022,-8.2418,107.088,-11.5234,16.7,0,21
BCAL,Financials,SECTOR_FINANCIALS,7,6,1,85.71,2.4339,0.5778,377.6,3.776,640.94,263.34,6.6637,-14.3544,14.3145,-14.3544,24.7,0,7
IBP,Consumer Discretionary,SECTOR_CONSUMER_DISCRETIONARY,20,10,10,50.0,2.5678,0.5776,1046.95,10.4695,1714.75,667.8,13.9938,-5.2212,29.3841,-9.624,15.4,0,20
META,Communication Services,SECTOR_COMMUNICATION_SERVICES,26,14,12,53.85,2.8916,0.5773,1439.09,14.3909,2199.87,760.78,10.115,-3.9626,44.4624,-11.0918,13.2,2,24
LOPE,Consumer Staples,SECTOR_CONSUMER_STAPLES,21,10,11,47.62,3.2737,0.5756,1193.5,11.935,1718.42,524.92,8.71,-2.103,28.0306,-4.3642,12.9,1,20
FULT,Financials,SECTOR_FINANCIALS,15,7,8,46.67,5.0193,0.5749,825.97,8.2597,1031.47,205.5,9.0793,-1.3398,15.4664,-4.9986,22.3,2,13
TSLA,Consumer Discretionary,SECTOR_CONSUMER_DISCRETIONARY,17,8,9,47.06,2.7939,0.5744,841.45,8.4145,1310.52,469.07,18.6574,-4.8355,49.7507,-8.5203,17.4,0,17
PARR,Energy,SECTOR_ENERGY,21,9,12,42.86,2.8547,0.5743,1167.53,11.6753,1797.03,629.5,17.5102,-4.4683,40.9927,-8.5428,11.1,0,21
CAT,Industrials,SECTOR_INDUSTRIALS,25,11,14,44.0,2.4448,0.5735,1250.28,12.5028,2115.62,865.34,9.4133,-3.1757,23.6682,-6.9732,11.7,0,25
SFST,Financials,SECTOR_FINANCIALS,15,6,9,40.0,2.5573,0.573,836.29,8.3629,1373.3,537.01,12.8713,-4.2238,24.7581,-10.1828,18.7,0,15
IDR,Materials,SECTOR_MATERIALS,18,11,7,61.11,3.2551,0.5696,901.2,9.012,1300.82,399.62,13.7981,-6.1546,30.3876,-10.9024,18.6,0,18
UPWK,Communication Services,SECTOR_COMMUNICATION_SERVICES,14,6,8,42.86,2.108,0.5655,785.71,7.8571,1494.82,709.11,23.1638,-8.289,51.2793,-13.3378,19.1,0,14
SM,Energy,SECTOR_ENERGY,9,2,7,22.22,2.2523,0.5648,494.59,4.9459,889.54,394.95,32.6272,-4.0678,36.0877,-9.9782,16.1,0,9
MSBI,Financials,SECTOR_FINANCIALS,12,6,6,50.0,1.8208,0.5647,501.07,5.0107,1111.5,610.43,12.3248,-5.8633,35.6631,-7.3276,19.5,0,12
FRBA,Financials,SECTOR_FINANCIALS,11,8,3,72.73,3.0938,0.5635,513.22,5.1322,758.33,245.11,6.3912,-4.4118,16.6667,-5.3358,15.8,0,11
AROW,Financials,SECTOR_FINANCIALS,15,8,7,53.33,2.5466,0.5608,666.14,6.6614,1096.84,430.7,8.9969,-4.4371,51.0293,-9.7826,14.3,0,15
SOFI,Financials,SECTOR_FINANCIALS,18,5,13,27.78,2.0304,0.5595,902.88,9.0288,1779.15,876.27,32.138,-6.5147,61.0187,-11.794,11.7,0,18
AMGN,Healthcare,SECTOR_HEALTHCARE,15,6,9,40.0,2.6682,0.5558,811.11,8.1111,1297.32,486.21,8.8152,-2.4048,13.538,-4.8379,13.1,0,15
CRUS,Technology,SECTOR_TECHNOLOGY,17,8,9,47.06,3.0288,0.5557,978.03,9.7803,1460.1,482.07,12.0539,-3.4854,35.9995,-7.206,18.2,0,17
AIO,Financials,SECTOR_FINANCIALS,14,8,6,57.14,2.7037,0.5551,814.45,8.1445,1292.51,478.06,5.6702,-3.7589,12.453,-5.6488,25.8,3,11
BY,Financials,SECTOR_FINANCIALS,15,9,6,60.0,3.3194,0.5545,843.69,8.4369,1207.44,363.75,6.4137,-3.1871,12.4888,-6.8825,18.8,0,15
NTAP,Technology,SECTOR_TECHNOLOGY,18,6,12,33.33,1.9275,0.554,913.47,9.1347,1898.34,984.87,14.6411,-3.8291,20.4378,-8.4382,18.8,1,17
OSCR,Healthcare,SECTOR_HEALTHCARE,17,5,12,29.41,2.0606,0.5511,893.02,8.9302,1735.0,841.98,42.2333,-8.0939,106.0,-12.6808,15.6,1,16
MAMA,Consumer Staples,SECTOR_CONSUMER_STAPLES,20,13,7,65.0,3.6411,0.5459,1060.74,10.6074,1462.37,401.63,11.3392,-6.3108,22.3926,-11.7421,11.7,0,20
PRMB,Consumer Staples,SECTOR_CONSUMER_STAPLES,19,9,10,47.37,2.251,0.5454,1040.12,10.4012,1871.52,831.4,9.7349,-4.5743,32.957,-7.8318,13.3,2,17
CTEV,Healthcare,SECTOR_HEALTHCARE,12,5,7,41.67,2.0278,0.5435,548.74,5.4874,1082.66,533.92,39.7301,-11.5005,76.9912,-20.6198,14.3,0,12
CLPT,Healthcare,SECTOR_HEALTHCARE,16,7,9,43.75,2.1949,0.5425,908.34,9.0834,1668.5,760.16,27.4736,-10.6594,105.0455,-13.0921,12.7,0,16
NRIX,Healthcare,SECTOR_HEALTHCARE,13,5,8,38.46,2.2691,0.5395,787.65,7.8765,1408.27,620.62,35.4629,-11.1151,87.8476,-17.6238,24.2,0,13
ESPR,Healthcare,SECTOR_HEALTHCARE,15,5,10,33.33,2.0076,0.5359,863.63,8.6363,1720.73,857.1,55.6094,-12.9154,105.3097,-23.4043,19.0,2,13
ODC,Materials,SECTOR_MATERIALS,21,12,9,57.14,3.0967,0.5353,1131.61,11.3161,1671.32,539.71,8.954,-3.1154,28.4451,-5.269,13.9,0,21
PAYO,Technology,SECTOR_TECHNOLOGY,15,7,8,46.67,1.8399,0.535,662.11,6.6211,1450.39,788.28,16.501,-8.5916,32.3821,-15.9681,17.3,2,13
WMS,Industrials,SECTOR_INDUSTRIALS,17,7,10,41.18,2.1481,0.5346,910.18,9.1018,1702.95,792.77,16.5174,-5.2666,42.8024,-8.2304,15.5,1,16
EOSE,Industrials,SECTOR_INDUSTRIALS,20,5,15,25.0,1.8456,0.5304,866.0,8.66,1890.18,1024.18,68.838,-14.0206,100.0,-33.1681,15.6,0,20
COST,Consumer Staples,SECTOR_CONSUMER_STAPLES,19,9,10,47.37,3.8092,0.5296,935.87,9.3587,1269.01,333.14,5.1221,-1.271,13.3953,-3.4827,12.5,0,19
VRT,Industrials,SECTOR_INDUSTRIALS,24,11,13,45.83,2.6619,0.5267,1304.18,13.0418,2088.91,784.73,17.2196,-5.608,64.539,-22.0083,15.4,0,24
OPY,Financials,SECTOR_FINANCIALS,19,9,10,47.37,2.5994,0.5263,843.42,8.4342,1370.75,527.33,9.4173,-3.3155,24.818,-7.5496,14.4,1,18
PLAB,Technology,SECTOR_TECHNOLOGY,14,5,9,35.71,1.9598,0.5252,780.47,7.8047,1593.67,813.2,20.9521,-7.4419,43.6533,-12.7115,11.4,0,14
OCUL,Healthcare,SECTOR_HEALTHCARE,19,9,10,47.37,2.4116,0.525,964.29,9.6429,1647.42,683.13,25.8239,-8.0533,93.8976,-12.29,13.7,0,19
WING,Consumer Discretionary,SECTOR_CONSUMER_DISCRETIONARY,22,10,12,45.45,2.73,0.5246,1128.05,11.2805,1780.12,652.07,15.3447,-5.3048,50.6492,-10.5913,13.0,2,20
NTNX,Technology,SECTOR_TECHNOLOGY,21,9,12,42.86,2.6588,0.5239,1096.7,10.967,1757.85,661.15,14.4083,-3.5211,60.7251,-7.8125,14.0,0,21
FCF,Financials,SECTOR_FINANCIALS,13,6,7,46.15,2.3278,0.5237,618.18,6.1818,1083.73,465.55,9.8039,-3.2746,20.1012,-5.5267,18.5,0,13
KALV,Healthcare,SECTOR_HEALTHCARE,16,7,9,43.75,2.8296,0.5234,882.38,8.8238,1364.66,482.28,22.4467,-6.4707,56.3041,-12.7691,20.9,2,14
PACK,Consumer Discretionary,SECTOR_CONSUMER_DISCRETIONARY,13,5,8,38.46,3.0063,0.5231,734.38,7.3438,1100.41,366.03,28.1694,-6.1936,56.2887,-16.0839,24.8,1,12
ABBV,Healthcare,SECTOR_HEALTHCARE,15,8,7,53.33,2.3531,0.5206,791.92,7.9192,1377.18,585.26,6.9893,-3.6847,15.5858,-12.6242,14.8,0,15
HLIO,Industrials,SECTOR_INDUSTRIALS,15,6,9,40.0,2.1023,0.5171,748.57,7.4857,1427.66,679.09,19.4915,-4.678,67.0596,-7.2874,18.6,2,13
SEB,Industrials,SECTOR_INDUSTRIALS,12,5,7,41.67,2.1973,0.5159,1344.12,13.4412,2466.77,1122.65,15.2104,-4.6742,42.1678,-6.5794,24.8,0,12
THR,Industrials,SECTOR_INDUSTRIALS,22,12,10,54.55,2.3008,0.5142,1069.47,10.6947,1891.64,822.17,9.5438,-4.5151,25.6459,-12.7111,12.7,0,22
CM,Financials,SECTOR_FINANCIALS,21,9,12,42.86,2.3073,0.5134,1173.54,11.7354,2071.25,897.71,7.7208,-3.0186,21.0755,-6.1235,18.5,2,19
HL,Materials,SECTOR_MATERIALS,20,10,10,50.0,2.348,0.5119,1014.21,10.1421,1766.59,752.38,16.5635,-7.532,69.0411,-12.1249,14.6,0,20
HCC,Materials,SECTOR_MATERIALS,5,4,1,80.0,3.5599,0.5115,204.59,2.0459,284.51,79.92,6.7626,-7.0331,13.4278,-7.0331,13.6,0,5
PDFS,Technology,SECTOR_TECHNOLOGY,16,9,7,56.25,2.6403,0.5103,848.46,8.4846,1365.73,517.27,11.8084,-4.6923,37.1767,-6.8727,18.4,1,15
SUPN,Healthcare,SECTOR_HEALTHCARE,11,6,5,54.55,2.176,0.5103,537.45,5.3745,994.48,457.03,10.9411,-5.2015,33.4219,-7.3276,23.1,0,11
GNE,Utilities,SECTOR_UTILITIES,22,8,14,36.36,2.2095,0.51,1153.22,11.5322,2106.65,953.43,18.5965,-5.234,56.3567,-9.6592,11.5,0,22
AGYS,Technology,SECTOR_TECHNOLOGY,11,7,4,63.64,3.1039,0.5082,561.66,5.6166,828.62,266.96,8.6469,-4.8906,37.6574,-8.0896,9.9,0,11
CENX,Materials,SECTOR_MATERIALS,20,7,13,35.0,2.5361,0.5065,1017.95,10.1795,1680.63,662.68,26.4917,-5.4608,49.9567,-12.233,14.3,0,20
BURL,Consumer Discretionary,SECTOR_CONSUMER_DISCRETIONARY,19,10,9,52.63,2.0248,0.5054,824.45,8.2445,1628.97,804.52,12.8591,-6.5375,40.6371,-12.4773,15.0,0,19
RAPT,Healthcare,SECTOR_HEALTHCARE,15,6,9,40.0,2.0405,0.5,756.88,7.5688,1484.29,727.41,37.8113,-15.3794,116.1672,-44.5255,16.2,0,15
FRPT,Consumer Staples,SECTOR_CONSUMER_STAPLES,15,7,8,46.67,2.4692,0.4999,738.32,7.3832,1240.84,502.52,14.8977,-5.5295,31.7917,-12.4831,22.9,1,14
NWBI,Financials,SECTOR_FINANCIALS,12,6,6,50.0,2.1728,0.4994,516.78,5.1678,957.4,440.62,7.5951,-3.8238,15.3641,-6.644,17.6,0,12
WINA,Consumer Discretionary,SECTOR_CONSUMER_DISCRETIONARY,8,4,4,50.0,2.4545,0.4986,367.19,3.6719,619.64,252.45,11.382,-4.7897,24.8629,-6.9942,14.8,0,8
TARS,Healthcare,SECTOR_HEALTHCARE,18,10,8,55.56,2.3873,0.498,825.01,8.2501,1419.7,594.69,14.1295,-7.5567,43.3349,-11.9979,16.4,0,18
DASH,Consumer Discretionary,SECTOR_CONSUMER_DISCRETIONARY,21,8,13,38.1,2.4296,0.497,968.16,9.6816,1645.37,677.21,14.7199,-6.3017,34.888,-17.6435,20.6,0,21
BBW,Consumer Discretionary,SECTOR_CONSUMER_DISCRETIONARY,18,9,9,50.0,2.0294,0.4966,905.6,9.056,1785.35,879.75,16.8227,-7.4052,30.5826,-12.7494,12.7,0,18
DY,Industrials,SECTOR_INDUSTRIALS,19,11,8,57.89,3.0532,0.4931,924.13,9.2413,1374.23,450.1,8.6652,-4.4469,43.1496,-7.3209,11.7,0,19
RUSHA,Consumer Discretionary,SECTOR_CONSUMER_DISCRETIONARY,17,11,6,64.71,3.0393,0.4912,809.68,8.0968,1206.72,397.04,5.4959,-3.519,16.8556,-5.4418,10.7,0,17
NAGE,Healthcare,SECTOR_HEALTHCARE,16,5,11,31.25,1.6637,0.4904,607.79,6.0779,1523.56,915.77,35.1435,-9.5811,93.4343,-15.1952,17.1,0,16
XYL,Industrials,SECTOR_INDUSTRIALS,20,10,10,50.0,2.655,0.4871,1002.5,10.025,1608.23,605.73,7.3806,-2.4278,17.8662,-4.4331,11.4,0,20
LYV,Communication Services,SECTOR_COMMUNICATION_SERVICES,18,8,10,44.44,2.3177,0.4871,767.32,7.6732,1349.64,582.32,8.5437,-2.7449,33.6043,-5.7513,15.7,0,18
GLW,Technology,SECTOR_TECHNOLOGY,25,11,14,44.0,2.3019,0.4863,1104.77,11.0477,1953.38,848.61,8.1405,-3.1957,27.5247,-7.389,13.6,0,25
NXDR,Communication Services,SECTOR_COMMUNICATION_SERVICES,13,4,9,30.77,2.2153,0.4851,672.07,6.7207,1225.08,553.01,28.8268,-6.6432,47.1963,-11.5894,18.6,0,13
DSGR,Industrials,SECTOR_INDUSTRIALS,13,6,7,46.15,2.6739,0.4844,639.27,6.3927,1021.17,381.9,14.3929,-4.0533,43.9354,-9.116,26.4,1,12
AEO,Consumer Discretionary,SECTOR_CONSUMER_DISCRETIONARY,19,7,12,36.84,1.7544,0.4842,861.13,8.6113,2002.56,1141.43,25.4293,-7.4531,48.3944,-16.5811,13.5,0,19
NBP,Healthcare,SECTOR_HEALTHCARE,10,3,7,30.0,1.7935,0.4809,521.69,5.2169,1179.15,657.46,59.7853,-14.8597,130.3922,-17.0643,11.0,2,8
SKYT,Technology,SECTOR_TECHNOLOGY,20,8,12,40.0,2.0297,0.4803,961.38,9.6138,1895.0,933.62,31.4443,-10.9201,70.6522,-19.4847,11.9,1,19
FRSH,Technology,SECTOR_TECHNOLOGY,10,6,4,60.0,2.425,0.4803,413.11,4.1311,703.01,289.9,8.6039,-5.0024,24.3902,-7.3442,16.8,1,9
THC,Healthcare,SECTOR_HEALTHCARE,21,12,9,57.14,3.0187,0.4794,969.82,9.6982,1450.23,480.41,9.5211,-3.7244,21.6606,-7.7772,14.4,1,20
PSTG,Technology,SECTOR_TECHNOLOGY,17,7,10,41.18,2.5565,0.4789,807.65,8.0765,1326.54,518.89,11.0481,-3.4853,46.1882,-7.9167,9.2,1,16
INCY,Healthcare,SECTOR_HEALTHCARE,12,6,6,50.0,2.223,0.4781,553.39,5.5339,1005.87,452.48,9.1095,-3.6667,12.0785,-6.7633,15.1,0,12
BBSI,Industrials,SECTOR_INDUSTRIALS,21,11,10,52.38,3.3768,0.4778,978.18,9.7818,1389.74,411.56,6.2879,-1.7839,16.8591,-3.8127,13.4,0,21
GAP,Consumer Discretionary,SECTOR_CONSUMER_DISCRETIONARY,16,7,9,43.75,2.1544,0.477,694.38,6.9438,1295.9,601.52,17.9569,-6.1573,37.666,-10.6311,19.1,1,15
PX,Financials,SECTOR_FINANCIALS,13,7,6,53.85,3.0545,0.4763,569.99,5.6999,847.42,277.43,7.4807,-2.4759,13.3617,-4.1586,16.7,0,13
MPC,Energy,SECTOR_ENERGY,5,4,1,80.0,3.2889,0.4704,241.0,2.41,346.29,105.29,4.8344,-5.3639,10.4581,-5.3639,17.0,0,5
AMLX,Healthcare,SECTOR_HEALTHCARE,10,4,6,40.0,1.3568,0.4671,452.49,4.5249,1720.68,1268.19,49.5892,-23.168,124.6696,-84.0363,27.3,2,8
SNA,Industrials,SECTOR_INDUSTRIALS,10,5,5,50.0,2.412,0.467,434.94,4.3494,742.97,308.03,5.0662,-2.551,21.5365,-3.7067,10.9,0,10
IMRX,Healthcare,SECTOR_HEALTHCARE,12,6,6,50.0,1.7521,0.4656,441.51,4.4151,1028.58,587.07,29.4615,-16.2917,80.1942,-20.8818,11.3,0,12
UI,Technology,SECTOR_TECHNOLOGY,19,8,11,42.11,2.2178,0.4654,858.37,8.5837,1563.21,704.84,16.1749,-5.6099,31.0535,-11.8019,14.6,0,19
LOW,Consumer Discretionary,SECTOR_CONSUMER_DISCRETIONARY,17,8,9,47.06,2.7105,0.4642,736.23,7.3623,1166.66,430.43,6.7538,-2.2931,14.7959,-6.0517,15.6,0,17
DYN,Healthcare,SECTOR_HEALTHCARE,20,7,13,35.0,2.4631,0.4631,917.49,9.1749,1544.59,627.1,31.6652,-6.6604,105.8651,-16.6453,15.7,2,18
MKSI,Technology,SECTOR_TECHNOLOGY,20,7,13,35.0,2.1891,0.463,923.23,9.2323,1699.62,776.39,18.5156,-4.5175,32.745,-9.1885,13.1,0,20
JAMF,Technology,SECTOR_TECHNOLOGY,12,6,6,50.0,2.002,0.4615,501.85,5.0185,1002.68,500.83,13.4154,-6.3378,42.3877,-9.5951,21.1,0,12
MGNI,Communication Services,SECTOR_COMMUNICATION_SERVICES,18,10,8,55.56,2.5235,0.4592,848.08,8.4808,1404.73,556.65,13.9482,-8.7401,25.3146,-15.9416,16.4,2,16
INSW,Energy,SECTOR_ENERGY,24,16,8,66.67,2.8424,0.4573,1022.91,10.2291,1578.11,555.2,8.0065,-4.3269,25.5926,-8.0044,13.3,0,24
ALNT,Technology,SECTOR_TECHNOLOGY,19,8,11,42.11,2.5638,0.4553,861.89,8.6189,1413.03,551.14,12.6754,-3.8563,35.6,-9.9279,14.9,0,19
MYI,Financials,SECTOR_FINANCIALS,11,4,7,36.36,2.0755,0.4542,483.4,4.834,932.88,449.48,5.1849,-1.3727,15.3307,-2.8728,30.4,1,10
ABAT,Industrials,SECTOR_INDUSTRIALS,12,5,7,41.67,1.6226,0.453,415.74,4.1574,1083.45,667.71,36.1799,-14.6753,74.2287,-18.9749,10.7,1,11
KROS,Healthcare,SECTOR_HEALTHCARE,14,6,8,42.86,2.2022,0.4527,655.27,6.5527,1200.35,545.08,24.9182,-6.3489,58.7264,-10.7795,23.7,1,13
CG,Financials,SECTOR_FINANCIALS,19,7,12,36.84,2.1734,0.4512,882.05,8.8205,1633.73,751.68,15.2367,-4.01,22.8125,-8.2259,15.3,2,17
ELF,Consumer Staples,SECTOR_CONSUMER_STAPLES,24,12,12,50.0,2.3757,0.4494,1019.18,10.1918,1760.02,740.84,14.9691,-5.387,74.068,-11.4775,14.4,1,23
HTBK,Financials,SECTOR_FINANCIALS,11,6,5,54.55,2.4902,0.4474,507.08,5.0708,847.36,340.28,9.1567,-3.7582,19.8511,-5.3026,27.7,1,10
LTH,Consumer Discretionary,SECTOR_CONSUMER_DISCRETIONARY,12,4,8,33.33,1.7553,0.4457,391.8,3.918,910.51,518.71,14.7129,-4.8859,31.8595,-8.0272,9.6,0,12
WOR,Industrials,SECTOR_INDUSTRIALS,16,7,9,43.75,1.8862,0.4454,741.13,7.4113,1577.45,836.32,12.4055,-5.0803,38.4071,-10.652,12.5,0,16
PCT,Industrials,SECTOR_INDUSTRIALS,15,7,8,46.67,1.9681,0.4444,657.94,6.5794,1337.59,679.65,28.2691,-12.6491,70.2597,-31.0139,20.1,1,14
CRAI,Industrials,SECTOR_INDUSTRIALS,23,11,12,47.83,2.5704,0.4436,1097.33,10.9733,1796.08,698.75,8.7898,-4.0151,30.1639,-6.2682,13.5,0,23
UHS,Healthcare,SECTOR_HEALTHCARE,21,13,8,61.9,3.0815,0.4423,845.86,8.4586,1252.24,406.38,5.7329,-3.0771,16.251,-7.2,13.4,2,19
PRIM,Industrials,SECTOR_INDUSTRIALS,24,14,10,58.33,2.3329,0.4423,1029.42,10.2942,1801.74,772.32,8.5711,-5.208,32.6636,-7.8232,14.4,0,24
MHO,Consumer Discretionary,SECTOR_CONSUMER_DISCRETIONARY,19,8,11,42.11,2.015,0.4421,843.33,8.4333,1674.23,830.9,13.8523,-5.3179,36.2972,-8.4097,14.4,0,19
EVRG,Utilities,SECTOR_UTILITIES,15,10,5,66.67,2.453,0.438,687.79,6.8779,1161.15,473.36,3.5132,-4.2508,7.1415,-5.2844,19.9,0,15
HRTG,Financials,SECTOR_FINANCIALS,22,9,13,40.91,1.9347,0.4378,876.36,8.7636,1813.96,937.6,26.4092,-7.5411,73.7705,-13.555,11.0,0,22
TTMI,Technology,SECTOR_TECHNOLOGY,24,11,13,45.83,2.4248,0.4368,1066.05,10.6605,1814.27,748.22,14.1089,-3.7108,87.563,-7.2225,12.0,0,24
ENVX,Industrials,SECTOR_INDUSTRIALS,15,5,10,33.33,2.1357,0.4366,699.25,6.9925,1314.96,615.71,36.5871,-8.5269,88.4921,-16.5569,12.7,0,15
FIX,Industrials,SECTOR_INDUSTRIALS,8,6,2,75.0,2.6208,0.4345,295.09,2.9509,477.15,182.06,8.1645,-9.0707,27.4026,-9.3167,13.8,0,8
RBC,Industrials,SECTOR_INDUSTRIALS,20,12,8,60.0,2.6658,0.4339,734.57,7.3457,1175.54,440.97,5.7542,-3.6382,19.6435,-8.4479,14.1,0,20
AEVA,Technology,SECTOR_TECHNOLOGY,17,5,12,29.41,1.5753,0.4311,706.19,7.0619,1933.68,1227.49,60.3532,-15.3494,210.6987,-19.7674,13.5,0,17
CRS,Industrials,SECTOR_INDUSTRIALS,26,12,14,46.15,2.5999,0.4273,1159.87,11.5987,1884.83,724.96,12.5284,-3.9545,38.5964,-7.0424,11.9,0,26
FDMT,Healthcare,SECTOR_HEALTHCARE,15,5,10,33.33,1.7197,0.4271,621.91,6.2191,1486.06,864.15,40.9719,-11.8679,63.5556,-15.8536,11.4,3,12
CVBF,Financials,SECTOR_FINANCIALS,10,5,5,50.0,1.9013,0.4261,298.59,2.9859,629.87,331.28,9.4529,-4.5655,26.3792,-9.9771,21.4,1,9
VTYX,Healthcare,SECTOR_HEALTHCARE,8,3,5,37.5,1.8499,0.4252,356.44,3.5644,775.81,419.37,42.8324,-12.6376,73.5484,-15.0644,23.6,1,7
ACIC,Financials,SECTOR_FINANCIALS,19,8,11,42.11,1.9123,0.4247,804.53,8.0453,1686.38,881.85,34.6568,-7.3857,192.5373,-13.929,11.7,0,19
SIMA,Financials,SECTOR_FINANCIALS,9,5,4,55.56,4.5312,0.4246,352.24,3.5224,451.99,99.75,0.5212,-0.154,0.808,-0.5,11.4,0,9
LDI,Financials,SECTOR_FINANCIALS,14,5,9,35.71,1.7406,0.4229,621.11,6.2111,1459.77,838.66,41.3932,-13.1222,89.0578,-19.3182,17.2,1,13
RCAT,Industrials,SECTOR_INDUSTRIALS,18,7,11,38.89,1.7185,0.4228,666.53,6.6653,1594.22,927.69,38.3372,-13.1736,108.4158,-20.5882,13.0,0,18
XPO,Industrials,SECTOR_INDUSTRIALS,22,8,14,36.36,1.8519,0.4226,909.75,9.0975,1977.62,1067.87,18.0393,-5.8956,36.2353,-14.6423,12.1,0,22
BME,Financials,SECTOR_FINANCIALS,13,7,6,53.85,1.8624,0.4218,466.48,4.6648,1007.42,540.94,3.7497,-2.7967,9.013,-4.7747,21.3,0,13
XNCR,Healthcare,SECTOR_HEALTHCARE,13,6,7,46.15,1.9763,0.4217,515.61,5.1561,1043.72,528.11,16.159,-8.1875,39.7679,-13.0055,23.5,1,12
MCB,Financials,SECTOR_FINANCIALS,17,9,8,52.94,2.1938,0.4216,616.67,6.1667,1133.24,516.57,12.1006,-5.0173,38.2138,-9.4574,14.6,0,17
MASI,Healthcare,SECTOR_HEALTHCARE,15,6,9,40.0,1.7197,0.4209,545.64,5.4564,1303.75,758.11,17.5706,-6.3806,52.5327,-10.1125,20.5,2,13
REGN,Healthcare,SECTOR_HEALTHCARE,16,8,8,50.0,2.0523,0.4203,466.2,4.662,909.23,443.03,7.3135,-3.2795,30.7975,-6.0987,15.9,0,16
UCB,Financials,SECTOR_FINANCIALS,15,9,6,60.0,3.6139,0.4198,592.97,5.9297,819.82,226.85,6.2897,-1.9672,13.5404,-5.9442,16.9,1,14
WT,Financials,SECTOR_FINANCIALS,22,12,10,54.55,2.2801,0.4197,766.21,7.6621,1364.77,598.56,6.566,-3.3697,23.2877,-6.6136,12.8,0,22
ADP,Technology,SECTOR_TECHNOLOGY,13,6,7,46.15,2.4492,0.4186,519.04,5.1904,877.2,358.16,4.918,-1.637,14.2511,-3.3196,14.1,1,12
TDW,Energy,SECTOR_ENERGY,5,2,3,40.0,2.0342,0.4161,192.92,1.9292,379.46,186.54,22.4324,-5.6918,37.4938,-8.6869,22.8,1,4
LXRX,Healthcare,SECTOR_HEALTHCARE,13,7,6,53.85,1.7552,0.4157,490.95,4.9095,1141.0,650.05,22.7398,-15.1298,83.9161,-21.8732,16.4,0,13
SANA,Healthcare,SECTOR_HEALTHCARE,14,5,9,35.71,1.8014,0.4139,603.55,6.0355,1356.66,753.11,42.7784,-14.6264,93.0131,-26.4414,17.6,0,14
NEO,Healthcare,SECTOR_HEALTHCARE,16,6,10,37.5,1.7734,0.4132,587.22,5.8722,1346.46,759.24,25.3381,-7.5419,61.9704,-14.9717,16.4,1,15
EVLV,Industrials,SECTOR_INDUSTRIALS,18,7,11,38.89,1.8344,0.413,880.23,8.8023,1935.2,1054.97,33.5308,-12.395,84.3077,-39.7321,17.3,1,17
LITE,Technology,SECTOR_TECHNOLOGY,21,10,11,47.62,2.026,0.4123,879.65,8.7965,1736.99,857.34,14.9315,-6.4047,49.4597,-11.5707,13.2,0,21
DV,Communication Services,SECTOR_COMMUNICATION_SERVICES,13,6,7,46.15,1.9566,0.4093,515.06,5.1506,1053.48,538.42,12.7997,-6.055,26.3023,-10.7441,19.5,2,11
MATW,Industrials,SECTOR_INDUSTRIALS,17,6,11,35.29,1.9114,0.4084,610.04,6.1004,1279.35,669.31,13.5652,-3.7902,26.4555,-6.5001,12.5,0,17
GEVO,Materials,SECTOR_MATERIALS,17,3,14,17.65,1.5544,0.4083,693.83,6.9383,1945.3,1251.47,86.6946,-12.596,253.3333,-17.0433,14.8,0,17
ABSI,Healthcare,SECTOR_HEALTHCARE,12,3,9,25.0,1.8023,0.4075,566.73,5.6673,1273.09,706.36,59.3235,-12.8555,128.2051,-19.5184,8.1,0,12
ACMR,Technology,SECTOR_TECHNOLOGY,17,8,9,47.06,1.9974,0.4069,690.22,6.9022,1382.26,692.04,17.3716,-8.5925,31.0848,-12.859,19.4,0,17
DUOL,Technology,SECTOR_TECHNOLOGY,19,9,10,47.37,1.8793,0.4064,544.63,5.4463,1164.02,619.39,14.5943,-6.1689,36.9622,-17.0262,11.9,0,19
HUBG,Industrials,SECTOR_INDUSTRIALS,16,9,7,56.25,2.4654,0.4061,658.3,6.583,1107.53,449.23,7.1836,-3.6783,15.3426,-6.2312,13.6,0,16
SBH,Consumer Discretionary,SECTOR_CONSUMER_DISCRETIONARY,13,4,9,30.77,1.7842,0.406,554.29,5.5429,1261.14,706.85,25.5929,-6.7949,54.5825,-10.9661,16.1,0,13
CTMX,Healthcare,SECTOR_HEALTHCARE,15,4,11,26.67,1.5972,0.4058,669.22,6.6922,1789.88,1120.66,72.2218,-13.5214,231.1081,-38.1364,14.9,1,14
MEDP,Healthcare,SECTOR_HEALTHCARE,23,10,13,43.48,2.226,0.4051,909.17,9.0917,1650.73,741.56,10.1584,-4.4306,42.1353,-9.291,12.7,0,23
AAPL,Technology,SECTOR_TECHNOLOGY,24,14,10,58.33,2.8892,0.4032,915.96,9.1596,1400.81,484.85,4.3901,-2.2135,11.5503,-7.2473,12.0,0,24
ADNT,Consumer Discretionary,SECTOR_CONSUMER_DISCRETIONARY,12,7,5,58.33,1.9978,0.4024,501.63,5.0163,1004.36,502.73,13.3994,-8.5151,58.5296,-11.1774,19.0,0,12
FFBC,Financials,SECTOR_FINANCIALS,15,8,7,53.33,2.3602,0.4022,615.0,6.15,1067.14,452.14,7.4457,-3.6713,12.037,-6.4191,14.9,0,15
HLLY,Consumer Discretionary,SECTOR_CONSUMER_DISCRETIONARY,13,4,9,30.77,1.4801,0.4018,512.0,5.12,1578.42,1066.42,45.7819,-10.8186,134.2857,-18.0141,17.5,1,12
NECB,Financials,SECTOR_FINANCIALS,23,12,11,52.17,2.2407,0.4009,893.44,8.9344,1613.57,720.13,5.5435,-3.3015,16.5936,-8.4819,10.8,0,23
CSW,Industrials,SECTOR_INDUSTRIALS,24,11,13,45.83,2.2828,0.3988,911.3,9.113,1621.71,710.41,8.8913,-3.1948,21.5537,-6.9181,11.1,0,24
ERAS,Healthcare,SECTOR_HEALTHCARE,13,5,8,38.46,1.9253,0.3971,527.51,5.2751,1097.62,570.11,37.9823,-9.7406,141.3872,-18.139,11.9,0,13
EMR,Industrials,SECTOR_INDUSTRIALS,19,11,8,57.89,2.6107,0.3967,747.88,7.4788,1212.19,464.31,5.2971,-2.4974,15.999,-4.6356,15.3,1,18
PLUS,Technology,SECTOR_TECHNOLOGY,14,8,6,57.14,2.3731,0.3943,542.29,5.4229,937.22,394.93,7.4489,-4.5516,13.4395,-5.944,16.4,0,14
KRUS,Consumer Discretionary,SECTOR_CONSUMER_DISCRETIONARY,15,8,7,53.33,2.5307,0.3939,544.15,5.4415,899.64,355.49,13.3375,-5.5016,23.1634,-10.3587,14.3,1,14
SKYW,Industrials,SECTOR_INDUSTRIALS,23,10,13,43.48,1.8486,0.3921,802.35,8.0235,1747.84,945.49,11.9311,-5.5661,31.9948,-9.5012,12.8,0,23
ROK,Industrials,SECTOR_INDUSTRIALS,17,7,10,41.18,1.7766,0.3921,621.18,6.2118,1421.07,799.89,12.1516,-4.0055,28.4156,-5.9761,14.6,1,16
HOV,Consumer Discretionary,SECTOR_CONSUMER_DISCRETIONARY,17,7,10,41.18,1.8634,0.392,598.49,5.9849,1291.64,693.15,20.1554,-7.5868,55.467,-12.9802,15.4,0,17
EPAM,Technology,SECTOR_TECHNOLOGY,15,5,10,33.33,1.957,0.3917,639.75,6.3975,1308.26,668.51,18.1386,-5.9023,27.5483,-13.1583,22.5,2,13
PWP,Financials,SECTOR_FINANCIALS,20,12,8,60.0,2.4716,0.3911,730.47,7.3047,1226.86,496.39,8.5948,-5.1583,26.755,-9.2769,15.7,0,20
BEPC,Utilities,SECTOR_UTILITIES,18,8,10,44.44,2.0817,0.3898,700.5,7.005,1348.1,647.6,10.0076,-3.7892,18.5299,-6.6517,13.1,1,17
MS,Financials,SECTOR_FINANCIALS,23,14,9,60.87,2.5616,0.3892,888.71,8.8871,1457.81,569.1,5.0856,-2.7499,15.2163,-4.4978,13.3,0,23
KD,Technology,SECTOR_TECHNOLOGY,13,7,6,53.85,2.3332,0.3885,492.12,4.9212,861.25,369.13,9.2613,-3.7174,27.0062,-6.1344,11.8,0,13
ISBA,Financials,SECTOR_FINANCIALS,15,7,8,46.67,1.8051,0.3881,536.14,5.3614,1202.08,665.94,7.9014,-4.481,17.5342,-8.4967,20.3,0,15
VSTM,Healthcare,SECTOR_HEALTHCARE,15,4,11,26.67,1.6782,0.3874,620.56,6.2056,1535.6,915.04,51.1863,-13.3273,93.5484,-20.2797,19.7,2,13
LYFT,Technology,SECTOR_TECHNOLOGY,13,4,9,30.77,1.5959,0.3874,504.26,5.0426,1350.44,846.18,30.9156,-9.1009,52.0082,-19.5873,23.5,1,12
BA,Industrials,SECTOR_INDUSTRIALS,16,7,9,43.75,2.0136,0.3871,643.14,6.4314,1277.68,634.54,11.731,-4.6399,21.6694,-8.7513,15.3,1,15
USB,Financials,SECTOR_FINANCIALS,16,8,8,50.0,2.3042,0.3862,635.54,6.3554,1122.83,487.29,8.1921,-2.5534,30.9713,-4.3904,22.3,2,14
HALO,Healthcare,SECTOR_HEALTHCARE,22,11,11,50.0,2.1908,0.386,877.88,8.7788,1615.12,737.24,8.7121,-4.9087,25.9933,-8.4383,14.0,0,22
KFS,Consumer Discretionary,SECTOR_CONSUMER_DISCRETIONARY,11,4,7,36.36,2.2935,0.3857,449.48,4.4948,796.96,347.48,15.3794,-3.0671,56.106,-5.2854,8.9,0,11
MSGE,Consumer Discretionary,SECTOR_CONSUMER_DISCRETIONARY,7,4,3,57.14,2.0098,0.3854,270.36,2.7036,538.1,267.74,8.1342,-5.2246,12.0745,-6.612,10.7,0,7
CUBI,Financials,SECTOR_FINANCIALS,17,8,9,47.06,1.6045,0.3849,435.6,4.356,1156.21,720.61,16.2224,-7.1275,63.4387,-13.2275,14.8,0,17
BOOT,Consumer Discretionary,SECTOR_CONSUMER_DISCRETIONARY,20,8,12,40.0,2.2456,0.384,705.81,7.0581,1272.47,566.66,16.0395,-3.5654,41.8855,-7.6269,13.5,0,20
MCS,Communication Services,SECTOR_COMMUNICATION_SERVICES,16,8,8,50.0,1.5155,0.3832,374.2,3.742,1100.14,725.94,8.5187,-5.1905,31.7576,-6.9494,18.5,2,14
WBD,Communication Services,SECTOR_COMMUNICATION_SERVICES,17,7,10,41.18,1.8546,0.382,791.19,7.9119,1716.95,925.76,18.272,-8.3943,54.2139,-12.2308,12.8,1,16
HOG,Consumer Discretionary,SECTOR_CONSUMER_DISCRETIONARY,13,6,7,46.15,2.1994,0.382,519.11,5.1911,951.91,432.8,11.3367,-3.8011,19.64,-6.9634,19.8,0,13
MATV,Materials,SECTOR_MATERIALS,12,3,9,25.0,1.8154,0.3816,589.24,5.8924,1311.91,722.67,43.4186,-6.6381,102.1452,-10.9535,16.0,1,11
INSM,Healthcare,SECTOR_HEALTHCARE,24,12,12,50.0,2.168,0.3806,906.84,9.0684,1683.26,776.42,12.1206,-5.2087,39.7609,-9.7196,12.2,0,24
AVPT,Technology,SECTOR_TECHNOLOGY,22,8,14,36.36,1.8645,0.3783,814.96,8.1496,1757.69,942.73,14.1742,-5.6322,40.1392,-11.7135,14.3,2,20
LINC,Consumer Staples,SECTOR_CONSUMER_STAPLES,20,10,10,50.0,1.8711,0.3776,645.42,6.4542,1386.36,740.94,10.8532,-5.6436,27.8643,-10.9976,10.7,0,20
CTOS,Industrials,SECTOR_INDUSTRIALS,14,7,7,50.0,2.0621,0.3775,470.04,4.7004,912.58,442.54,13.8747,-4.7866,39.7468,-12.4481,21.6,0,14
PCB,Financials,SECTOR_FINANCIALS,13,5,8,38.46,1.9794,0.3755,421.27,4.2127,851.39,430.12,9.8306,-2.8951,18.0748,-7.0255,25.3,1,12
VMC,Materials,SECTOR_MATERIALS,21,9,12,42.86,2.0112,0.3755,703.53,7.0353,1399.26,695.73,6.8587,-2.693,16.1838,-4.4972,10.3,1,20
CIVB,Financials,SECTOR_FINANCIALS,17,8,9,47.06,1.6206,0.375,446.5,4.465,1166.01,719.51,8.7893,-5.2591,21.0847,-7.7664,14.6,0,17
DFTX,Healthcare,SECTOR_HEALTHCARE,16,7,9,43.75,1.7513,0.3745,624.57,6.2457,1455.86,831.29,24.8686,-12.9247,111.236,-19.2308,22.9,1,15
TBBK,Financials,SECTOR_FINANCIALS,21,11,10,52.38,2.2443,0.3732,733.82,7.3382,1323.55,589.73,8.0255,-4.4236,37.16,-8.8278,10.4,0,21
GTES,Industrials,SECTOR_INDUSTRIALS,19,10,9,52.63,1.7994,0.3722,657.19,6.5719,1479.33,822.14,8.3727,-4.5483,28.7732,-7.86,14.0,1,18
ORRF,Financials,SECTOR_FINANCIALS,13,6,7,46.15,1.8911,0.372,402.25,4.0225,853.64,451.39,9.5208,-3.7289,16.7578,-7.2245,11.4,0,13
EVR,Financials,SECTOR_FINANCIALS,23,12,11,52.17,2.0174,0.3702,743.57,7.4357,1474.43,730.86,8.3142,-4.0721,16.9458,-8.8918,14.1,1,22
PFS,Financials,SECTOR_FINANCIALS,13,7,6,53.85,1.7216,0.37,388.56,3.8856,927.06,538.5,7.8113,-5.4344,16.6211,-6.9867,17.3,0,13
RL,Consumer Discretionary,SECTOR_CONSUMER_DISCRETIONARY,22,10,12,45.45,2.092,0.3689,786.06,7.8606,1505.9,719.84,9.1312,-3.7238,20.8121,-8.7944,12.9,0,22
MOD,Consumer Discretionary,SECTOR_CONSUMER_DISCRETIONARY,32,17,15,53.12,2.1219,0.3648,1283.74,12.8374,2427.98,1144.24,12.2996,-7.3971,37.1697,-14.2643,9.6,1,31
JPM,Financials,SECTOR_FINANCIALS,25,13,12,52.0,2.2636,0.3642,908.47,9.0847,1627.45,718.98,4.8623,-2.6064,15.7972,-5.9181,12.8,0,25
PRCH,Technology,SECTOR_TECHNOLOGY,20,3,17,15.0,1.5854,0.3639,723.66,7.2366,1959.88,1236.22,104.4408,-12.4496,180.2083,-25.0528,13.9,2,18
ARVN,Healthcare,SECTOR_HEALTHCARE,12,4,8,33.33,1.6493,0.3628,480.63,4.8063,1220.82,740.19,48.9145,-11.8318,98.3316,-14.306,27.8,1,11
PLAY,Communication Services,SECTOR_COMMUNICATION_SERVICES,18,8,10,44.44,1.8282,0.3614,658.08,6.5808,1452.68,794.6,16.3285,-7.0968,45.8511,-11.0932,13.8,0,18
SPXC,Industrials,SECTOR_INDUSTRIALS,24,13,11,54.17,2.1785,0.3601,851.57,8.5157,1574.16,722.59,6.9865,-3.938,22.4094,-6.1962,12.7,0,24
DCTH,Healthcare,SECTOR_HEALTHCARE,16,9,7,56.25,2.0813,0.3589,518.42,5.1842,997.84,479.42,13.8132,-7.4215,38.9728,-13.6066,16.4,0,16
ASA,Financials,SECTOR_FINANCIALS,25,12,13,48.0,2.0229,0.3589,953.24,9.5324,1885.1,931.86,9.2554,-4.547,39.2222,-9.3248,12.2,0,25
ROST,Consumer Discretionary,SECTOR_CONSUMER_DISCRETIONARY,21,13,8,61.9,2.1454,0.3578,651.32,6.5132,1219.94,568.62,4.9338,-3.3229,14.9293,-6.4047,17.3,1,20
UTI,Consumer Staples,SECTOR_CONSUMER_STAPLES,20,9,11,45.0,1.701,0.3569,702.8,7.028,1705.36,1002.56,12.9059,-6.5662,35.2129,-12.294,12.1,3,17
RSG,Industrials,SECTOR_INDUSTRIALS,19,11,8,57.89,2.2278,0.3567,639.59,6.3959,1160.52,520.93,3.1114,-1.923,7.1121,-2.941,13.7,0,19
IMNM,Healthcare,SECTOR_HEALTHCARE,16,8,8,50.0,1.8111,0.3563,568.53,5.6853,1269.48,700.95,19.1191,-12.5033,70.6067,-19.8138,13.9,1,15
GHC,Consumer Staples,SECTOR_CONSUMER_STAPLES,21,12,9,57.14,2.0084,0.3542,575.91,5.7591,1147.02,571.11,4.8449,-3.1367,17.4028,-6.0825,11.9,0,21
NN,Technology,SECTOR_TECHNOLOGY,20,6,14,30.0,1.5917,0.3541,673.33,6.7333,1811.21,1137.88,30.2473,-9.96,105.1621,-18.8562,11.9,0,20
NBN,Financials,SECTOR_FINANCIALS,20,10,10,50.0,1.9978,0.354,581.58,5.8158,1164.44,582.86,7.9554,-3.7002,31.5561,-6.2814,11.8,0,20
ICE,Financials,SECTOR_FINANCIALS,23,12,11,52.17,2.1231,0.3537,754.05,7.5405,1425.48,671.43,4.329,-2.208,10.6879,-4.7934,14.7,2,21
CARG,Consumer Discretionary,SECTOR_CONSUMER_DISCRETIONARY,19,10,9,52.63,2.4292,0.3528,650.88,6.5088,1106.29,455.41,7.2129,-3.6212,25.8328,-10.9076,16.2,1,18
ELA,Consumer Discretionary,SECTOR_CONSUMER_DISCRETIONARY,23,13,10,56.52,2.6577,0.352,747.13,7.4713,1197.84,450.71,7.9642,-4.6283,22.6667,-11.6901,16.8,0,23
CVGW,Consumer Staples,SECTOR_CONSUMER_STAPLES,13,6,7,46.15,1.8522,0.3518,481.88,4.8188,1047.32,565.44,11.1034,-5.1817,25.9648,-7.8918,21.4,1,12
VCV,Financials,SECTOR_FINANCIALS,17,6,11,35.29,1.9299,0.351,546.16,5.4616,1133.5,587.34,5.4934,-1.3947,13.7572,-3.1658,16.5,0,17
EXPO,Industrials,SECTOR_INDUSTRIALS,13,9,4,69.23,2.5097,0.3503,444.23,4.4423,738.49,294.26,4.3583,-3.7046,9.8381,-5.6204,17.7,0,13
VIAV,Technology,SECTOR_TECHNOLOGY,21,10,11,47.62,1.6576,0.3499,734.22,7.3422,1850.69,1116.47,11.027,-6.0028,29.0765,-16.0912,16.0,1,20
MAX,Communication Services,SECTOR_COMMUNICATION_SERVICES,18,7,11,38.89,1.9043,0.3496,740.94,7.4094,1560.33,819.39,21.5967,-7.7649,40.1728,-12.4329,19.1,0,18
FTAI,Industrials,SECTOR_INDUSTRIALS,30,12,18,40.0,1.8877,0.3494,920.08,9.2008,1956.53,1036.45,13.3554,-5.624,37.037,-13.4135,13.2,0,30
RS,Materials,SECTOR_MATERIALS,5,4,1,80.0,3.076,0.3487,182.19,1.8219,269.95,87.76,3.0694,-3.7167,7.0222,-3.7167,10.6,0,5
PCVX,Healthcare,SECTOR_HEALTHCARE,22,11,11,50.0,2.1888,0.3481,763.37,7.6337,1405.51,642.14,12.2463,-5.6895,40.6416,-12.2411,12.1,1,21
VTOL,Energy,SECTOR_ENERGY,19,8,11,42.11,1.9224,0.3476,569.88,5.6988,1187.71,617.83,10.3914,-3.621,26.9659,-9.1749,12.6,1,18
ARLO,Industrials,SECTOR_INDUSTRIALS,17,6,11,35.29,1.8081,0.3468,710.76,7.1076,1590.3,879.54,22.3311,-7.0954,64.8039,-15.9123,12.4,2,15
CASH,Financials,SECTOR_FINANCIALS,21,12,9,57.14,2.2605,0.3466,720.26,7.2026,1291.69,571.43,5.7238,-3.4498,19.6018,-7.1378,11.8,0,21
FSTR,Industrials,SECTOR_INDUSTRIALS,21,11,10,52.38,2.0784,0.3454,669.92,6.6992,1291.14,621.22,8.3886,-4.7344,19.7368,-8.4249,10.5,0,21
MATX,Industrials,SECTOR_INDUSTRIALS,18,5,13,27.78,1.7576,0.3449,598.49,5.9849,1388.48,789.99,14.8297,-3.6257,23.9944,-7.0002,11.8,1,17
NGVC,Consumer Staples,SECTOR_CONSUMER_STAPLES,18,8,10,44.44,1.8513,0.3439,616.48,6.1648,1340.63,724.15,11.4421,-5.4778,33.8827,-11.052,15.3,2,16
ALL,Financials,SECTOR_FINANCIALS,16,8,8,50.0,2.5488,0.3422,551.67,5.5167,907.87,356.2,4.8666,-1.9339,23.8544,-3.9131,12.9,0,16
AME,Industrials,SECTOR_INDUSTRIALS,23,11,12,47.83,2.0976,0.3421,759.57,7.5957,1451.61,692.04,5.2647,-2.2377,12.2207,-3.7696,11.0,0,23
STBA,Financials,SECTOR_FINANCIALS,13,5,8,38.46,1.9642,0.342,353.15,3.5315,719.41,366.26,8.7867,-2.6795,22.1956,-6.1768,14.3,0,13
AZZ,Industrials,SECTOR_INDUSTRIALS,21,10,11,47.62,1.9518,0.3417,661.76,6.6176,1357.04,695.28,7.2635,-3.7418,13.1624,-8.1088,17.9,0,21
BTU,Energy,SECTOR_ENERGY,15,6,9,40.0,1.5509,0.3417,383.92,3.8392,1080.77,696.85,18.5155,-5.8527,68.3851,-11.9381,13.6,0,15
IMMX,Healthcare,SECTOR_HEALTHCARE,12,7,5,58.33,2.4664,0.341,368.14,3.6814,619.19,251.05,15.2536,-10.2981,31.3492,-20.1495,11.8,0,12
PPC,Consumer Staples,SECTOR_CONSUMER_STAPLES,18,9,9,50.0,1.9986,0.3394,649.7,6.497,1300.29,650.59,6.1808,-4.1949,24.1561,-6.6432,16.6,1,17
PHAT,Healthcare,SECTOR_HEALTHCARE,14,5,9,35.71,1.8569,0.3389,549.25,5.4925,1190.19,640.94,36.594,-11.4172,87.0213,-19.7841,13.1,1,13
FPF,Financials,SECTOR_FINANCIALS,18,12,6,66.67,2.4094,0.3389,593.29,5.9329,1014.24,420.95,2.2996,-2.0741,12.3582,-3.4727,16.6,2,16
SCSC,Technology,SECTOR_TECHNOLOGY,13,7,6,53.85,1.9041,0.3381,420.15,4.2015,884.85,464.7,8.5761,-4.3399,23.8095,-5.7941,12.0,1,12
MSI,Technology,SECTOR_TECHNOLOGY,25,13,12,52.0,1.9667,0.3378,757.01,7.5701,1540.08,783.07,4.6172,-2.5465,10.8404,-5.8826,12.2,1,24
PM,Consumer Staples,SECTOR_CONSUMER_STAPLES,20,10,10,50.0,1.7493,0.3376,715.78,7.1578,1670.99,955.21,5.7575,-3.5663,18.4253,-8.7431,11.0,0,20
FWRD,Industrials,SECTOR_INDUSTRIALS,14,6,8,42.86,1.5643,0.3374,361.82,3.6182,1002.97,641.15,23.426,-5.2804,80.339,-8.9196,17.7,2,12
RNA,Healthcare,SECTOR_HEALTHCARE,21,9,12,42.86,1.9019,0.3372,734.36,7.3436,1548.56,814.2,21.9774,-8.067,97.5692,-14.0601,14.6,0,21
CROX,Consumer Discretionary,SECTOR_CONSUMER_DISCRETIONARY,16,7,9,43.75,1.7974,0.3369,515.79,5.1579,1162.62,646.83,15.3267,-6.2121,51.134,-11.4992,17.1,0,16
ZURA,Healthcare,SECTOR_HEALTHCARE,7,3,4,42.86,1.6273,0.3361,213.24,2.1324,553.15,339.91,25.6224,-13.9397,64.6288,-20.0632,7.3,1,6
CORT,Healthcare,SECTOR_HEALTHCARE,22,10,12,45.45,1.6695,0.3354,773.3,7.733,1928.39,1155.09,12.7673,-7.4565,31.3015,-22.0091,12.7,0,22
ASAN,Technology,SECTOR_TECHNOLOGY,13,3,10,23.08,1.3388,0.3349,279.53,2.7953,1104.58,825.05,39.911,-8.2613,70.5929,-14.7434,17.3,0,13
IRON,Healthcare,SECTOR_HEALTHCARE,18,5,13,27.78,1.8533,0.3348,584.23,5.8423,1268.87,684.64,31.2133,-6.0806,84.7222,-15.7059,13.7,1,17
LHX,Industrials,SECTOR_INDUSTRIALS,16,7,9,43.75,1.7867,0.3334,515.49,5.1549,1170.78,655.29,7.8594,-2.9393,16.0315,-4.8503,18.8,0,16
ARW,Technology,SECTOR_TECHNOLOGY,18,10,8,55.56,2.1424,0.3331,574.53,5.7453,1077.46,502.93,5.7551,-2.8194,26.7379,-4.7396,12.6,1,17
TER,Technology,SECTOR_TECHNOLOGY,21,9,12,42.86,1.7394,0.3327,592.99,5.9299,1394.95,801.96,12.255,-4.8288,38.393,-11.2074,15.8,3,18
SONO,Technology,SECTOR_TECHNOLOGY,13,6,7,46.15,1.4078,0.3324,418.47,4.1847,1444.7,1026.23,20.252,-9.407,52.3374,-19.4694,25.0,2,11
NAN,Financials,SECTOR_FINANCIALS,14,5,9,35.71,1.8051,0.3322,467.29,4.6729,1047.68,580.39,5.2111,-1.3636,11.1111,-2.6236,16.1,0,14
ATGE,Consumer Staples,SECTOR_CONSUMER_STAPLES,25,11,14,44.0,2.0372,0.3317,836.99,8.3699,1643.99,807.0,10.3764,-3.3899,22.6885,-8.5229,13.4,2,23
GATX,Industrials,SECTOR_INDUSTRIALS,19,10,9,52.63,2.5564,0.3311,538.95,5.3895,885.24,346.29,4.8635,-1.6941,15.8794,-3.9668,13.4,0,19
BK,Financials,SECTOR_FINANCIALS,25,13,12,52.0,2.1289,0.331,787.95,7.8795,1485.94,697.99,5.3538,-2.2907,21.8936,-6.6262,14.3,1,24
OFIX,Healthcare,SECTOR_HEALTHCARE,11,5,6,45.45,1.6219,0.3308,351.69,3.5169,917.19,565.5,14.4333,-7.454,19.1837,-11.9569,32.9,0,11
HII,Industrials,SECTOR_INDUSTRIALS,25,14,11,56.0,2.2598,0.3296,848.62,8.4862,1522.22,673.6,4.8572,-3.4837,15.0947,-7.7675,11.9,0,25
NEM,Materials,SECTOR_MATERIALS,22,12,10,54.55,1.7613,0.3293,742.74,7.4274,1718.3,975.56,8.4302,-5.0438,21.6331,-6.9036,13.4,0,22
STZ,Consumer Staples,SECTOR_CONSUMER_STAPLES,11,5,6,45.45,1.617,0.3282,338.18,3.3818,886.24,548.06,7.1412,-4.1717,15.3563,-6.0464,18.1,2,9
MAIN,Financials,SECTOR_FINANCIALS,25,15,10,60.0,2.2577,0.3244,732.68,7.3268,1315.23,582.55,3.1347,-2.0827,10.0203,-5.5827,12.3,0,25
RYAM,Materials,SECTOR_MATERIALS,20,5,15,25.0,1.6486,0.3232,661.69,6.6169,1681.95,1020.26,37.4516,-6.8411,98.0535,-14.4105,15.5,0,20
NPKI,Energy,SECTOR_ENERGY,19,10,9,52.63,2.5034,0.3228,569.29,5.6929,947.97,378.68,8.2065,-2.6484,24.9191,-6.6486,12.2,0,19
HIVE,Financials,SECTOR_FINANCIALS,16,6,10,37.5,1.6053,0.3226,476.37,4.7637,1263.33,786.96,27.2454,-11.8597,54.3956,-17.771,18.5,2,14
CWH,Consumer Discretionary,SECTOR_CONSUMER_DISCRETIONARY,14,6,8,42.86,1.6872,0.3219,395.19,3.9519,970.26,575.07,14.2799,-5.9722,24.1236,-11.9723,14.9,1,13
FBIZ,Financials,SECTOR_FINANCIALS,16,8,8,50.0,2.226,0.3198,524.14,5.2414,951.67,427.53,6.6789,-3.0858,17.6945,-6.7027,12.1,0,16
ACM,Industrials,SECTOR_INDUSTRIALS,18,7,11,38.89,2.4542,0.3198,595.81,5.9581,1005.52,409.71,7.5945,-1.6493,13.2983,-3.8462,14.6,0,18
PCN,Financials,SECTOR_FINANCIALS,17,8,9,47.06,1.6916,0.3196,454.93,4.5493,1112.76,657.83,2.8514,-1.9848,6.8273,-4.1633,15.8,1,16
UEC,Energy,SECTOR_ENERGY,18,8,10,44.44,1.6612,0.3195,537.38,5.3738,1350.09,812.71,19.0691,-8.7848,38.1215,-13.4815,13.2,0,18
ASMB,Healthcare,SECTOR_HEALTHCARE,12,5,7,41.67,1.9749,0.3193,477.79,4.7779,967.9,490.11,22.1633,-9.4647,56.8696,-13.4163,25.2,0,12
NRIM,Financials,SECTOR_FINANCIALS,19,13,6,68.42,2.2608,0.3193,560.66,5.6066,1005.34,444.68,5.0937,-4.7737,12.8062,-7.3811,11.1,1,18
WGS,Healthcare,SECTOR_HEALTHCARE,18,5,13,27.78,1.6563,0.319,585.4,5.854,1477.42,892.02,64.7029,-11.9726,258.1749,-23.6948,12.2,0,18
PSN,Technology,SECTOR_TECHNOLOGY,27,11,16,40.74,1.8914,0.3186,899.19,8.9919,1907.91,1008.72,8.1129,-2.9343,18.5169,-5.7682,12.7,1,26
DAY,Technology,SECTOR_TECHNOLOGY,16,8,8,50.0,1.9566,0.3183,516.29,5.1629,1056.0,539.71,8.7286,-3.3581,20.3409,-5.6791,19.3,0,16
PLBC,Financials,SECTOR_FINANCIALS,15,7,8,46.67,1.5393,0.3174,345.3,3.453,985.54,640.24,8.6118,-4.9687,20.7333,-9.0382,19.5,0,15
AFRM,Financials,SECTOR_FINANCIALS,19,7,12,36.84,1.8554,0.3166,650.45,6.5045,1410.88,760.43,28.6736,-9.7167,97.1008,-20.1449,15.3,1,18
TDUP,Consumer Discretionary,SECTOR_CONSUMER_DISCRETIONARY,15,4,11,26.67,1.4925,0.3164,505.87,5.0587,1532.93,1027.06,66.3097,-14.4567,143.6242,-22.5515,21.0,2,13
KAI,Industrials,SECTOR_INDUSTRIALS,20,11,9,55.0,2.1371,0.316,555.63,5.5563,1044.26,488.63,5.3593,-3.6218,17.2382,-6.4711,12.5,0,20
FLEX,Technology,SECTOR_TECHNOLOGY,23,9,14,39.13,1.7325,0.3157,641.08,6.4108,1516.22,875.14,12.3142,-3.9755,40.4695,-6.9323,13.2,0,23
DHI,Consumer Discretionary,SECTOR_CONSUMER_DISCRETIONARY,21,7,14,33.33,1.7117,0.3152,592.84,5.9284,1425.78,832.94,12.1657,-3.6606,28.3663,-9.3925,14.8,0,21
UTL,Utilities,SECTOR_UTILITIES,9,5,4,55.56,2.993,0.3144,296.4,2.964,445.12,148.72,3.8734,-1.6973,7.5917,-3.4668,21.2,0,9
CCD,Financials,SECTOR_FINANCIALS,15,7,8,46.67,1.7142,0.3138,365.62,3.6562,877.56,511.94,4.3039,-2.617,10.2697,-5.4897,20.8,1,14
MDB,Technology,SECTOR_TECHNOLOGY,18,6,12,33.33,1.607,0.3138,532.43,5.3243,1409.62,877.19,26.3446,-8.1115,75.3614,-14.3874,18.6,1,17
C,Financials,SECTOR_FINANCIALS,24,12,12,50.0,1.6682,0.3137,603.99,6.0399,1507.95,903.96,6.07,-3.8872,21.3176,-7.5036,13.1,0,24
DIS,Communication Services,SECTOR_COMMUNICATION_SERVICES,15,6,9,40.0,1.6213,0.3124,544.96,5.4496,1422.12,877.16,9.9611,-4.9285,24.1204,-7.8807,17.6,1,14
FSBW,Financials,SECTOR_FINANCIALS,16,8,8,50.0,1.8436,0.3123,430.47,4.3047,940.76,510.29,6.4108,-3.631,16.0959,-6.3064,15.4,0,16
DE,Industrials,SECTOR_INDUSTRIALS,17,11,6,64.71,2.9372,0.3121,553.4,5.534,839.07,285.67,3.887,-2.5438,10.1116,-4.4431,10.5,0,17
TFSL,Financials,SECTOR_FINANCIALS,14,8,6,57.14,2.2119,0.3104,457.3,4.573,834.65,377.35,4.4918,-2.8159,15.0201,-5.3983,14.6,0,14
FDP,Consumer Staples,SECTOR_CONSUMER_STAPLES,18,9,9,50.0,1.6364,0.3103,365.59,3.6559,940.1,574.51,5.6204,-2.832,22.108,-5.4772,12.7,0,18
BBIO,Healthcare,SECTOR_HEALTHCARE,24,7,17,29.17,1.7805,0.3102,671.86,6.7186,1532.72,860.86,25.2183,-5.4983,76.8462,-18.5097,11.0,0,24
CPNG,Consumer Discretionary,SECTOR_CONSUMER_DISCRETIONARY,16,8,8,50.0,2.0611,0.3101,482.31,4.8231,936.85,454.54,7.3266,-4.1791,18.0829,-12.5961,23.8,0,16
CCB,Financials,SECTOR_FINANCIALS,13,6,7,46.15,2.1301,0.3084,356.39,3.5639,671.76,315.37,7.3523,-2.9856,18.7823,-6.0293,10.2,0,13
SAIC,Technology,SECTOR_TECHNOLOGY,23,12,11,52.17,2.0646,0.3076,714.03,7.1403,1384.74,670.71,4.7382,-2.6825,12.1933,-5.3274,12.1,1,22
NPWR,Industrials,SECTOR_INDUSTRIALS,7,2,5,28.57,1.447,0.307,229.39,2.2939,742.57,513.18,35.5367,-18.6013,52.3096,-23.1848,17.3,0,7
EVI,Industrials,SECTOR_INDUSTRIALS,16,8,8,50.0,2.1842,0.3053,554.54,5.5454,1022.83,468.29,14.0571,-6.4639,58.2418,-10.425,11.9,0,16
SGHT,Healthcare,SECTOR_HEALTHCARE,13,6,7,46.15,1.835,0.3051,458.59,4.5859,1007.8,549.21,21.6814,-13.061,55.163,-19.5471,14.2,0,13
NFLX,Communication Services,SECTOR_COMMUNICATION_SERVICES,24,11,13,45.83,1.9515,0.3049,642.76,6.4276,1318.31,675.55,9.2816,-2.611,43.1955,-6.2618,15.0,1,23
GFF,Industrials,SECTOR_INDUSTRIALS,24,7,17,29.17,1.7757,0.303,769.31,7.6931,1761.11,991.8,16.0036,-3.9395,38.3884,-7.5344,11.3,0,24
RBLX,Communication Services,SECTOR_COMMUNICATION_SERVICES,19,5,14,26.32,1.6584,0.3027,495.11,4.9511,1247.14,752.03,21.6563,-6.0347,53.4284,-18.4722,18.5,1,18
PI,Technology,SECTOR_TECHNOLOGY,22,8,14,36.36,1.6577,0.3019,588.66,5.8866,1483.71,895.05,23.3521,-6.1737,87.5321,-11.7199,13.1,2,20
AVGO,Technology,SECTOR_TECHNOLOGY,26,9,17,34.62,2.0105,0.3017,890.83,8.9083,1772.41,881.58,11.9089,-3.3931,28.1793,-8.6412,9.8,0,26
GTLS,Industrials,SECTOR_INDUSTRIALS,24,9,15,37.5,1.8625,0.3008,631.92,6.3192,1364.58,732.66,11.0195,-4.7653,43.4709,-9.7225,13.6,1,23
FCX,Materials,SECTOR_MATERIALS,18,8,10,44.44,1.7486,0.2989,528.72,5.2872,1234.99,706.27,11.2333,-4.8002,38.7788,-9.2326,13.2,0,18
NATR,Consumer Staples,SECTOR_CONSUMER_STAPLES,17,8,9,47.06,2.06,0.2979,494.41,4.9441,960.85,466.44,9.975,-3.6595,18.9732,-8.6134,14.7,0,17
MARA,Financials,SECTOR_FINANCIALS,15,3,12,20.0,1.5626,0.2974,464.35,4.6435,1289.68,825.33,71.1141,-11.8611,141.3043,-21.1234,19.8,1,14
NRDS,Communication Services,SECTOR_COMMUNICATION_SERVICES,16,5,11,31.25,1.5348,0.2963,451.54,4.5154,1295.92,844.38,24.2244,-6.5411,82.9868,-15.9091,13.0,1,15
ALF,Financials,SECTOR_FINANCIALS,12,7,5,58.33,3.214,0.2958,349.5,3.495,507.36,157.86,0.3881,-0.1893,1.1617,-0.5671,8.8,0,12
NTRS,Financials,SECTOR_FINANCIALS,20,8,12,40.0,1.6503,0.2955,514.26,5.1426,1305.07,790.81,8.3025,-3.2655,17.652,-6.5865,14.2,0,20
MNKD,Healthcare,SECTOR_HEALTHCARE,18,9,9,50.0,1.751,0.295,533.72,5.3372,1244.44,710.72,12.7933,-7.247,34.2318,-11.5408,11.9,0,18
KKR,Financials,SECTOR_FINANCIALS,21,10,11,47.62,1.7427,0.295,568.45,5.6845,1333.84,765.39,8.3488,-3.9431,21.1202,-7.8736,17.7,0,21
BX,Financials,SECTOR_FINANCIALS,21,8,13,38.1,1.6558,0.2937,539.69,5.3969,1362.63,822.94,11.2693,-4.3573,21.2078,-9.1369,14.6,1,20
DGICA,Financials,SECTOR_FINANCIALS,19,8,11,42.11,1.8515,0.2936,510.48,5.1048,1110.0,599.52,6.3622,-2.553,19.0072,-4.5663,11.5,1,18
KEX,Industrials,SECTOR_INDUSTRIALS,7,3,4,42.86,1.7365,0.2932,203.11,2.0311,478.87,275.76,7.8299,-3.025,19.8112,-7.5908,11.7,1,6
NGS,Energy,SECTOR_ENERGY,18,6,12,33.33,1.8976,0.2925,556.05,5.5605,1175.52,619.47,14.296,-3.9426,26.3383,-7.9524,11.3,1,17
ATRO,Industrials,SECTOR_INDUSTRIALS,25,10,15,40.0,1.6879,0.2917,744.22,7.4422,1826.16,1081.94,14.6038,-6.227,44.3121,-10.5333,12.4,0,25
BPOP,Financials,SECTOR_FINANCIALS,17,9,8,52.94,2.1758,0.2902,501.25,5.0125,927.54,426.29,5.3939,-3.3133,15.8259,-7.5044,12.9,0,17
CAF,Financials,SECTOR_FINANCIALS,19,8,11,42.11,1.509,0.289,455.08,4.5508,1349.21,894.13,5.5225,-2.4336,16.5211,-4.2153,14.3,1,18
UNFI,Consumer Staples,SECTOR_CONSUMER_STAPLES,18,8,10,44.44,1.735,0.2887,558.57,5.5857,1318.51,759.94,11.9247,-5.7943,36.7424,-9.5268,10.4,2,16
PLOW,Consumer Discretionary,SECTOR_CONSUMER_DISCRETIONARY,17,9,8,52.94,1.6283,0.2875,479.88,4.7988,1243.68,763.8,7.623,-5.3136,22.8978,-6.0059,18.8,2,15
FOX,Communication Services,SECTOR_COMMUNICATION_SERVICES,23,11,12,47.83,1.9523,0.2873,681.49,6.8149,1397.14,715.65,4.9118,-2.8353,10.2893,-8.9213,14.7,0,23
AGM,Financials,SECTOR_FINANCIALS,23,9,14,39.13,1.7603,0.2868,556.05,5.5605,1287.39,731.34,7.8623,-3.0443,14.6182,-6.2598,12.3,0,23
LIFE,Financials,SECTOR_FINANCIALS,12,5,7,41.67,1.2811,0.2864,165.43,1.6543,754.04,588.61,21.4963,-10.9254,43.1925,-15.5751,15.1,1,11
RMT,Financials,SECTOR_FINANCIALS,18,8,10,44.44,1.8163,0.2863,430.78,4.3078,958.51,527.73,5.4227,-2.0631,13.6309,-5.3333,18.1,1,17
DLTR,Consumer Staples,SECTOR_CONSUMER_STAPLES,13,5,8,38.46,1.5194,0.2861,309.47,3.0947,905.3,595.83,12.6765,-4.7958,17.7684,-11.2506,20.6,0,13
STX,Technology,SECTOR_TECHNOLOGY,27,11,16,40.74,1.5,0.286,609.71,6.0971,1829.03,1219.32,13.618,-4.8316,57.0652,-9.9492,11.0,0,27
BCC,Materials,SECTOR_MATERIALS,20,9,11,45.0,1.8625,0.2857,547.49,5.4749,1182.28,634.79,7.7435,-4.017,32.1319,-8.5627,12.3,0,20
INVA,Healthcare,SECTOR_HEALTHCARE,17,7,10,41.18,1.8109,0.2855,502.16,5.0216,1121.4,619.24,6.7931,-2.9274,13.6872,-5.4927,13.1,0,17
UNTY,Financials,SECTOR_FINANCIALS,15,7,8,46.67,1.9099,0.2851,405.19,4.0519,850.5,445.31,6.7688,-3.5842,14.8863,-7.4747,13.6,0,15
ENTA,Healthcare,SECTOR_HEALTHCARE,9,4,5,44.44,1.5431,0.2848,312.79,3.1279,888.76,575.97,26.4251,-16.1471,49.0337,-31.7879,45.9,1,8
TXG,Healthcare,SECTOR_HEALTHCARE,13,4,9,30.77,1.496,0.2836,368.2,3.682,1110.54,742.34,31.8958,-10.6443,67.0046,-16.2853,24.5,1,12
SMG,Materials,SECTOR_MATERIALS,15,6,9,40.0,1.6149,0.2836,451.54,4.5154,1185.91,734.37,15.5447,-6.2521,39.9255,-11.1702,16.6,2,13
WM,Industrials,SECTOR_INDUSTRIALS,15,5,10,33.33,1.9825,0.2835,421.56,4.2156,850.61,429.05,4.5633,-1.3935,14.3531,-3.0574,11.6,0,15
SSRM,Materials,SECTOR_MATERIALS,17,7,10,41.18,1.5561,0.2833,493.07,4.9307,1379.79,886.72,15.5661,-8.0429,53.2728,-10.6224,16.7,1,16
SBSI,Financials,SECTOR_FINANCIALS,13,5,8,38.46,1.8435,0.2833,431.49,4.3149,943.05,511.56,8.5459,-3.4636,14.7279,-5.0027,12.1,0,13
KALU,Materials,SECTOR_MATERIALS,19,7,12,36.84,1.7267,0.2827,584.11,5.8411,1387.89,803.78,16.4922,-4.9811,28.9437,-9.1739,13.6,0,19
GL,Financials,SECTOR_FINANCIALS,10,4,6,40.0,1.9585,0.2826,292.26,2.9226,597.18,304.92,7.7899,-2.1047,19.7739,-4.5077,11.0,0,10
PNFP,Financials,SECTOR_FINANCIALS,15,6,9,40.0,1.7707,0.2824,487.47,4.8747,1119.94,632.47,13.2221,-4.3814,36.7893,-6.6277,20.4,0,15
VTRS,Healthcare,SECTOR_HEALTHCARE,16,6,10,37.5,1.6716,0.2821,414.58,4.1458,1031.92,617.34,9.3293,-3.8735,19.0427,-7.9735,15.1,0,16
FUL,Materials,SECTOR_MATERIALS,16,10,6,62.5,2.1149,0.2814,434.78,4.3478,824.75,389.97,4.3104,-2.9481,8.3188,-5.0659,14.2,0,16
OVV,Energy,SECTOR_ENERGY,14,6,8,42.86,1.8617,0.2811,418.7,4.187,904.59,485.89,8.9404,-3.9936,22.162,-9.0647,13.3,0,14
AIR,Industrials,SECTOR_INDUSTRIALS,22,12,10,54.55,2.0533,0.2802,656.45,6.5645,1279.68,623.23,6.077,-3.2466,18.1899,-9.3116,12.6,0,22
QBTS,Technology,SECTOR_TECHNOLOGY,16,4,12,25.0,1.4487,0.2787,483.83,4.8383,1562.15,1078.32,58.5988,-17.9185,82.966,-24.6512,14.2,1,15
RVMD,Healthcare,SECTOR_HEALTHCARE,20,8,12,40.0,1.8238,0.2783,570.16,5.7016,1262.3,692.14,13.6977,-5.3972,61.9147,-9.4377,12.6,0,20
CSX,Industrials,SECTOR_INDUSTRIALS,18,9,9,50.0,1.8418,0.2771,515.3,5.153,1127.44,612.14,5.1657,-2.6773,11.3071,-4.2914,14.9,1,17
WMT,Consumer Staples,SECTOR_CONSUMER_STAPLES,31,18,13,58.06,2.0046,0.2768,905.8,9.058,1807.49,901.69,3.3116,-2.3824,10.362,-5.955,12.1,1,30
OIS,Energy,SECTOR_ENERGY,16,9,7,56.25,2.0269,0.2763,413.62,4.1362,816.41,402.79,8.5961,-4.6008,29.7505,-8.3869,17.1,0,16
PUMP,Energy,SECTOR_ENERGY,14,6,8,42.86,1.5771,0.2761,403.47,4.0347,1102.56,699.09,18.1362,-7.7535,49.6051,-10.4708,12.1,0,14
OII,Energy,SECTOR_ENERGY,20,9,11,45.0,1.5348,0.2759,466.46,4.6646,1338.61,872.15,13.7898,-6.2997,45.5084,-12.3788,13.2,0,20
SFBS,Financials,SECTOR_FINANCIALS,12,4,8,33.33,1.4933,0.2746,269.29,2.6929,815.19,545.9,15.3864,-4.5927,39.5541,-7.0964,19.8,1,11
JBL,Technology,SECTOR_TECHNOLOGY,27,10,17,37.04,1.6516,0.2739,708.43,7.0843,1795.72,1087.29,11.8138,-3.7705,49.2589,-9.3891,11.1,0,27
ULTA,Consumer Discretionary,SECTOR_CONSUMER_DISCRETIONARY,15,7,8,46.67,1.5896,0.2727,414.54,4.1454,1117.68,703.14,8.8873,-5.2462,20.3558,-11.9835,13.3,0,15
NFBK,Financials,SECTOR_FINANCIALS,13,4,9,30.77,1.6207,0.2725,318.05,3.1805,830.42,512.37,14.136,-3.4531,23.8095,-7.211,16.8,0,13
GYRE,Healthcare,SECTOR_HEALTHCARE,14,5,9,35.71,1.3942,0.272,409.42,4.0942,1448.0,1038.58,56.7199,-16.752,121.7391,-56.25,16.9,1,13
NWFL,Financials,SECTOR_FINANCIALS,15,7,8,46.67,1.7831,0.2718,362.5,3.625,825.42,462.92,5.5676,-3.9257,15.9292,-8.133,14.4,0,15
SMBC,Financials,SECTOR_FINANCIALS,14,7,7,50.0,1.525,0.2713,281.29,2.8129,817.08,535.79,8.0845,-4.4694,25.3268,-5.7341,12.2,0,14
RTX,Industrials,SECTOR_INDUSTRIALS,21,8,13,38.1,1.8858,0.2701,614.24,6.1424,1307.67,693.43,6.4394,-1.9987,14.8456,-3.9115,13.8,0,21
SXI,Industrials,SECTOR_INDUSTRIALS,23,9,14,39.13,1.8414,0.2698,665.24,6.6524,1455.86,790.62,8.906,-3.0791,25.9927,-4.8588,11.3,0,23
SHBI,Financials,SECTOR_FINANCIALS,13,6,7,46.15,1.5886,0.2689,297.85,2.9785,803.9,506.05,8.3558,-4.3234,20.4301,-6.7991,14.3,0,13
MDXG,Healthcare,SECTOR_HEALTHCARE,14,6,8,42.86,1.4658,0.2688,302.16,3.0216,950.84,648.68,16.444,-7.0949,35.4046,-12.6822,18.9,0,14
FLYW,Technology,SECTOR_TECHNOLOGY,14,4,10,28.57,1.5479,0.2683,330.72,3.3072,934.36,603.64,20.5596,-5.4621,35.8663,-13.9085,21.1,2,12
RDW,Industrials,SECTOR_INDUSTRIALS,21,10,11,47.62,1.7259,0.2679,615.04,6.1504,1462.31,847.27,18.3442,-10.2572,53.9823,-17.4757,11.1,1,20
MRNA,Healthcare,SECTOR_HEALTHCARE,12,4,8,33.33,1.3497,0.2678,233.46,2.3346,901.05,667.59,27.1474,-9.6723,59.9637,-14.9894,21.0,0,12
AXGN,Healthcare,SECTOR_HEALTHCARE,18,8,10,44.44,1.6435,0.2662,520.21,5.2021,1328.64,808.43,17.4487,-9.0529,31.117,-14.7749,18.2,1,17
OPK,Healthcare,SECTOR_HEALTHCARE,10,6,4,60.0,1.6867,0.2637,271.64,2.7164,667.21,395.57,13.2951,-9.8338,51.5152,-20.2614,23.7,0,10
KMT,Industrials,SECTOR_INDUSTRIALS,14,6,8,42.86,1.6548,0.2631,357.24,3.5724,902.81,545.57,8.8397,-3.7755,18.3784,-8.8649,18.5,0,14
DDOG,Technology,SECTOR_TECHNOLOGY,16,8,8,50.0,1.9008,0.2621,418.94,4.1894,884.04,465.1,8.8725,-5.8272,22.319,-13.6782,13.4,0,16
RYTM,Healthcare,SECTOR_HEALTHCARE,26,7,19,26.92,1.3132,0.2617,410.0,4.1,1719.02,1309.02,44.3588,-8.1373,250.9464,-20.6706,9.9,1,25
CDZI,Utilities,SECTOR_UTILITIES,19,6,13,31.58,1.618,0.2613,541.22,5.4122,1417.04,875.82,32.6618,-8.3389,93.0876,-12.9221,13.5,1,18
TVTX,Healthcare,SECTOR_HEALTHCARE,15,7,8,46.67,1.4592,0.2612,359.64,3.5964,1142.81,783.17,17.3869,-10.8363,29.5079,-15.2141,20.8,1,14
BYRN,Industrials,SECTOR_INDUSTRIALS,19,10,9,52.63,1.6009,0.2611,478.74,4.7874,1275.38,796.64,16.9554,-11.3652,38.9499,-14.3451,16.5,0,19
AEHR,Technology,SECTOR_TECHNOLOGY,21,6,15,28.57,1.5754,0.2595,564.74,5.6474,1546.26,981.52,34.2304,-8.4993,95.338,-14.9937,11.6,0,21
NTRA,Healthcare,SECTOR_HEALTHCARE,24,8,16,33.33,1.7622,0.2593,568.61,5.6861,1314.64,746.03,13.6428,-4.7102,26.9248,-15.3529,13.3,0,24
MLM,Materials,SECTOR_MATERIALS,23,11,12,47.83,1.7389,0.2591,543.29,5.4329,1278.58,735.29,6.3006,-3.2284,13.836,-6.654,11.2,2,21
WRBY,Healthcare,SECTOR_HEALTHCARE,20,9,11,45.0,1.5823,0.2566,435.11,4.3511,1182.34,747.23,13.5047,-5.7236,24.4604,-9.3225,9.2,0,20
ATEC,Healthcare,SECTOR_HEALTHCARE,22,9,13,40.91,1.5445,0.2558,487.8,4.878,1383.67,895.87,16.508,-5.6476,36.0265,-10.7123,14.9,1,21
SPHR,Communication Services,SECTOR_COMMUNICATION_SERVICES,24,11,13,45.83,1.7089,0.2549,613.76,6.1376,1479.6,865.84,11.8171,-5.9558,24.7147,-10.3915,11.0,0,24
PZZA,Consumer Discretionary,SECTOR_CONSUMER_DISCRETIONARY,9,5,4,55.56,1.7504,0.2533,242.75,2.4275,566.24,323.49,8.6522,-6.5422,18.1731,-8.6528,33.7,0,9
WFC,Financials,SECTOR_FINANCIALS,22,10,12,45.45,1.7655,0.2531,531.26,5.3126,1225.25,693.99,6.0913,-2.8523,14.0121,-7.3156,14.3,0,22
TPG,Financials,SECTOR_FINANCIALS,16,5,11,31.25,1.4838,0.2527,310.73,3.1073,953.04,642.31,13.9267,-3.4573,29.1667,-7.1127,12.1,0,16
BKSY,Industrials,SECTOR_INDUSTRIALS,19,9,10,47.37,1.341,0.2525,337.88,3.3788,1328.72,990.84,23.2483,-13.6337,69.6552,-22.7083,10.9,1,18
DINO,Energy,SECTOR_ENERGY,12,3,9,25.0,1.566,0.2524,320.12,3.2012,885.7,565.58,19.4594,-4.0524,29.9637,-7.2092,11.9,0,12
USFD,Consumer Staples,SECTOR_CONSUMER_STAPLES,26,10,16,38.46,1.5984,0.2514,573.62,5.7362,1532.24,958.62,7.5179,-2.8778,18.607,-6.3951,11.5,0,26
TXNM,Utilities,SECTOR_UTILITIES,15,8,7,53.33,1.6538,0.2514,309.02,3.0902,781.65,472.63,2.5949,-1.8449,4.987,-4.2645,12.5,1,14
CARR,Industrials,SECTOR_INDUSTRIALS,19,8,11,42.11,1.7702,0.2509,566.76,5.6676,1302.6,735.84,8.3789,-3.2442,30.3023,-6.4185,12.9,0,19
MELI,Consumer Discretionary,SECTOR_CONSUMER_DISCRETIONARY,19,7,12,36.84,1.5258,0.2499,528.0,5.28,1532.24,1004.24,16.6039,-5.0641,54.2384,-13.8065,16.6,0,19
CTS,Technology,SECTOR_TECHNOLOGY,12,6,6,50.0,1.4799,0.2498,258.85,2.5885,798.27,539.42,6.9257,-4.8934,12.4453,-7.7879,11.1,0,12
CRMD,Healthcare,SECTOR_HEALTHCARE,17,8,9,47.06,1.466,0.2495,368.03,3.6803,1157.75,789.72,18.6415,-10.1915,43.9481,-25.5583,14.4,0,17
IBCP,Financials,SECTOR_FINANCIALS,18,9,9,50.0,1.5704,0.2494,371.01,3.7101,1021.4,650.39,6.9349,-4.1881,13.8482,-6.87,12.5,0,18
EAT,Consumer Discretionary,SECTOR_CONSUMER_DISCRETIONARY,27,8,19,29.63,1.4451,0.2492,529.1,5.291,1717.91,1188.81,17.633,-5.5561,63.8114,-12.2236,11.4,0,27
PFBC,Financials,SECTOR_FINANCIALS,16,9,7,56.25,2.3453,0.2482,364.68,3.6468,635.76,271.08,5.1114,-1.7735,30.4365,-2.9369,11.5,1,15
MEGI,Financials,SECTOR_FINANCIALS,13,6,7,46.15,2.0784,0.246,399.13,3.9913,769.26,370.13,4.0312,-1.8452,11.5096,-3.6844,10.9,0,13
APH,Technology,SECTOR_TECHNOLOGY,28,14,14,50.0,1.6614,0.2456,702.42,7.0242,1764.47,1062.05,6.9665,-3.6975,41.8184,-9.0012,12.0,0,28
FTI,Energy,SECTOR_ENERGY,27,13,14,48.15,1.7548,0.2455,703.76,7.0376,1636.09,932.33,7.714,-4.6639,22.8882,-7.3203,10.9,0,27
LBRDA,Communication Services,SECTOR_COMMUNICATION_SERVICES,12,4,8,33.33,1.1978,0.2455,144.9,1.449,877.32,732.42,14.3305,-5.136,36.6946,-7.2479,15.0,1,11
DOW,Materials,SECTOR_MATERIALS,12,6,6,50.0,1.7181,0.2449,302.39,3.0239,723.47,421.08,6.7121,-4.0818,22.9167,-7.5498,16.0,0,12
ANNX,Healthcare,SECTOR_HEALTHCARE,15,6,9,40.0,1.5226,0.2445,411.59,4.1159,1199.17,787.58,32.6831,-13.5519,78.3673,-44.9416,28.0,2,13
PR,Energy,SECTOR_ENERGY,7,4,3,57.14,1.4932,0.2435,151.72,1.5172,459.36,307.64,7.6666,-5.4394,12.7184,-7.4526,13.4,0,7
VLY,Financials,SECTOR_FINANCIALS,16,8,8,50.0,1.7866,0.2426,406.45,4.0645,923.2,516.75,7.6135,-4.3608,20.4082,-10.8505,18.8,1,15
SCHW,Financials,SECTOR_FINANCIALS,25,13,12,52.0,1.6779,0.2425,508.12,5.0812,1257.65,749.53,5.8573,-3.0215,20.5644,-7.0859,12.0,2,23
SLNO,Healthcare,SECTOR_HEALTHCARE,15,5,10,33.33,1.4304,0.2421,256.02,2.5602,850.83,594.81,37.3189,-6.3565,124.0,-11.4895,14.2,0,15
FOLD,Healthcare,SECTOR_HEALTHCARE,21,8,13,38.1,1.5358,0.2409,508.53,5.0853,1457.72,949.19,15.4421,-5.8146,45.1679,-10.9782,11.8,1,20
CHEF,Consumer Staples,SECTOR_CONSUMER_STAPLES,14,7,7,50.0,1.8182,0.2409,362.21,3.6221,804.92,442.71,7.9475,-3.9882,17.0631,-6.5827,12.7,0,14
TCPC,Financials,SECTOR_FINANCIALS,11,5,6,45.45,1.4365,0.2405,202.8,2.028,667.43,464.63,6.1388,-3.955,17.5522,-6.6065,22.2,1,10
FFC,Financials,SECTOR_FINANCIALS,16,7,9,43.75,1.6079,0.2397,397.95,3.9795,1052.61,654.66,3.8897,-2.2015,9.2777,-4.3782,14.1,1,15
AL,Industrials,SECTOR_INDUSTRIALS,20,9,11,45.0,1.6981,0.239,450.01,4.5001,1094.61,644.6,7.1019,-3.25,19.6095,-8.6732,13.9,0,20
CNX,Energy,SECTOR_ENERGY,19,9,10,47.37,1.6178,0.2387,431.24,4.3124,1129.27,698.03,6.5978,-4.5702,19.6491,-8.8976,11.6,1,18
WSFS,Financials,SECTOR_FINANCIALS,19,8,11,42.11,1.8509,0.237,461.31,4.6131,1003.43,542.12,8.0038,-2.8841,15.901,-6.582,11.9,0,19
JOBY,Industrials,SECTOR_INDUSTRIALS,17,5,12,29.41,1.4372,0.2363,405.47,4.0547,1332.82,927.35,31.2807,-9.726,70.202,-17.3001,18.2,0,17
PCAR,Industrials,SECTOR_INDUSTRIALS,23,8,15,34.78,1.5274,0.2361,570.58,5.7058,1652.54,1081.96,9.0155,-3.5685,17.3525,-9.8785,13.6,0,23
BKKT,Technology,SECTOR_TECHNOLOGY,13,3,10,23.08,1.4036,0.235,346.93,3.4693,1206.47,859.54,69.8207,-16.0905,115.9365,-24.7591,16.5,1,12
IONS,Healthcare,SECTOR_HEALTHCARE,15,6,9,40.0,1.7153,0.2345,336.12,3.3612,806.0,469.88,10.178,-3.3951,22.1261,-6.0426,11.7,0,15
WS,Materials,SECTOR_MATERIALS,5,2,3,40.0,1.5068,0.2343,113.68,1.1368,337.97,224.29,14.2492,-4.5339,21.3577,-6.392,16.8,0,5
FHI,Financials,SECTOR_FINANCIALS,24,11,13,45.83,1.8299,0.2337,529.05,5.2905,1166.51,637.46,4.1989,-2.0865,11.6924,-4.4942,11.5,0,24
PBI,Industrials,SECTOR_INDUSTRIALS,18,6,12,33.33,1.5855,0.2336,392.2,3.922,1062.08,669.88,15.6706,-4.6539,49.4949,-9.4241,15.1,1,17
CTGO,Materials,SECTOR_MATERIALS,16,6,10,37.5,1.5679,0.2333,397.72,3.9772,1098.03,700.31,18.5954,-6.5247,60.8065,-9.8057,12.4,1,15
GS,Financials,SECTOR_FINANCIALS,24,12,12,50.0,1.475,0.2333,424.34,4.2434,1317.68,893.34,6.8103,-3.7482,15.2359,-6.0119,14.0,0,24
APO,Financials,SECTOR_FINANCIALS,28,10,18,35.71,1.7631,0.2331,672.8,6.728,1554.51,881.71,9.3301,-3.0809,22.5376,-8.3264,10.3,0,28
MHK,Consumer Discretionary,SECTOR_CONSUMER_DISCRETIONARY,16,8,8,50.0,1.5249,0.2324,381.67,3.8167,1108.83,727.16,8.3502,-6.3778,19.7641,-9.4403,13.4,0,16
BKR,Energy,SECTOR_ENERGY,20,7,13,35.0,1.7981,0.2323,485.34,4.8534,1093.47,608.13,8.2607,-2.4848,10.9523,-5.0648,11.6,0,20
LWAY,Consumer Staples,SECTOR_CONSUMER_STAPLES,19,9,10,47.37,1.4489,0.2317,393.95,3.9395,1271.46,877.51,15.386,-8.577,38.5445,-21.52,11.4,0,19
OKE,Energy,SECTOR_ENERGY,20,8,12,40.0,1.6475,0.2307,506.28,5.0628,1288.18,781.9,6.7387,-2.7721,11.2595,-4.4588,11.6,1,19
MYRG,Industrials,SECTOR_INDUSTRIALS,23,11,12,47.83,1.6782,0.2302,488.53,4.8853,1208.85,720.32,8.2431,-3.6629,28.8596,-6.5582,10.7,0,23
GDDY,Technology,SECTOR_TECHNOLOGY,22,8,14,36.36,1.4035,0.2301,404.09,4.0409,1405.54,1001.45,8.7843,-3.2583,20.5316,-6.5527,11.3,0,22
LVS,Consumer Discretionary,SECTOR_CONSUMER_DISCRETIONARY,19,8,11,42.11,1.5659,0.2291,441.32,4.4132,1221.11,779.79,9.6727,-4.9318,29.4943,-13.1751,13.5,2,17
EXE,Energy,SECTOR_ENERGY,16,7,9,43.75,1.7826,0.2288,363.58,3.6358,828.13,464.55,6.7246,-2.7398,12.2311,-5.2441,15.4,1,15
LYEL,Healthcare,SECTOR_HEALTHCARE,11,4,7,36.36,1.3726,0.2277,211.69,2.1169,779.8,568.11,33.9259,-14.8524,55.576,-19.4173,23.3,2,9
SRCE,Financials,SECTOR_FINANCIALS,18,9,9,50.0,1.6031,0.2275,326.97,3.2697,869.14,542.17,4.8981,-3.1072,11.446,-6.0468,11.3,0,18
PTGX,Healthcare,SECTOR_HEALTHCARE,22,8,14,36.36,1.6853,0.2271,527.41,5.2741,1297.02,769.61,15.8693,-5.5876,75.9009,-14.9122,12.3,1,21
FAF,Financials,SECTOR_FINANCIALS,17,7,10,41.18,1.6364,0.2268,414.73,4.1473,1066.4,651.67,7.5524,-3.0191,21.9936,-6.4892,16.2,0,17
TMO,Healthcare,SECTOR_HEALTHCARE,18,9,9,50.0,2.0732,0.2267,408.01,4.0801,788.18,380.17,4.8013,-2.2303,10.5476,-4.1057,13.6,0,18
FNB,Financials,SECTOR_FINANCIALS,20,9,11,45.0,1.5754,0.2262,448.83,4.4883,1228.89,780.06,7.5612,-3.3971,17.0859,-5.3516,14.1,0,20
PIPR,Financials,SECTOR_FINANCIALS,23,9,14,39.13,1.3924,0.2252,354.49,3.5449,1257.86,903.37,9.8165,-3.9992,28.0217,-7.9918,14.4,0,23
LASR,Technology,SECTOR_TECHNOLOGY,22,6,16,27.27,1.4082,0.2249,542.52,5.4252,1871.72,1329.2,30.834,-7.7442,108.4337,-16.1585,11.2,0,22
SEIC,Financials,SECTOR_FINANCIALS,23,10,13,43.48,1.6273,0.2245,500.2,5.002,1297.58,797.38,5.578,-2.6872,16.3411,-5.5148,12.4,0,23
CRVS,Healthcare,SECTOR_HEALTHCARE,22,6,16,27.27,1.4391,0.2243,500.49,5.0049,1640.26,1139.77,39.6231,-10.5852,73.913,-18.2092,8.6,0,22
NET,Technology,SECTOR_TECHNOLOGY,19,7,12,36.84,1.5049,0.2243,387.11,3.8711,1153.79,766.68,14.7053,-5.7796,28.669,-14.489,11.8,0,19
INNV,Healthcare,SECTOR_HEALTHCARE,8,3,5,37.5,1.3446,0.2242,142.67,1.4267,556.7,414.03,29.039,-11.217,32.5714,-14.7933,26.8,0,8
FEIM,Technology,SECTOR_TECHNOLOGY,21,7,14,33.33,1.4692,0.2241,419.2,4.192,1312.67,893.47,18.0966,-6.0164,45.5836,-10.5781,10.6,0,21
AGL,Healthcare,SECTOR_HEALTHCARE,9,4,5,44.44,1.4116,0.2238,204.58,2.0458,701.63,497.05,24.4573,-10.7605,79.4239,-15.5809,21.3,1,8
LRCX,Technology,SECTOR_TECHNOLOGY,27,12,15,44.44,1.4714,0.2238,523.38,5.2338,1633.76,1110.38,9.8523,-5.3288,23.4935,-9.6063,12.3,0,27
MIR,Industrials,SECTOR_INDUSTRIALS,18,7,11,38.89,1.3737,0.2236,397.32,3.9732,1460.57,1063.25,16.4269,-7.0502,28.4217,-10.4064,15.3,0,18
EXLS,Technology,SECTOR_TECHNOLOGY,12,8,4,66.67,1.5965,0.223,212.89,2.1289,569.79,356.9,3.2641,-4.5324,6.9701,-6.2667,12.1,0,12
HUBS,Technology,SECTOR_TECHNOLOGY,17,7,10,41.18,1.6951,0.2229,407.22,4.0722,993.03,585.81,11.0896,-6.0518,35.6982,-12.5858,14.6,1,16
GPCR,Healthcare,SECTOR_HEALTHCARE,7,3,4,42.86,1.4617,0.2224,150.49,1.5049,476.47,325.98,18.0392,-11.8516,33.8941,-14.8626,16.7,0,7
AEF,Financials,SECTOR_FINANCIALS,21,10,11,47.62,1.6873,0.2218,478.77,4.7877,1175.41,696.64,4.4643,-2.1393,14.0496,-3.9359,13.3,0,21
TMUS,Communication Services,SECTOR_COMMUNICATION_SERVICES,15,6,9,40.0,1.6811,0.2201,352.34,3.5234,869.65,517.31,5.4217,-2.0674,9.1133,-4.2592,10.5,0,15
IEX,Industrials,SECTOR_INDUSTRIALS,18,8,10,44.44,1.652,0.2198,462.69,4.6269,1172.33,709.64,5.8635,-3.2601,11.3082,-6.0557,16.4,1,17
TCBX,Financials,SECTOR_FINANCIALS,19,8,11,42.11,1.4711,0.2197,273.02,2.7302,852.51,579.49,8.9978,-3.3608,27.1919,-5.9076,12.4,0,19
LRN,Consumer Staples,SECTOR_CONSUMER_STAPLES,19,11,8,57.89,1.3068,0.2197,339.27,3.3927,1445.15,1105.88,9.326,-8.6248,26.8337,-44.2821,12.7,1,18
UNP,Industrials,SECTOR_INDUSTRIALS,14,6,8,42.86,1.8983,0.2191,339.76,3.3976,717.99,378.23,4.4298,-1.8843,10.9279,-5.0756,14.1,0,14
WABC,Financials,SECTOR_FINANCIALS,13,8,5,61.54,1.7282,0.2187,279.13,2.7913,662.47,383.34,4.7028,-4.0826,17.1894,-5.9577,16.4,1,12
AN,Consumer Discretionary,SECTOR_CONSUMER_DISCRETIONARY,17,10,7,58.82,1.6647,0.2184,343.92,3.4392,861.35,517.43,5.2235,-4.4489,19.9694,-8.6546,14.0,0,17
MG,Industrials,SECTOR_INDUSTRIALS,20,11,9,55.0,1.5302,0.2182,364.69,3.6469,1052.57,687.88,7.4397,-5.9135,25.9934,-9.9029,16.0,1,19
FBNC,Financials,SECTOR_FINANCIALS,17,6,11,35.29,1.3648,0.2181,273.89,2.7389,1024.76,750.87,11.0307,-4.1955,26.1305,-8.1185,14.1,0,17
DAKT,Technology,SECTOR_TECHNOLOGY,25,12,13,48.0,1.5502,0.2171,526.58,5.2658,1483.59,957.01,10.8551,-5.8703,19.7059,-11.7664,11.6,1,24
LDOS,Technology,SECTOR_TECHNOLOGY,24,11,13,45.83,1.4855,0.2169,484.52,4.8452,1482.56,998.04,5.672,-3.1561,15.6325,-10.6885,12.0,1,23
TXRH,Consumer Discretionary,SECTOR_CONSUMER_DISCRETIONARY,25,7,18,28.0,1.6414,0.2163,587.81,5.8781,1504.32,916.51,10.4459,-2.6246,17.5143,-7.5129,10.9,0,25
OGN,Healthcare,SECTOR_HEALTHCARE,12,4,8,33.33,1.3496,0.216,230.81,2.3081,891.11,660.3,16.3016,-5.1864,34.9352,-7.4696,18.2,2,10
MCO,Financials,SECTOR_FINANCIALS,21,10,11,47.62,1.6246,0.2155,424.83,4.2483,1104.97,680.14,5.7923,-2.5197,19.6484,-5.0785,14.4,0,21
TDG,Industrials,SECTOR_INDUSTRIALS,24,13,11,54.17,1.7241,0.2155,470.32,4.7032,1119.88,649.56,4.9742,-3.75,12.8498,-6.1489,11.0,0,24
HNRG,Energy,SECTOR_ENERGY,12,6,6,50.0,1.5152,0.215,275.94,2.7594,811.51,535.57,16.153,-9.7694,37.2581,-18.0381,11.8,1,11
URBN,Consumer Discretionary,SECTOR_CONSUMER_DISCRETIONARY,21,7,14,33.33,1.5692,0.2148,476.87,4.7687,1314.7,837.83,13.3393,-4.2967,48.0749,-9.5611,11.6,0,21
HQH,Financials,SECTOR_FINANCIALS,14,6,8,42.86,1.5446,0.2145,338.15,3.3815,959.02,620.87,4.533,-3.0007,8.6806,-4.7856,17.2,0,14
AMG,Financials,SECTOR_FINANCIALS,24,9,15,37.5,1.6153,0.2137,443.64,4.4364,1164.61,720.97,7.6412,-2.402,26.554,-9.5189,10.6,1,23
GRND,Technology,SECTOR_TECHNOLOGY,12,6,6,50.0,1.5559,0.2136,224.03,2.2403,627.02,402.99,9.5547,-4.6725,26.2594,-7.8736,14.1,0,12
QTWO,Technology,SECTOR_TECHNOLOGY,18,9,9,50.0,1.6461,0.2135,375.64,3.7564,957.0,581.36,7.5402,-5.6545,27.8942,-12.692,17.3,0,18
TROX,Materials,SECTOR_MATERIALS,14,6,8,42.86,1.5469,0.2131,317.35,3.1735,897.66,580.31,16.4742,-6.8021,51.8797,-14.0307,18.6,1,13
CL,Consumer Staples,SECTOR_CONSUMER_STAPLES,22,12,10,54.55,1.6966,0.213,522.29,5.2229,1272.05,749.76,3.3536,-2.4864,10.1098,-3.8488,12.1,1,21
ROKU,Communication Services,SECTOR_COMMUNICATION_SERVICES,15,6,9,40.0,1.6246,0.2126,349.04,3.4904,907.82,558.78,15.9763,-5.8448,38.6289,-10.7213,18.5,0,15
LPTH,Technology,SECTOR_TECHNOLOGY,22,8,14,36.36,1.4009,0.2123,424.75,4.2475,1484.26,1059.51,24.0258,-9.4681,76.5027,-18.4441,9.6,0,22
FBP,Financials,SECTOR_FINANCIALS,15,7,8,46.67,1.678,0.2117,334.84,3.3484,828.71,493.87,7.1274,-2.9653,22.8477,-4.6563,12.9,0,15
ALG,Industrials,SECTOR_INDUSTRIALS,21,11,10,52.38,1.7307,0.2117,445.54,4.4554,1055.3,609.76,5.1362,-3.2695,12.802,-5.7082,10.6,0,21
INDI,Technology,SECTOR_TECHNOLOGY,15,6,9,40.0,1.5018,0.211,342.09,3.4209,1023.86,681.77,20.653,-8.7245,52.3404,-12.092,13.4,2,13
PFG,Financials,SECTOR_FINANCIALS,16,9,7,56.25,1.7201,0.2109,310.68,3.1068,742.12,431.44,3.7103,-2.3058,7.5645,-3.9018,13.9,0,16
FOXA,Communication Services,SECTOR_COMMUNICATION_SERVICES,22,11,11,50.0,1.6394,0.2106,472.61,4.7261,1211.81,739.2,4.5616,-3.2491,10.9572,-9.3508,14.7,0,22
TAP,Consumer Staples,SECTOR_CONSUMER_STAPLES,14,5,9,35.71,1.4836,0.2104,342.12,3.4212,1049.6,707.48,8.4916,-3.6469,16.6359,-5.3176,10.0,1,13
AQST,Healthcare,SECTOR_HEALTHCARE,18,8,10,44.44,1.7116,0.2102,422.62,4.2262,1016.55,593.93,16.0015,-8.9545,36.3636,-18.4097,13.1,1,17
XMTR,Industrials,SECTOR_INDUSTRIALS,18,4,14,22.22,1.3291,0.2099,292.74,2.9274,1182.14,889.4,38.7749,-7.2394,68.3318,-12.3578,12.4,0,18
SO,Utilities,SECTOR_UTILITIES,20,9,11,45.0,1.7563,0.2091,456.11,4.5611,1059.22,603.11,3.8252,-1.9114,8.35,-4.0713,11.4,1,19
SCM,Financials,SECTOR_FINANCIALS,19,10,9,52.63,1.7759,0.2088,383.1,3.831,876.85,493.75,3.5344,-2.0891,7.7035,-5.449,12.5,1,18
HPQ,Technology,SECTOR_TECHNOLOGY,13,4,9,30.77,1.3571,0.2088,287.57,2.8757,1092.77,805.2,11.7847,-4.3102,19.3365,-10.6862,20.9,3,10
HUN,Materials,SECTOR_MATERIALS,8,4,4,50.0,1.5892,0.2087,192.18,1.9218,518.34,326.16,8.981,-4.9709,14.2857,-7.7961,25.9,0,8
MU,Technology,SECTOR_TECHNOLOGY,25,12,13,48.0,1.3969,0.207,501.75,5.0175,1765.81,1264.06,12.67,-7.6026,49.6951,-17.9226,12.8,2,23
MLKN,Consumer Discretionary,SECTOR_CONSUMER_DISCRETIONARY,16,5,11,31.25,1.3185,0.2069,301.08,3.0108,1246.52,945.44,17.435,-5.9859,57.6094,-13.4381,18.6,2,14
UBSI,Financials,SECTOR_FINANCIALS,17,9,8,52.94,1.6105,0.2064,341.05,3.4105,899.68,558.63,5.219,-4.0329,21.2467,-7.7614,13.2,0,17
TDY,Technology,SECTOR_TECHNOLOGY,21,9,12,42.86,1.6052,0.2044,386.23,3.8623,1024.37,638.14,4.7212,-2.1544,13.0058,-4.9997,9.7,0,21
NVTS,Technology,SECTOR_TECHNOLOGY,17,4,13,23.53,1.3347,0.2037,292.23,2.9223,1165.38,873.15,41.5206,-9.1258,55.549,-22.6667,12.0,0,17
LUNR,Industrials,SECTOR_INDUSTRIALS,15,5,10,33.33,1.4151,0.2032,255.27,2.5527,870.29,615.02,28.3254,-9.2042,49.1329,-16.3861,9.3,1,14
PEN,Healthcare,SECTOR_HEALTHCARE,23,13,10,56.52,1.7253,0.2023,436.3,4.363,1037.87,601.57,6.6847,-3.942,37.2365,-6.1459,13.1,0,23
TASK,Technology,SECTOR_TECHNOLOGY,15,7,8,46.67,1.3511,0.202,277.1,2.771,1066.43,789.33,12.1434,-11.0686,32.4215,-16.2441,16.1,1,14
DFIN,Technology,SECTOR_TECHNOLOGY,20,9,11,45.0,1.5757,0.2019,458.1,4.581,1253.76,795.66,9.4955,-4.1095,40.4413,-13.0793,12.5,1,19
ODFL,Industrials,SECTOR_INDUSTRIALS,16,8,8,50.0,1.639,0.2017,392.0,3.92,1005.42,613.42,7.6347,-5.3795,23.0232,-9.2578,11.1,0,16
LNKB,Financials,SECTOR_FINANCIALS,9,4,5,44.44,1.476,0.2014,149.86,1.4986,464.66,314.8,7.9389,-4.1016,17.1472,-7.4437,9.6,0,9
CCAP,Financials,SECTOR_FINANCIALS,18,8,10,44.44,1.6369,0.2014,371.56,3.7156,954.93,583.37,4.5676,-2.5724,14.6325,-6.1003,13.9,0,18
SGI,Consumer Discretionary,SECTOR_CONSUMER_DISCRETIONARY,22,10,12,45.45,1.6344,0.2006,492.06,4.9206,1267.72,775.66,7.8748,-3.4773,28.3347,-5.4422,12.5,0,22
WOOF,Consumer Discretionary,SECTOR_CONSUMER_DISCRETIONARY,10,2,8,20.0,1.4232,0.2002,232.91,2.3291,783.28,550.37,48.4564,-7.4972,95.1111,-12.7269,16.3,0,10
NDSN,Industrials,SECTOR_INDUSTRIALS,18,7,11,38.89,1.4678,0.2,328.11,3.2811,1029.55,701.44,6.5771,-2.4748,9.9463,-4.4406,12.5,1,17
PRG,Industrials,SECTOR_INDUSTRIALS,18,6,12,33.33,1.5352,0.1999,377.82,3.7782,1083.76,705.94,13.7762,-4.5543,33.3603,-11.1473,15.9,2,16
HLI,Financials,SECTOR_FINANCIALS,23,10,13,43.48,1.5386,0.1994,353.32,3.5332,1009.29,655.97,4.9112,-2.2196,11.7126,-5.702,11.5,0,23
NYT,Communication Services,SECTOR_COMMUNICATION_SERVICES,24,10,14,41.67,1.5777,0.199,547.38,5.4738,1494.9,947.52,6.5403,-3.31,11.8527,-7.2777,10.0,1,23
W,Consumer Discretionary,SECTOR_CONSUMER_DISCRETIONARY,20,8,12,40.0,1.4316,0.1989,372.55,3.7255,1235.66,863.11,20.127,-9.2448,67.8825,-20.8033,13.7,0,20
THW,Financials,SECTOR_FINANCIALS,17,6,11,35.29,1.483,0.1979,380.5,3.805,1168.3,787.8,7.1315,-2.3458,12.7013,-4.4427,15.8,2,15
CAKE,Consumer Discretionary,SECTOR_CONSUMER_DISCRETIONARY,19,10,9,52.63,1.7408,0.1979,378.48,3.7848,889.42,510.94,5.9921,-3.7045,22.1088,-8.6104,14.8,2,17
VRTS,Financials,SECTOR_FINANCIALS,14,6,8,42.86,1.3399,0.197,174.94,1.7494,689.68,514.74,8.7812,-4.2372,19.6777,-7.9628,19.1,3,11
RBB,Financials,SECTOR_FINANCIALS,16,6,10,37.5,1.5815,0.1969,323.22,3.2322,879.05,555.83,11.2152,-3.1616,23.4538,-4.9922,18.4,1,15
BWA,Consumer Discretionary,SECTOR_CONSUMER_DISCRETIONARY,19,7,12,36.84,1.4703,0.1968,376.13,3.7613,1175.83,799.7,9.7795,-3.8434,19.2572,-6.9527,12.6,0,19
EYPT,Healthcare,SECTOR_HEALTHCARE,17,8,9,47.06,1.4812,0.1949,314.43,3.1443,967.89,653.46,20.1721,-10.8899,68.1234,-16.2614,13.7,2,15
BEN,Financials,SECTOR_FINANCIALS,15,7,8,46.67,1.4009,0.1948,298.3,2.983,1042.36,744.06,8.4029,-5.3113,18.3673,-8.6925,14.4,0,15
TEX,Industrials,SECTOR_INDUSTRIALS,20,8,12,40.0,1.4409,0.194,415.22,4.1522,1356.98,941.76,13.1148,-5.558,31.8262,-10.1127,14.2,0,20
HUBB,Industrials,SECTOR_INDUSTRIALS,6,2,4,33.33,1.7438,0.1938,106.85,1.0685,250.51,143.66,8.6103,-2.0536,10.2944,-5.0325,12.5,0,6
BWMN,Industrials,SECTOR_INDUSTRIALS,20,11,9,55.0,1.6586,0.1936,397.14,3.9714,1000.15,603.01,7.0434,-5.6876,16.4469,-11.5665,11.2,0,20
TRMB,Technology,SECTOR_TECHNOLOGY,20,8,12,40.0,1.3817,0.1935,366.8,3.668,1327.71,960.91,8.688,-4.7284,13.0228,-8.4532,14.5,1,19
NCLH,Consumer Discretionary,SECTOR_CONSUMER_DISCRETIONARY,23,11,12,47.83,1.4611,0.1932,454.9,4.549,1441.35,986.45,11.8217,-6.6043,34.2697,-10.5509,13.8,0,23
MDGL,Healthcare,SECTOR_HEALTHCARE,21,10,11,47.62,1.3676,0.193,320.51,3.2051,1192.31,871.8,14.2467,-9.0668,35.0227,-13.5122,9.0,1,20
ASTH,Healthcare,SECTOR_HEALTHCARE,15,8,7,53.33,1.5316,0.1925,315.26,3.1526,908.31,593.05,10.6119,-7.5987,30.3844,-12.0285,16.8,0,15
CMPX,Healthcare,SECTOR_HEALTHCARE,15,7,8,46.67,1.5585,0.192,305.11,3.0511,851.45,546.34,21.6668,-10.2371,83.2461,-17.0007,12.3,0,15
CECO,Industrials,SECTOR_INDUSTRIALS,28,9,19,32.14,1.3825,0.192,518.98,5.1898,1875.69,1356.71,17.2024,-5.816,56.677,-16.6341,9.7,0,28
SG,Consumer Discretionary,SECTOR_CONSUMER_DISCRETIONARY,13,2,11,15.38,1.2759,0.192,251.82,2.5182,1164.45,912.63,55.2428,-9.3952,59.401,-13.9513,14.5,1,12
TRST,Financials,SECTOR_FINANCIALS,19,7,12,36.84,1.3151,0.1911,302.85,3.0285,1263.98,961.13,8.9332,-4.2033,11.1992,-6.5322,13.0,0,19
NPCE,Healthcare,SECTOR_HEALTHCARE,19,7,12,36.84,1.4515,0.1905,404.71,4.0471,1301.09,896.38,30.8236,-10.9889,103.9648,-17.3073,11.6,1,18
AXL,Consumer Discretionary,SECTOR_CONSUMER_DISCRETIONARY,19,8,11,42.11,1.462,0.1904,355.65,3.5565,1125.51,769.86,13.1601,-5.3854,45.4768,-10.4282,14.9,1,18
WNC,Industrials,SECTOR_INDUSTRIALS,13,5,8,38.46,1.2822,0.1903,220.61,2.2061,1002.31,781.7,14.86,-7.0504,26.0427,-12.3192,20.8,0,13
BFZ,Financials,SECTOR_FINANCIALS,15,5,10,33.33,1.3933,0.1902,263.4,2.634,933.12,669.72,4.586,-1.2215,13.3333,-2.6534,14.4,0,15
ALK,Industrials,SECTOR_INDUSTRIALS,22,9,13,40.91,1.4392,0.1901,387.6,3.876,1270.09,882.49,8.8907,-5.1714,17.1293,-10.9789,17.0,1,21
FICO,Technology,SECTOR_TECHNOLOGY,25,11,14,44.0,1.3675,0.19,267.65,2.6765,996.02,728.37,6.4675,-3.3431,17.5268,-7.3422,12.6,0,25
IBRX,Healthcare,SECTOR_HEALTHCARE,16,4,12,25.0,1.0541,0.1887,54.51,0.5451,1062.38,1007.87,35.5429,-13.4229,133.209,-22.0735,12.6,1,15
HLX,Energy,SECTOR_ENERGY,22,10,12,45.45,1.6438,0.1879,476.3,4.763,1216.17,739.87,9.4819,-4.5436,37.4737,-8.0547,9.3,0,22
ACHR,Industrials,SECTOR_INDUSTRIALS,17,4,13,23.53,1.135,0.1871,147.05,1.4705,1236.62,1089.57,41.0141,-12.3707,98.8201,-17.0384,15.7,0,17
KE,Industrials,SECTOR_INDUSTRIALS,22,6,16,27.27,1.1692,0.1868,204.67,2.0467,1414.6,1209.93,15.4632,-4.7133,56.9069,-7.4383,11.4,0,22
TRVI,Healthcare,SECTOR_HEALTHCARE,27,9,18,33.33,1.4988,0.1868,566.72,5.6672,1702.92,1136.2,32.879,-9.1483,121.5844,-15.4947,9.5,1,26
SCL,Materials,SECTOR_MATERIALS,12,4,8,33.33,1.3543,0.1864,248.56,2.4856,950.11,701.55,12.9844,-4.7439,22.7835,-8.9542,21.2,1,11
PH,Industrials,SECTOR_INDUSTRIALS,31,15,16,48.39,1.7466,0.1862,590.3,5.903,1380.92,790.62,4.5524,-2.437,9.9735,-5.7518,10.4,0,31
NSIT,Technology,SECTOR_TECHNOLOGY,17,7,10,41.18,1.4701,0.1862,294.21,2.9421,920.09,625.88,6.635,-3.4363,12.5891,-7.0235,13.6,1,16
PDT,Financials,SECTOR_FINANCIALS,16,5,11,31.25,1.5493,0.1862,319.1,3.191,899.99,580.89,6.2242,-1.7267,18.1269,-4.2366,14.7,0,16
SMBK,Financials,SECTOR_FINANCIALS,23,11,12,47.83,1.414,0.1859,300.87,3.0087,1027.68,726.81,5.2499,-3.3146,17.7303,-8.0183,10.3,0,23
UTHR,Healthcare,SECTOR_HEALTHCARE,18,7,11,38.89,1.4757,0.1858,377.82,3.7782,1172.0,794.18,9.4581,-3.9489,36.4051,-9.7383,9.9,0,18
AORT,Healthcare,SECTOR_HEALTHCARE,18,10,8,55.56,1.6342,0.1849,324.64,3.2464,836.53,511.89,6.2071,-3.7896,16.4405,-5.7831,17.6,1,17
RDN,Financials,SECTOR_FINANCIALS,21,8,13,38.1,1.5727,0.1831,408.37,4.0837,1121.48,713.11,6.068,-2.4442,14.7826,-5.116,10.1,0,21
SPIR,Industrials,SECTOR_INDUSTRIALS,17,6,11,35.29,1.1831,0.1827,223.02,2.2302,1441.13,1218.11,27.8415,-15.5841,58.3864,-28.9891,14.6,0,17
EQH,Financials,SECTOR_FINANCIALS,20,9,11,45.0,1.6645,0.1827,415.24,4.1524,1040.17,624.93,6.091,-3.0724,15.246,-5.2729,11.7,0,20
TWST,Healthcare,SECTOR_HEALTHCARE,17,5,12,29.41,1.2508,0.1825,218.46,2.1846,1089.38,870.92,33.0772,-10.0434,70.4118,-25.8572,19.1,1,16
CDE,Materials,SECTOR_MATERIALS,22,6,16,27.27,1.4566,0.1821,454.7,4.547,1450.46,995.76,23.7488,-7.2603,54.9209,-15.4229,12.1,0,22
PJT,Financials,SECTOR_FINANCIALS,28,10,18,35.71,1.5601,0.1819,483.08,4.8308,1345.62,862.54,7.5457,-2.907,18.8235,-6.7537,12.0,1,27
BBY,Consumer Discretionary,SECTOR_CONSUMER_DISCRETIONARY,16,8,8,50.0,1.454,0.1817,266.14,2.6614,852.3,586.16,6.4274,-4.6932,13.2381,-8.2344,15.7,2,14
NXJ,Financials,SECTOR_FINANCIALS,14,5,9,35.71,1.2328,0.1815,177.86,1.7786,942.02,764.16,4.0215,-1.7816,9.427,-3.0933,28.3,0,14
MTW,Industrials,SECTOR_INDUSTRIALS,19,10,9,52.63,1.4531,0.1813,369.21,3.6921,1184.15,814.94,9.8895,-7.6949,51.5556,-10.7383,13.8,1,18
LEGH,Consumer Discretionary,SECTOR_CONSUMER_DISCRETIONARY,15,7,8,46.67,2.6109,0.1806,292.51,2.9251,474.09,181.58,4.903,-1.5602,18.013,-3.6931,21.2,0,15
EVCM,Technology,SECTOR_TECHNOLOGY,14,6,8,42.86,1.5888,0.1804,273.59,2.7359,738.25,464.66,11.6759,-4.1943,43.1564,-9.5575,10.0,1,13
EGY,Energy,SECTOR_ENERGY,13,4,9,30.77,1.3505,0.1789,276.36,2.7636,1064.83,788.47,17.5356,-7.2688,31.0861,-11.5854,12.2,0,13
AEP,Utilities,SECTOR_UTILITIES,15,9,6,60.0,1.5842,0.1789,257.55,2.5755,698.42,440.87,2.5736,-2.8285,6.7726,-4.5417,12.3,0,15
FIBK,Financials,SECTOR_FINANCIALS,17,8,9,47.06,1.4502,0.1778,264.74,2.6474,852.75,588.01,6.7988,-4.0446,19.0439,-9.0344,15.2,1,16
WAB,Industrials,SECTOR_INDUSTRIALS,27,11,16,40.74,1.6178,0.1759,473.06,4.7306,1238.76,765.7,4.4843,-2.017,15.2663,-4.6135,11.2,0,27
STAA,Healthcare,SECTOR_HEALTHCARE,13,3,10,23.08,1.3206,0.1757,279.95,2.7995,1153.14,873.19,33.623,-8.9186,47.1698,-12.8305,14.4,0,13
NNI,Financials,SECTOR_FINANCIALS,20,11,9,55.0,1.425,0.1754,287.13,2.8713,962.69,675.56,3.4114,-2.845,10.4702,-9.4635,9.6,0,20
HRI,Industrials,SECTOR_INDUSTRIALS,19,6,13,31.58,1.439,0.1753,350.81,3.5081,1149.84,799.03,12.7772,-5.6168,36.4297,-11.7038,13.9,1,18
MZTI,Consumer Staples,SECTOR_CONSUMER_STAPLES,16,7,9,43.75,1.2759,0.1752,269.16,2.6916,1244.67,975.51,8.8062,-5.6579,26.7339,-14.5375,10.9,1,15
CNK,Communication Services,SECTOR_COMMUNICATION_SERVICES,25,11,14,44.0,1.3728,0.1751,394.14,3.9414,1451.51,1057.37,10.1549,-6.2691,20.5004,-13.4929,12.5,0,25
CVI,Energy,SECTOR_ENERGY,13,6,7,46.15,1.4105,0.1748,198.19,1.9819,681.05,482.86,9.5488,-4.7431,28.5611,-7.5357,11.8,0,13
AGD,Financials,SECTOR_FINANCIALS,22,8,14,36.36,1.5222,0.1746,462.04,4.6204,1346.8,884.76,4.4284,-1.8519,12.0138,-3.5045,14.0,0,22
RXRX,Healthcare,SECTOR_HEALTHCARE,13,6,7,46.15,1.4388,0.1746,224.09,2.2409,734.79,510.7,19.9477,-11.6434,38.2946,-17.3662,22.8,0,13
LILAK,Communication Services,SECTOR_COMMUNICATION_SERVICES,13,4,9,30.77,1.2995,0.1741,254.03,2.5403,1102.23,848.2,24.1247,-6.6181,45.7875,-12.1212,19.2,0,13
RXST,Healthcare,SECTOR_HEALTHCARE,16,6,10,37.5,1.623,0.1739,321.18,3.2118,836.7,515.52,12.3989,-5.525,32.7273,-13.0827,15.6,1,15
ABUS,Healthcare,SECTOR_HEALTHCARE,16,6,10,37.5,1.4223,0.1737,307.93,3.0793,1037.03,729.1,13.7173,-6.734,20.5882,-14.0873,11.8,0,16
NE,Energy,SECTOR_ENERGY,8,3,5,37.5,1.348,0.1736,127.61,1.2761,494.33,366.72,13.4502,-4.5611,20.4664,-7.1099,20.6,1,7
STKL,Consumer Staples,SECTOR_CONSUMER_STAPLES,16,8,8,50.0,1.3673,0.1731,234.33,2.3433,872.36,638.03,11.9813,-6.683,29.4118,-9.5834,15.8,1,15
AMTB,Financials,SECTOR_FINANCIALS,15,7,8,46.67,1.3374,0.173,182.2,1.822,722.19,539.99,7.2426,-4.5209,16.1157,-8.536,14.5,1,14
LAD,Consumer Discretionary,SECTOR_CONSUMER_DISCRETIONARY,16,6,10,37.5,1.2439,0.1728,151.53,1.5153,772.82,621.29,10.3967,-4.6393,32.7351,-9.4952,14.9,0,16
URI,Industrials,SECTOR_INDUSTRIALS,28,13,15,46.43,1.7995,0.1715,484.9,4.849,1091.4,606.5,6.3629,-2.8177,16.2713,-7.6298,10.0,0,28
CVLT,Technology,SECTOR_TECHNOLOGY,21,9,12,42.86,1.3552,0.1709,337.63,3.3763,1288.18,950.55,7.2792,-4.8013,20.7602,-7.2805,12.7,0,21
CMS,Utilities,SECTOR_UTILITIES,16,6,10,37.5,1.4523,0.1702,201.1,2.011,645.69,444.59,4.6029,-1.3907,12.3057,-4.3258,12.1,1,15
NATH,Consumer Discretionary,SECTOR_CONSUMER_DISCRETIONARY,25,12,13,48.0,1.5192,0.17,428.99,4.2899,1255.21,826.22,5.3176,-3.1798,16.3195,-5.986,9.6,1,24
BANR,Financials,SECTOR_FINANCIALS,15,7,8,46.67,1.8136,0.1699,317.78,3.1778,708.38,390.6,5.3479,-3.049,15.1304,-6.234,11.7,0,15
STK,Financials,SECTOR_FINANCIALS,22,10,12,45.45,1.2786,0.1689,215.96,2.1596,991.15,775.19,4.8492,-2.4425,9.8578,-7.0054,13.6,0,22
LIND,Consumer Discretionary,SECTOR_CONSUMER_DISCRETIONARY,17,8,9,47.06,1.486,0.1689,324.47,3.2447,992.15,667.68,12.7535,-9.4675,28.6979,-18.2339,14.6,1,16
HBAN,Financials,SECTOR_FINANCIALS,20,10,10,50.0,1.5244,0.1679,395.04,3.9504,1148.31,753.27,6.1311,-4.1012,19.5669,-7.509,15.1,1,19
MKTX,Financials,SECTOR_FINANCIALS,15,5,10,33.33,1.4473,0.1679,367.28,3.6728,1188.43,821.15,14.0593,-6.0562,31.0228,-7.7256,20.1,1,14
FCNCA,Financials,SECTOR_FINANCIALS,21,7,14,33.33,1.3723,0.1674,275.06,2.7506,1013.84,738.78,9.29,-3.1261,18.7917,-7.5119,11.9,0,21
LYTS,Technology,SECTOR_TECHNOLOGY,21,8,13,38.1,1.4072,0.1661,424.28,4.2428,1466.33,1042.05,12.4146,-5.994,30.157,-10.4793,11.1,0,21
ACVA,Consumer Discretionary,SECTOR_CONSUMER_DISCRETIONARY,13,6,7,46.15,1.4504,0.166,212.32,2.1232,683.73,471.41,8.8074,-6.1685,34.7254,-10.7478,21.4,1,12
FMNB,Financials,SECTOR_FINANCIALS,12,5,7,41.67,1.7376,0.1658,272.95,2.7295,643.02,370.07,6.5431,-3.3442,15.5684,-6.0095,14.9,0,12
TCBK,Financials,SECTOR_FINANCIALS,22,7,15,31.82,1.4109,0.165,332.98,3.3298,1143.26,810.28,8.8306,-3.1839,22.203,-8.5368,12.6,2,20
ESTA,Healthcare,SECTOR_HEALTHCARE,18,8,10,44.44,1.5074,0.1646,302.82,3.0282,899.62,596.8,14.4919,-6.5141,68.3037,-14.8022,12.7,0,18
INDB,Financials,SECTOR_FINANCIALS,12,6,6,50.0,1.7857,0.1641,238.17,2.3817,541.29,303.12,6.1117,-3.7525,21.2437,-7.2402,17.5,0,12
CMI,Industrials,SECTOR_INDUSTRIALS,26,11,15,42.31,1.569,0.1632,448.39,4.4839,1236.48,788.09,5.1687,-3.0285,11.595,-5.9785,11.6,0,26
CRF,Financials,SECTOR_FINANCIALS,17,8,9,47.06,1.2491,0.1622,192.68,1.9268,966.13,773.45,3.4618,-3.2172,7.6227,-6.1328,14.4,0,17
CRNX,Healthcare,SECTOR_HEALTHCARE,15,7,8,46.67,1.5754,0.1621,263.83,2.6383,722.38,458.55,9.309,-5.2233,27.1299,-10.0271,11.1,0,15
BV,Industrials,SECTOR_INDUSTRIALS,18,8,10,44.44,1.2971,0.1619,273.76,2.7376,1195.31,921.55,10.1767,-5.8761,23.5294,-8.3744,13.4,1,17
MTB,Financials,SECTOR_FINANCIALS,18,11,7,61.11,1.5368,0.1613,270.2,2.702,773.54,503.34,3.5611,-4.1341,7.6649,-7.1488,14.2,1,17
AR,Energy,SECTOR_ENERGY,16,9,7,56.25,1.4663,0.1602,247.37,2.4737,777.89,530.52,6.3988,-5.1001,18.8614,-8.1373,12.3,1,15
TNET,Industrials,SECTOR_INDUSTRIALS,17,7,10,41.18,1.4322,0.1594,268.52,2.6852,889.78,621.26,6.1664,-3.2308,14.089,-6.6766,13.9,0,17
ISRG,Healthcare,SECTOR_HEALTHCARE,22,10,12,45.45,1.5703,0.1589,405.3,4.053,1115.97,710.67,6.3589,-3.2996,22.2335,-6.9175,13.5,2,20
ASGI,Financials,SECTOR_FINANCIALS,19,9,10,47.37,1.373,0.1586,281.1,2.811,1034.66,753.56,3.3667,-2.0465,8.9406,-3.4196,15.6,0,19
DK,Energy,SECTOR_ENERGY,15,8,7,53.33,1.4633,0.1585,236.79,2.3679,747.88,511.09,8.9765,-6.0762,21.9638,-9.1151,13.0,0,15
PEBO,Financials,SECTOR_FINANCIALS,20,9,11,45.0,1.3744,0.1583,283.31,2.8331,1040.02,756.71,5.6426,-3.2169,9.9544,-4.6381,12.1,0,20
VEL,Financials,SECTOR_FINANCIALS,15,9,6,60.0,1.5814,0.1581,262.91,2.6291,715.12,452.21,4.9925,-6.9743,20.4691,-9.3505,10.7,0,15
SNAP,Communication Services,SECTOR_COMMUNICATION_SERVICES,13,4,9,30.77,1.1611,0.158,175.64,1.7564,1265.78,1090.14,27.547,-13.1922,62.3431,-30.0901,28.7,2,11
USLM,Materials,SECTOR_MATERIALS,32,8,24,25.0,1.2833,0.1579,438.41,4.3841,1985.87,1547.46,13.9981,-3.476,47.5788,-6.1279,8.2,0,32
WEX,Technology,SECTOR_TECHNOLOGY,20,10,10,50.0,1.3733,0.1575,272.5,2.725,1002.47,729.97,5.3155,-4.3766,16.7993,-12.0139,14.3,2,18
KMPR,Financials,SECTOR_FINANCIALS,16,6,10,37.5,1.3619,0.1574,250.6,2.506,943.05,692.45,9.012,-3.8306,16.5953,-6.2356,14.8,1,15
CALM,Consumer Staples,SECTOR_CONSUMER_STAPLES,15,5,10,33.33,1.3622,0.1571,268.31,2.6831,1008.99,740.68,9.4949,-4.4466,20.2796,-7.3044,9.9,0,15
TRV,Financials,SECTOR_FINANCIALS,16,5,11,31.25,1.3882,0.1567,280.23,2.8023,1002.09,721.86,7.2531,-2.3751,27.3597,-4.3358,11.1,0,16
OFG,Financials,SECTOR_FINANCIALS,16,8,8,50.0,1.466,0.1565,273.17,2.7317,859.32,586.15,5.3277,-3.9497,15.7812,-6.8058,10.8,0,16
ARMK,Industrials,SECTOR_INDUSTRIALS,21,8,13,38.1,1.4246,0.1563,316.77,3.1677,1062.78,746.01,7.3194,-2.6699,18.8075,-4.8961,10.7,0,21
MCY,Financials,SECTOR_FINANCIALS,24,10,14,41.67,1.3495,0.1562,323.37,3.2337,1248.7,925.33,6.9858,-4.0128,28.2565,-7.3171,14.0,0,24
NQP,Financials,SECTOR_FINANCIALS,16,3,13,18.75,1.1873,0.1561,178.33,1.7833,1130.34,952.01,7.684,-1.4138,12.5243,-3.0592,25.5,1,15
IQV,Healthcare,SECTOR_HEALTHCARE,17,8,9,47.06,1.4285,0.1556,243.98,2.4398,813.32,569.34,6.4357,-3.687,14.508,-9.8108,16.4,0,17
GBCI,Financials,SECTOR_FINANCIALS,19,8,11,42.11,1.2051,0.1551,148.14,1.4814,870.29,722.15,7.9829,-4.6253,34.1311,-10.3258,12.6,0,19
AXP,Financials,SECTOR_FINANCIALS,24,12,12,50.0,1.4338,0.1543,304.38,3.0438,1005.96,701.58,4.1186,-3.1505,11.0815,-6.6798,13.2,0,24
ICUI,Healthcare,SECTOR_HEALTHCARE,15,6,9,40.0,1.467,0.1542,250.32,2.5032,786.29,535.97,10.5888,-4.3607,16.3233,-8.7421,19.5,1,14
BOKF,Financials,SECTOR_FINANCIALS,21,10,11,47.62,1.4355,0.1539,320.32,3.2032,1055.76,735.44,5.9381,-3.7856,16.2744,-6.977,10.6,0,21
RPM,Materials,SECTOR_MATERIALS,21,8,13,38.1,1.3822,0.1536,320.15,3.2015,1157.87,837.72,5.8771,-2.9708,23.9569,-5.3971,13.6,0,21
WRLD,Financials,SECTOR_FINANCIALS,20,6,14,30.0,1.3447,0.1535,274.99,2.7499,1072.75,797.76,15.2473,-4.8163,35.1166,-11.1603,13.2,0,20
SXC,Materials,SECTOR_MATERIALS,18,7,11,38.89,1.3546,0.1527,265.07,2.6507,1012.55,747.48,9.7209,-4.2022,22.3077,-6.6036,12.3,0,18
GGG,Industrials,SECTOR_INDUSTRIALS,22,10,12,45.45,1.5659,0.1523,348.58,3.4858,964.53,615.95,3.9121,-1.9747,9.0836,-3.9168,10.5,0,22
UUUU,Energy,SECTOR_ENERGY,22,10,12,45.45,1.4059,0.1521,358.15,3.5815,1240.5,882.35,15.3076,-7.7049,40.3785,-12.6834,10.7,1,21
BRK-A,Financials,SECTOR_FINANCIALS,22,12,10,54.55,1.3387,0.152,51014.07,510.1407,201636.0,150621.93,3.0149,-2.3769,9.349,-3.7019,10.4,0,22
TREE,Financials,SECTOR_FINANCIALS,19,3,16,15.79,1.2712,0.152,351.56,3.5156,1647.98,1296.42,50.8195,-10.0702,89.8442,-28.2538,15.3,1,18
VHI,Materials,SECTOR_MATERIALS,11,5,6,45.45,1.2897,0.1517,143.25,1.4325,637.8,494.55,13.7769,-8.6222,29.2492,-10.8693,20.2,0,11
SMP,Consumer Discretionary,SECTOR_CONSUMER_DISCRETIONARY,15,6,9,40.0,1.4252,0.1517,265.24,2.6524,889.05,623.81,9.0392,-3.9156,12.9503,-5.7046,19.4,1,14
CHD,Consumer Staples,SECTOR_CONSUMER_STAPLES,18,9,9,50.0,1.4963,0.1511,307.63,3.0763,927.45,619.82,3.3849,-2.3337,9.2757,-4.0249,12.6,0,18
RNST,Financials,SECTOR_FINANCIALS,18,8,10,44.44,1.3504,0.1508,248.04,2.4804,955.89,707.85,7.4407,-4.4215,16.1969,-8.1069,12.1,0,18
MTDR,Energy,SECTOR_ENERGY,13,8,5,61.54,1.6967,0.1507,191.57,1.9157,466.54,274.97,4.0782,-3.2687,9.5536,-6.7173,15.8,0,13
DSU,Financials,SECTOR_FINANCIALS,14,6,8,42.86,1.3683,0.1507,198.54,1.9854,737.63,539.09,2.6095,-1.4581,7.3913,-2.929,18.1,1,13
GNRC,Industrials,SECTOR_INDUSTRIALS,17,9,8,52.94,1.5913,0.1506,341.45,3.4145,918.9,577.45,7.4404,-8.2231,15.3713,-13.2321,16.8,1,16
WAT,Healthcare,SECTOR_HEALTHCARE,14,8,6,57.14,1.3766,0.1504,190.74,1.9074,697.2,506.46,5.6147,-4.9487,13.2228,-8.1866,15.4,0,14
BKNG,Consumer Discretionary,SECTOR_CONSUMER_DISCRETIONARY,28,10,18,35.71,1.496,0.1502,839.6,8.396,2532.29,1692.69,7.1154,-2.843,17.9932,-7.1576,11.5,0,28
NRK,Financials,SECTOR_FINANCIALS,16,4,12,25.0,1.2632,0.1499,203.74,2.0374,977.97,774.23,5.3843,-1.2497,9.1667,-2.9311,14.1,0,16
PODD,Healthcare,SECTOR_HEALTHCARE,14,8,6,57.14,1.3826,0.1496,162.74,1.6274,588.1,425.36,7.1469,-6.0018,16.8365,-10.5145,22.7,0,14
CPRT,Industrials,SECTOR_INDUSTRIALS,27,9,18,33.33,1.4256,0.1496,441.74,4.4174,1479.7,1037.96,6.9221,-2.4295,11.1398,-6.7526,10.5,1,26
DRI,Consumer Discretionary,SECTOR_CONSUMER_DISCRETIONARY,21,9,12,42.86,1.4998,0.1496,338.61,3.3861,1016.11,677.5,5.1478,-2.691,14.6567,-6.184,14.3,0,21
MVBF,Financials,SECTOR_FINANCIALS,15,6,9,40.0,1.2835,0.1495,220.06,2.2006,996.22,776.16,12.2052,-6.0158,31.5381,-8.805,14.4,0,15
GPGI,Industrials,SECTOR_INDUSTRIALS,21,7,14,33.33,1.2517,0.1493,278.62,2.7862,1385.61,1106.99,18.3372,-6.8562,55.8763,-13.1731,12.3,0,21
ACIW,Technology,SECTOR_TECHNOLOGY,20,5,15,25.0,1.1555,0.1486,191.61,1.9161,1424.02,1232.41,18.6647,-4.5203,30.8859,-8.2256,11.6,0,20
PPL,Utilities,SECTOR_UTILITIES,24,10,14,41.67,1.2836,0.1482,252.58,2.5258,1143.29,890.71,4.5399,-2.1162,11.9256,-3.8911,10.5,0,24
SHC,Healthcare,SECTOR_HEALTHCARE,14,5,9,35.71,1.2424,0.1478,207.82,2.0782,1065.24,857.42,15.8785,-7.1369,31.1864,-10.0124,20.5,0,14
CVCO,Consumer Discretionary,SECTOR_CONSUMER_DISCRETIONARY,22,10,12,45.45,1.3224,0.1477,244.85,2.4485,1004.36,759.51,7.3982,-4.4189,22.611,-7.9343,10.9,0,22
SHLS,Technology,SECTOR_TECHNOLOGY,14,5,9,35.71,1.4195,0.1473,252.08,2.5208,852.97,600.89,28.7241,-8.7633,66.7328,-17.2899,15.4,0,14
VICR,Technology,SECTOR_TECHNOLOGY,23,5,18,21.74,1.3315,0.1472,505.87,5.0587,2031.85,1525.98,34.1593,-8.112,57.1552,-16.2378,9.9,1,22
NEE,Utilities,SECTOR_UTILITIES,16,6,10,37.5,1.244,0.1464,211.13,2.1113,1076.54,865.41,8.2435,-4.4704,16.9018,-6.4111,14.4,0,16
HTGC,Financials,SECTOR_FINANCIALS,19,10,9,52.63,1.271,0.1454,201.28,2.0128,944.03,742.75,4.0125,-3.6544,11.1834,-7.8071,15.1,1,18
MCHP,Technology,SECTOR_TECHNOLOGY,19,9,10,47.37,1.4102,0.145,299.52,2.9952,1029.67,730.15,10.7057,-4.2934,54.351,-7.1195,10.4,0,19
PCRX,Healthcare,SECTOR_HEALTHCARE,9,3,6,33.33,1.0785,0.145,37.04,0.3704,508.6,471.56,21.3285,-6.467,59.0654,-7.8489,29.9,2,7
FOF,Financials,SECTOR_FINANCIALS,23,11,12,47.83,1.3365,0.144,225.8,2.258,896.86,671.06,2.7413,-1.5615,9.8519,-5.2057,15.2,0,23
LLY,Healthcare,SECTOR_HEALTHCARE,7,3,4,42.86,1.3452,0.1434,134.67,1.3467,524.8,390.13,10.4462,-6.9911,17.3859,-13.0525,15.9,1,6
CRI,Consumer Discretionary,SECTOR_CONSUMER_DISCRETIONARY,10,4,6,40.0,1.0985,0.1427,59.02,0.5902,657.98,598.96,11.8715,-5.6033,27.6361,-6.6034,21.7,0,10
RDDT,Communication Services,SECTOR_COMMUNICATION_SERVICES,5,2,3,40.0,1.4587,0.1411,58.15,0.5815,184.92,126.77,11.8239,-4.699,13.4272,-8.7212,9.2,0,5
LFST,Healthcare,SECTOR_HEALTHCARE,15,6,9,40.0,1.377,0.141,200.14,2.0014,730.97,530.83,12.3063,-6.0638,23.5756,-13.9831,18.9,0,15
VYX,Technology,SECTOR_TECHNOLOGY,11,5,6,45.45,1.2328,0.1404,129.59,1.2959,686.26,556.67,11.081,-6.5489,35.6112,-8.8389,28.3,1,10
BUSE,Financials,SECTOR_FINANCIALS,13,7,6,53.85,1.2826,0.1403,135.05,1.3505,612.89,477.84,5.2915,-4.8673,8.5135,-7.5679,24.2,2,11
PSMT,Consumer Staples,SECTOR_CONSUMER_STAPLES,21,10,11,47.62,1.497,0.14,273.46,2.7346,823.7,550.24,4.6893,-2.408,11.1804,-5.2874,10.8,0,21
TBPH,Healthcare,SECTOR_HEALTHCARE,14,5,9,35.71,1.2961,0.1398,196.34,1.9634,859.51,663.17,10.5806,-5.0571,26.1777,-8.2123,12.9,0,14
APG,Industrials,SECTOR_INDUSTRIALS,24,9,15,37.5,1.4548,0.1398,400.11,4.0011,1279.88,879.77,8.9888,-3.1407,32.8146,-6.8931,12.2,0,24
RRX,Industrials,SECTOR_INDUSTRIALS,22,7,15,31.82,1.3098,0.1398,295.32,2.9532,1248.62,953.3,11.8579,-3.9072,19.9648,-6.2965,10.4,2,20
ABX,Financials,SECTOR_FINANCIALS,7,2,5,28.57,1.3471,0.1395,165.75,1.6575,643.3,477.55,35.0855,-11.4646,56.2745,-14.5048,18.3,0,7
NRG,Utilities,SECTOR_UTILITIES,28,11,17,39.29,1.4027,0.139,462.51,4.6251,1610.96,1148.45,9.2401,-4.3346,47.6958,-10.0861,10.8,1,27
SWKS,Technology,SECTOR_TECHNOLOGY,14,6,8,42.86,1.3882,0.1381,244.37,2.4437,873.91,629.54,10.2053,-5.4667,23.2216,-8.4019,23.4,1,13
REPX,Energy,SECTOR_ENERGY,11,5,6,45.45,1.3429,0.1378,134.78,1.3478,527.82,393.04,8.3093,-5.9849,21.1632,-9.9885,10.8,0,11
AAL,Industrials,SECTOR_INDUSTRIALS,19,7,12,36.84,1.2295,0.1374,210.06,2.1006,1125.3,915.24,11.5644,-6.029,23.0989,-12.3195,15.1,2,17
WSM,Consumer Discretionary,SECTOR_CONSUMER_DISCRETIONARY,22,11,11,50.0,1.3753,0.1369,257.76,2.5776,944.59,686.83,6.3273,-4.5393,23.9692,-11.1199,15.5,0,22
VRDN,Healthcare,SECTOR_HEALTHCARE,20,7,13,35.0,1.3152,0.1369,273.83,2.7383,1142.49,868.66,22.1013,-6.7256,52.8369,-16.7899,12.2,0,20
CADE,Financials,SECTOR_FINANCIALS,20,7,13,35.0,1.4802,0.1365,362.24,3.6224,1116.55,754.31,10.8854,-3.4672,20.0984,-7.0182,14.6,1,19
BMI,Technology,SECTOR_TECHNOLOGY,19,8,11,42.11,1.3015,0.1364,223.74,2.2374,965.72,741.98,8.2085,-3.4282,17.8381,-5.1368,11.9,0,19
WYNN,Consumer Discretionary,SECTOR_CONSUMER_DISCRETIONARY,20,6,14,30.0,1.3669,0.1362,311.89,3.1189,1161.86,849.97,10.2053,-5.1083,24.8781,-10.293,9.9,0,20
CRVL,Financials,SECTOR_FINANCIALS,21,10,11,47.62,1.4043,0.136,273.62,2.7362,950.33,676.71,5.3033,-3.4057,17.8003,-5.9467,10.8,0,21
GCT,Technology,SECTOR_TECHNOLOGY,9,5,4,55.56,1.3383,0.1358,127.51,1.2751,504.42,376.91,11.7896,-10.9785,35.9732,-13.1234,11.3,0,9
BTZ,Financials,SECTOR_FINANCIALS,14,6,8,42.86,1.4383,0.1358,212.98,2.1298,698.89,485.91,3.2158,-1.322,9.6869,-3.5566,14.9,0,14
IDA,Utilities,SECTOR_UTILITIES,20,9,11,45.0,1.197,0.1357,174.09,1.7409,1057.97,883.88,4.1808,-3.0322,11.0511,-6.6084,10.8,0,20
DFH,Consumer Discretionary,SECTOR_CONSUMER_DISCRETIONARY,19,8,11,42.11,1.3843,0.1357,271.25,2.7125,977.02,705.77,10.1659,-6.6034,31.7293,-11.7888,9.1,1,18
FSS,Industrials,SECTOR_INDUSTRIALS,24,11,13,45.83,1.348,0.1349,370.0,3.7,1433.32,1063.32,7.1176,-4.1275,14.8589,-13.2367,11.6,0,24
COTY,Consumer Staples,SECTOR_CONSUMER_STAPLES,14,5,9,35.71,1.3656,0.1347,243.58,2.4358,909.75,666.17,12.181,-5.2529,34.2417,-9.6255,11.8,1,13
FDX,Industrials,SECTOR_INDUSTRIALS,21,10,11,47.62,1.1572,0.1345,169.52,1.6952,1247.73,1078.21,6.5899,-5.5948,23.2249,-8.208,15.5,1,20
HBCP,Financials,SECTOR_FINANCIALS,18,10,8,55.56,1.3299,0.1336,222.19,2.2219,895.75,673.56,4.1573,-4.5383,14.8925,-7.1327,14.1,0,18
PRVA,Healthcare,SECTOR_HEALTHCARE,14,6,8,42.86,1.4363,0.1332,227.23,2.2723,748.05,520.82,12.6866,-6.4415,49.5589,-9.0294,11.6,0,14
SYF,Financials,SECTOR_FINANCIALS,26,12,14,46.15,1.2557,0.1331,233.3,2.333,1145.77,912.47,6.2446,-3.9781,20.3924,-8.6761,11.9,0,26
FRME,Financials,SECTOR_FINANCIALS,16,5,11,31.25,1.4117,0.1322,243.27,2.4327,834.2,590.93,8.5936,-3.2259,21.1824,-8.3419,18.1,2,14
IIM,Financials,SECTOR_FINANCIALS,14,4,10,28.57,1.2911,0.1319,190.38,1.9038,844.34,653.96,4.25,-1.8274,6.6047,-4.7302,28.4,1,13
CTLP,Technology,SECTOR_TECHNOLOGY,17,6,11,35.29,1.3364,0.1307,242.5,2.425,963.44,720.94,15.1203,-4.8284,41.2256,-8.3357,12.8,1,16
AMP,Financials,SECTOR_FINANCIALS,23,10,13,43.48,1.4612,0.1307,328.8,3.288,1041.71,712.91,5.0722,-2.6311,12.0653,-4.9436,11.1,0,23
OLLI,Consumer Staples,SECTOR_CONSUMER_STAPLES,20,8,12,40.0,1.3167,0.1301,218.78,2.1878,909.58,690.8,8.7174,-4.3759,24.5316,-11.4919,12.1,0,20
GHM,Industrials,SECTOR_INDUSTRIALS,27,9,18,33.33,1.4231,0.1301,522.11,5.2211,1756.25,1234.14,16.6906,-6.1232,39.0836,-23.9423,9.4,0,27
DOV,Industrials,SECTOR_INDUSTRIALS,21,8,13,38.1,1.3961,0.1293,308.56,3.0856,1087.59,779.03,5.8789,-2.4323,12.5192,-5.3728,15.0,2,19
MA,Financials,SECTOR_FINANCIALS,23,13,10,56.52,1.8229,0.1292,327.94,3.2794,726.46,398.52,2.2558,-1.5335,11.0762,-3.925,11.4,0,23
BELFA,Technology,SECTOR_TECHNOLOGY,8,3,5,37.5,1.2757,0.1291,99.49,0.9949,460.32,360.83,10.8181,-5.6015,15.7543,-8.947,9.1,0,8
ZVRA,Healthcare,SECTOR_HEALTHCARE,19,7,12,36.84,1.3479,0.1282,240.45,2.4045,931.66,691.21,13.3628,-6.6807,23.3129,-14.3372,11.7,0,19
ECPG,Financials,SECTOR_FINANCIALS,15,6,9,40.0,1.2191,0.1277,144.55,1.4455,804.18,659.63,11.0483,-4.4435,22.4565,-7.9795,18.9,1,14
OWL,Financials,SECTOR_FINANCIALS,23,10,13,43.48,1.4655,0.1277,352.99,3.5299,1111.37,758.38,6.4514,-4.5515,22.3195,-10.0862,12.9,0,23
SBUX,Consumer Discretionary,SECTOR_CONSUMER_DISCRETIONARY,16,5,11,31.25,1.3999,0.1277,271.26,2.7126,949.53,678.27,9.0836,-2.92,20.3686,-5.1915,16.4,1,15
NEOG,Healthcare,SECTOR_HEALTHCARE,11,3,8,27.27,1.2741,0.127,185.75,1.8575,863.49,677.74,24.6322,-7.2956,54.4662,-9.5602,28.3,2,9
MDLZ,Consumer Staples,SECTOR_CONSUMER_STAPLES,17,7,10,41.18,1.3628,0.1265,264.87,2.6487,994.86,729.99,5.5822,-2.6965,12.9861,-5.509,10.9,0,17
ELAN,Healthcare,SECTOR_HEALTHCARE,20,9,11,45.0,1.3805,0.126,242.18,2.4218,878.67,636.49,8.3227,-3.8576,27.193,-8.0502,13.5,1,19
HBNC,Financials,SECTOR_FINANCIALS,14,5,9,35.71,1.2773,0.1254,186.8,1.868,860.46,673.66,13.1957,-4.4064,40.1623,-6.4061,19.1,1,13
DKS,Consumer Discretionary,SECTOR_CONSUMER_DISCRETIONARY,22,4,18,18.18,1.2946,0.1244,305.88,3.0588,1344.24,1038.36,20.8689,-4.1002,41.4316,-14.167,10.4,0,22
NEGG,Consumer Discretionary,SECTOR_CONSUMER_DISCRETIONARY,13,4,9,30.77,1.1791,0.1243,154.46,1.5446,1016.84,862.38,57.0426,-15.8844,93.7736,-21.8556,13.5,1,12
ECL,Materials,SECTOR_MATERIALS,25,11,14,44.0,1.3641,0.1233,306.63,3.0663,1148.85,842.22,3.8581,-2.5798,12.6328,-6.0247,13.8,1,24
HLNE,Financials,SECTOR_FINANCIALS,23,11,12,47.83,1.3282,0.1225,277.81,2.7781,1124.32,846.51,6.1177,-4.1676,20.6484,-7.7442,11.4,0,23
BLBD,Industrials,SECTOR_INDUSTRIALS,20,9,11,45.0,1.4085,0.1224,316.59,3.1659,1091.65,775.06,8.8046,-7.3896,33.5388,-11.2842,10.8,1,19
ETB,Financials,SECTOR_FINANCIALS,17,7,10,41.18,1.4392,0.1224,220.75,2.2075,723.42,502.67,2.9389,-1.539,5.8437,-6.8212,16.8,0,17
CNS,Financials,SECTOR_FINANCIALS,13,6,7,46.15,1.5181,0.1218,263.73,2.6373,772.74,509.01,7.0363,-4.5119,23.3912,-6.7688,19.6,1,12
AAMI,Financials,SECTOR_FINANCIALS,21,5,16,23.81,1.0401,0.1213,44.8,0.448,1161.9,1117.1,14.8068,-4.4043,27.5056,-8.6308,13.0,0,21
EZPW,Financials,SECTOR_FINANCIALS,24,9,15,37.5,1.4557,0.1209,319.43,3.1943,1020.38,700.95,7.4726,-3.0494,16.6021,-9.669,9.8,0,24
TXN,Technology,SECTOR_TECHNOLOGY,22,9,13,40.91,1.3279,0.1209,298.89,2.9889,1210.32,911.43,7.6046,-3.573,21.9036,-6.0088,11.0,0,22
CFLT,Technology,SECTOR_TECHNOLOGY,15,6,9,40.0,1.2263,0.1206,211.32,2.1132,1145.07,933.75,17.0227,-10.3857,40.1464,-23.469,15.9,0,15
YOU,Technology,SECTOR_TECHNOLOGY,14,6,8,42.86,1.2291,0.1204,148.03,1.4803,794.07,646.04,10.3604,-6.9933,25.8776,-10.1265,18.6,0,14
RBCAA,Financials,SECTOR_FINANCIALS,21,11,10,52.38,1.2148,0.1199,140.46,1.4046,794.5,654.04,4.0644,-3.6776,8.5063,-5.9417,10.8,0,21
EPD,Energy,SECTOR_ENERGY,17,6,11,35.29,1.3211,0.1197,212.52,2.1252,874.28,661.76,3.6266,-1.8289,9.4,-3.6544,10.1,0,17
MSFT,Technology,SECTOR_TECHNOLOGY,24,11,13,45.83,1.2807,0.1195,240.57,2.4057,1097.74,857.17,5.0311,-2.9036,21.222,-6.4186,11.7,0,24
POWL,Industrials,SECTOR_INDUSTRIALS,29,11,18,37.93,1.2749,0.1193,339.94,3.3994,1576.72,1236.78,14.8521,-6.972,44.1083,-14.8118,10.4,0,29
SPGI,Financials,SECTOR_FINANCIALS,21,11,10,52.38,1.3219,0.1192,227.57,2.2757,934.5,706.93,3.4577,-2.6595,9.897,-5.4037,16.8,0,21
TEAM,Technology,SECTOR_TECHNOLOGY,17,6,11,35.29,1.1211,0.1191,124.7,1.247,1154.24,1029.54,16.8261,-9.2029,32.4307,-13.36,13.8,2,15
GILD,Healthcare,SECTOR_HEALTHCARE,24,8,16,33.33,1.2129,0.1187,250.35,2.5035,1426.21,1175.86,8.1896,-2.9294,29.5813,-5.5,10.0,0,24
CNOB,Financials,SECTOR_FINANCIALS,17,7,10,41.18,1.379,0.1185,275.27,2.7527,1001.57,726.3,10.1549,-4.4397,27.2156,-6.3984,14.1,0,17
AMBA,Technology,SECTOR_TECHNOLOGY,17,6,11,35.29,1.3021,0.1181,240.8,2.408,1037.8,797.0,16.6084,-6.3186,39.856,-10.7141,17.9,2,15
EXPE,Consumer Discretionary,SECTOR_CONSUMER_DISCRETIONARY,20,10,10,50.0,1.3053,0.1175,254.28,2.5428,1087.03,832.75,7.3699,-6.2268,24.2142,-12.5185,16.6,1,19
VVV,Consumer Discretionary,SECTOR_CONSUMER_DISCRETIONARY,20,9,11,45.0,1.3299,0.1169,249.84,2.4984,1007.12,757.28,5.7808,-3.266,13.4534,-8.8229,13.7,1,19
NEU,Materials,SECTOR_MATERIALS,25,10,15,40.0,1.2346,0.1168,243.46,2.4346,1281.02,1037.56,5.8804,-3.2136,12.0687,-5.9642,12.9,1,24
KOPN,Technology,SECTOR_TECHNOLOGY,20,5,15,25.0,1.1994,0.1167,233.99,2.3399,1407.71,1173.72,29.3701,-10.7455,82.1429,-16.5103,12.1,1,19
CNXN,Technology,SECTOR_TECHNOLOGY,15,6,9,40.0,1.3677,0.1147,171.23,1.7123,636.88,465.65,5.2945,-2.8091,10.0752,-4.6893,9.7,0,15
MHN,Financials,SECTOR_FINANCIALS,17,6,11,35.29,1.2531,0.1146,199.37,1.9937,987.21,787.84,4.1424,-1.5948,12.1925,-3.5256,13.5,0,17
GDV,Financials,SECTOR_FINANCIALS,18,8,10,44.44,1.2879,0.114,153.08,1.5308,684.71,531.63,2.894,-1.3782,7.3647,-4.6161,17.2,0,18
SSTK,Communication Services,SECTOR_COMMUNICATION_SERVICES,12,2,10,16.67,1.1977,0.1139,178.77,1.7877,1083.02,904.25,45.3746,-8.1094,51.1491,-16.8663,23.1,2,10
HWC,Financials,SECTOR_FINANCIALS,16,5,11,31.25,1.2984,0.1137,146.07,1.4607,635.58,489.51,9.5007,-2.5141,21.703,-6.5372,13.2,0,16
FOUR,Technology,SECTOR_TECHNOLOGY,20,10,10,50.0,1.3808,0.1136,266.35,2.6635,965.74,699.39,9.1772,-6.971,43.9881,-13.7915,15.7,1,19
BRZE,Technology,SECTOR_TECHNOLOGY,15,5,10,33.33,1.2587,0.1131,220.36,2.2036,1072.32,851.96,16.1892,-6.9723,24.7187,-9.6683,11.7,0,15
TNDM,Healthcare,SECTOR_HEALTHCARE,14,4,10,28.57,1.2607,0.113,184.05,1.8405,889.99,705.94,26.2753,-7.7653,46.9948,-12.1933,19.5,2,12
PNNT,Financials,SECTOR_FINANCIALS,15,6,9,40.0,1.217,0.113,127.81,1.2781,716.69,588.88,5.3604,-2.4252,10.8067,-5.4121,13.2,1,14
SAIA,Industrials,SECTOR_INDUSTRIALS,19,9,10,47.37,1.2864,0.1125,166.17,1.6617,746.38,580.21,7.9425,-4.5388,21.2987,-18.086,15.7,0,19
SES,Consumer Discretionary,SECTOR_CONSUMER_DISCRETIONARY,14,3,11,21.43,1.2449,0.1122,195.23,1.9523,992.4,797.17,59.3883,-11.4809,138.3253,-20.8035,19.3,3,11
UPST,Financials,SECTOR_FINANCIALS,18,6,12,33.33,1.1607,0.1121,173.1,1.731,1250.56,1077.46,34.8354,-14.7368,66.8,-22.0355,12.4,0,18
MMS,Industrials,SECTOR_INDUSTRIALS,21,8,13,38.1,1.2116,0.1121,188.46,1.8846,1079.01,890.55,6.7638,-3.216,17.801,-5.9058,11.0,1,20
PTA,Financials,SECTOR_FINANCIALS,19,10,9,52.63,1.394,0.1116,202.92,2.0292,717.96,515.04,2.3465,-1.6988,10.3372,-3.7302,16.0,1,18
FIVE,Consumer Discretionary,SECTOR_CONSUMER_DISCRETIONARY,22,6,16,27.27,1.2183,0.1115,189.04,1.8904,1055.09,866.05,16.8473,-4.2019,47.1429,-9.176,17.7,1,21
KRYS,Healthcare,SECTOR_HEALTHCARE,24,10,14,41.67,1.3205,0.1107,259.85,2.5985,1070.53,810.68,8.7735,-4.621,24.4721,-8.0805,9.8,0,24
QCRH,Financials,SECTOR_FINANCIALS,18,7,11,38.89,1.394,0.1106,270.06,2.7006,955.57,685.51,7.4535,-3.4469,18.952,-6.0504,11.2,0,18
FTDR,Consumer Discretionary,SECTOR_CONSUMER_DISCRETIONARY,23,8,15,34.78,1.2884,0.1103,263.36,2.6336,1176.56,913.2,8.989,-3.8137,26.2391,-9.4687,13.4,1,22
STEW,Financials,SECTOR_FINANCIALS,24,14,10,58.33,1.3714,0.1099,251.8,2.518,929.75,677.95,1.8148,-1.6489,9.4324,-3.8127,12.2,1,23
MCHB,Financials,SECTOR_FINANCIALS,14,4,10,28.57,1.1132,0.1096,71.98,0.7198,707.61,635.63,27.4724,-5.8013,82.5627,-12.3085,13.1,1,13
VC,Consumer Discretionary,SECTOR_CONSUMER_DISCRETIONARY,7,2,5,28.57,1.1866,0.1088,78.9,0.789,501.76,422.86,21.6521,-5.1226,39.655,-6.1092,17.7,1,6
LTBR,Industrials,SECTOR_INDUSTRIALS,18,4,14,22.22,1.1876,0.1088,181.16,1.8116,1146.64,965.48,45.3868,-9.6785,121.7791,-13.1579,8.5,0,18
DRS,Industrials,SECTOR_INDUSTRIALS,23,10,13,43.48,1.2331,0.1086,171.11,1.7111,905.03,733.92,5.8566,-4.0557,11.3544,-9.7043,11.1,1,22
GPOR,Energy,SECTOR_ENERGY,18,9,9,50.0,1.2845,0.1085,173.33,1.7333,782.6,609.27,6.1052,-4.6051,17.9356,-9.0017,12.7,0,18
CFFN,Financials,SECTOR_FINANCIALS,13,7,6,53.85,1.3101,0.108,158.29,1.5829,668.7,510.41,6.1246,-4.9532,23.1214,-7.2038,16.6,0,13
ALGT,Industrials,SECTOR_INDUSTRIALS,17,6,11,35.29,1.2596,0.108,186.56,1.8656,905.33,718.77,14.6836,-6.6719,31.1807,-13.6569,19.9,2,15
BRK-B,Financials,SECTOR_FINANCIALS,24,10,14,41.67,1.3738,0.1074,296.35,2.9635,1089.12,792.77,3.1356,-1.6825,8.7161,-3.7433,9.5,0,24
AVXL,Healthcare,SECTOR_HEALTHCARE,16,6,10,37.5,1.1704,0.107,139.22,1.3922,956.43,817.21,17.7292,-9.5578,36.7803,-22.4704,16.2,1,15
WMG,Communication Services,SECTOR_COMMUNICATION_SERVICES,18,5,13,27.78,1.179,0.107,171.95,1.7195,1132.43,960.48,13.0812,-4.5879,21.953,-9.349,15.7,2,16
ASB,Financials,SECTOR_FINANCIALS,17,8,9,47.06,1.3903,0.1069,222.78,2.2278,793.62,570.84,5.5628,-3.7501,19.4665,-8.2535,15.9,0,17
STRA,Consumer Staples,SECTOR_CONSUMER_STAPLES,19,10,9,52.63,1.3475,0.1069,257.56,2.5756,998.76,741.2,5.6745,-4.4308,23.0234,-6.5245,18.4,0,19
BCML,Financials,SECTOR_FINANCIALS,15,8,7,53.33,1.2602,0.1068,132.33,1.3233,640.97,508.64,4.5211,-3.4914,12.8175,-9.152,11.1,0,15
SSB,Financials,SECTOR_FINANCIALS,15,6,9,40.0,1.2456,0.1064,132.17,1.3217,670.31,538.14,5.324,-3.5743,15.5414,-7.8456,9.3,0,15
RF,Financials,SECTOR_FINANCIALS,17,7,10,41.18,1.2639,0.1063,132.41,1.3241,634.16,501.75,5.4397,-2.4697,15.2574,-6.9489,13.1,0,17
MYN,Financials,SECTOR_FINANCIALS,18,7,11,38.89,1.2751,0.105,175.64,1.7564,814.04,638.4,2.6098,-1.31,14.3805,-3.1773,21.0,0,18
LAUR,Consumer Staples,SECTOR_CONSUMER_STAPLES,24,10,14,41.67,1.198,0.1043,208.5,2.085,1261.4,1052.9,6.6865,-3.9251,19.4018,-9.5047,11.8,0,24
CFR,Financials,SECTOR_FINANCIALS,18,10,8,55.56,1.2609,0.1028,133.57,1.3357,645.6,512.03,3.5726,-3.5373,10.7143,-7.3397,12.7,0,18
KNTK,Energy,SECTOR_ENERGY,16,8,8,50.0,1.4182,0.1026,187.33,1.8733,635.28,447.95,4.1266,-3.3201,7.779,-7.5913,11.0,0,16
PHK,Financials,SECTOR_FINANCIALS,14,6,8,42.86,1.292,0.102,191.66,1.9166,848.13,656.47,3.2709,-2.3829,6.0852,-4.0652,15.6,0,14
CHTR,Communication Services,SECTOR_COMMUNICATION_SERVICES,12,4,8,33.33,1.3464,0.102,207.46,2.0746,806.37,598.91,11.9999,-5.4145,24.7032,-9.7975,16.0,1,11
ABCB,Financials,SECTOR_FINANCIALS,22,8,14,36.36,1.2589,0.1017,206.57,2.0657,1004.57,798.0,8.7631,-3.3788,23.068,-7.2464,12.5,0,22
CPF,Financials,SECTOR_FINANCIALS,17,8,9,47.06,1.2856,0.1011,147.43,1.4743,663.71,516.28,4.4006,-3.4779,11.5252,-10.7879,17.1,0,17
LAW,Technology,SECTOR_TECHNOLOGY,11,2,9,18.18,1.1941,0.0994,142.41,1.4241,876.1,733.69,40.3604,-8.0109,51.4563,-14.0423,29.1,1,10
SEE,Consumer Discretionary,SECTOR_CONSUMER_DISCRETIONARY,13,6,7,46.15,1.1988,0.099,105.56,1.0556,636.44,530.88,7.4038,-4.5779,15.6131,-7.3592,26.3,1,12
BUI,Financials,SECTOR_FINANCIALS,21,10,11,47.62,1.2264,0.099,181.68,1.8168,984.3,802.62,3.2007,-2.2473,5.9541,-3.7442,13.8,0,21
TNC,Industrials,SECTOR_INDUSTRIALS,15,5,10,33.33,1.1564,0.0966,118.48,1.1848,875.86,757.38,6.991,-3.9816,25.1082,-7.6993,27.0,1,14
SENEA,Consumer Staples,SECTOR_CONSUMER_STAPLES,28,13,15,46.43,1.1865,0.0962,192.56,1.9256,1225.3,1032.74,6.4705,-4.0743,34.2636,-8.1849,10.8,0,28
QUAD,Industrials,SECTOR_INDUSTRIALS,15,7,8,46.67,1.3729,0.0961,191.29,1.9129,704.25,512.96,11.7394,-7.514,37.2611,-11.7593,16.4,0,15
NAC,Financials,SECTOR_FINANCIALS,16,6,10,37.5,1.1164,0.096,94.77,0.9477,908.92,814.15,3.1833,-1.737,10.3896,-3.2529,19.1,0,16
ARHS,Consumer Discretionary,SECTOR_CONSUMER_DISCRETIONARY,10,5,5,50.0,1.2398,0.096,81.23,0.8123,420.01,338.78,7.4575,-6.8904,15.3061,-10.6776,12.9,0,10
NG,Materials,SECTOR_MATERIALS,19,8,11,42.11,1.1643,0.0954,143.03,1.4303,1013.35,870.32,12.4136,-7.8557,33.7912,-11.8026,11.2,1,18
RRBI,Financials,SECTOR_FINANCIALS,20,10,10,50.0,1.2523,0.095,182.55,1.8255,906.11,723.56,4.5011,-3.8615,9.733,-6.7035,9.6,0,20
HAE,Healthcare,SECTOR_HEALTHCARE,18,9,9,50.0,1.3632,0.0946,209.79,2.0979,787.44,577.65,5.7659,-4.3728,20.2644,-9.4158,15.2,1,17
ANAB,Healthcare,SECTOR_HEALTHCARE,21,6,15,28.57,1.2445,0.0945,255.29,2.5529,1299.23,1043.94,22.5126,-8.2281,37.3923,-15.8141,11.9,1,20
LSCC,Technology,SECTOR_TECHNOLOGY,21,9,12,42.86,1.3259,0.0943,261.43,2.6143,1063.52,802.09,10.3326,-6.3885,26.8419,-12.4337,15.2,1,20
KSS,Consumer Discretionary,SECTOR_CONSUMER_DISCRETIONARY,14,4,10,28.57,1.1409,0.0941,142.69,1.4269,1155.21,1012.52,36.3057,-9.469,102.5862,-23.342,19.5,2,12
ENSG,Healthcare,SECTOR_HEALTHCARE,25,10,15,40.0,1.2977,0.0935,260.83,2.6083,1137.05,876.22,5.6621,-2.7823,10.9083,-5.0017,10.1,0,25
RMNI,Technology,SECTOR_TECHNOLOGY,14,5,9,35.71,1.2307,0.0932,166.2,1.662,886.6,720.4,17.8811,-8.1339,32.1429,-12.0922,29.8,0,14
TRMK,Financials,SECTOR_FINANCIALS,18,7,11,38.89,1.3437,0.0932,227.41,2.2741,888.99,661.58,6.9985,-3.6838,19.0184,-8.274,15.1,0,18
PFN,Financials,SECTOR_FINANCIALS,13,7,6,53.85,1.4083,0.0928,138.7,1.387,478.43,339.73,1.6465,-1.7867,4.2838,-4.0205,12.8,0,13
LAZ,Financials,SECTOR_FINANCIALS,22,6,16,27.27,1.1543,0.0927,158.66,1.5866,1186.84,1028.18,14.7235,-4.0469,37.9439,-8.8318,12.5,1,21
PFSI,Financials,SECTOR_FINANCIALS,24,9,15,37.5,1.3277,0.0926,277.73,2.7773,1125.36,847.63,7.4226,-3.4831,20.0,-9.5029,11.2,0,24
IBEX,Technology,SECTOR_TECHNOLOGY,12,6,6,50.0,1.2683,0.0922,107.01,1.0701,505.86,398.85,5.7493,-4.9194,13.7431,-7.8102,18.1,0,12
NRGV,Utilities,SECTOR_UTILITIES,15,3,12,20.0,1.1531,0.0921,154.54,1.5454,1163.96,1009.42,61.806,-14.8235,79.798,-22.9433,18.7,0,15
PRK,Financials,SECTOR_FINANCIALS,22,8,14,36.36,1.0089,0.0918,9.74,0.0974,1108.01,1098.27,8.1615,-4.3263,15.6177,-14.4124,9.0,0,22
ORI,Financials,SECTOR_FINANCIALS,25,10,15,40.0,1.3481,0.0918,303.09,3.0309,1173.79,870.7,3.7491,-1.9193,6.7678,-4.1625,10.8,0,25
CVLG,Industrials,SECTOR_INDUSTRIALS,24,7,17,29.17,1.3187,0.0917,288.73,2.8873,1194.77,906.04,11.8611,-3.6444,20.2363,-13.9957,10.8,1,23
PEGA,Technology,SECTOR_TECHNOLOGY,22,8,14,36.36,1.2073,0.0907,164.75,1.6475,959.31,794.56,9.079,-4.233,27.4002,-11.0523,14.6,0,22
ANIP,Healthcare,SECTOR_HEALTHCARE,20,7,13,35.0,1.2626,0.0904,236.35,2.3635,1136.48,900.13,11.0739,-5.1988,38.6933,-9.8194,10.9,0,20
PHM,Consumer Discretionary,SECTOR_CONSUMER_DISCRETIONARY,23,9,14,39.13,1.225,0.0895,221.57,2.2157,1206.26,984.69,7.289,-4.2902,26.0875,-8.681,11.3,0,23
CRWD,Technology,SECTOR_TECHNOLOGY,28,10,18,35.71,1.332,0.0892,297.04,2.9704,1191.78,894.74,9.5278,-4.2,26.8135,-11.67,12.8,1,27
FHB,Financials,SECTOR_FINANCIALS,17,7,10,41.18,1.1815,0.0891,134.57,1.3457,875.87,741.3,6.6143,-4.3526,13.3532,-8.4292,14.4,2,15
GNTX,Consumer Discretionary,SECTOR_CONSUMER_DISCRETIONARY,17,4,13,23.53,1.1619,0.0887,160.22,1.6022,1149.69,989.47,13.0236,-3.5168,20.9586,-7.1063,13.2,0,17
HDSN,Materials,SECTOR_MATERIALS,13,6,7,46.15,1.2104,0.0884,85.82,0.8582,493.79,407.97,7.0047,-4.4084,15.2886,-9.049,10.8,0,13
ADUS,Healthcare,SECTOR_HEALTHCARE,16,6,10,37.5,1.2934,0.0884,157.99,1.5799,696.52,538.53,7.1616,-3.0303,12.8712,-5.6709,13.2,1,15
ETV,Financials,SECTOR_FINANCIALS,20,8,12,40.0,1.3122,0.0878,216.69,2.1669,910.83,694.14,3.157,-1.6252,9.2776,-5.1561,14.8,0,20
UVV,Consumer Staples,SECTOR_CONSUMER_STAPLES,18,5,13,27.78,1.1742,0.0876,160.54,1.6054,1082.24,921.7,9.6131,-3.0282,30.4866,-5.9559,11.0,1,17
RAMP,Technology,SECTOR_TECHNOLOGY,16,4,12,25.0,1.0508,0.0868,40.88,0.4088,845.57,804.69,15.1992,-4.0546,22.3981,-9.5737,18.6,1,15
ATKR,Industrials,SECTOR_INDUSTRIALS,15,8,7,53.33,1.2601,0.0867,143.38,1.4338,694.69,551.31,6.0054,-5.499,18.2383,-8.9682,15.7,0,15
UVSP,Financials,SECTOR_FINANCIALS,14,5,9,35.71,1.2038,0.0867,116.85,1.1685,690.22,573.37,7.9737,-4.098,15.9563,-8.3646,11.6,0,14
TTD,Communication Services,SECTOR_COMMUNICATION_SERVICES,19,6,13,31.58,1.2467,0.0865,182.57,1.8257,922.72,740.15,14.4061,-4.0373,33.6117,-11.3574,14.0,2,17
APEI,Consumer Staples,SECTOR_CONSUMER_STAPLES,18,4,14,22.22,1.0926,0.0861,88.71,0.8871,1046.44,957.73,25.3099,-7.2071,35.2527,-14.3057,19.7,1,17
ITT,Industrials,SECTOR_INDUSTRIALS,29,15,14,51.72,1.3159,0.086,254.97,2.5497,1062.12,807.15,3.7204,-2.6355,13.1045,-6.1471,9.8,0,29
ALRS,Financials,SECTOR_FINANCIALS,15,5,10,33.33,1.1879,0.0855,102.63,1.0263,648.83,546.2,9.036,-2.9173,21.9678,-6.4167,13.1,0,15
EFX,Industrials,SECTOR_INDUSTRIALS,18,7,11,38.89,1.1993,0.0853,166.72,1.6672,1003.42,836.7,8.5935,-4.1317,21.7853,-6.9396,15.1,1,17
TE,Industrials,SECTOR_INDUSTRIALS,17,6,11,35.29,1.0525,0.0847,49.38,0.4938,989.58,940.2,27.1129,-12.8653,66.6197,-15.8908,11.4,1,16
OBT,Financials,SECTOR_FINANCIALS,16,5,11,31.25,1.2416,0.0846,148.99,1.4899,765.63,616.64,13.5609,-3.2408,26.0331,-7.0255,13.4,0,16
PL,Industrials,SECTOR_INDUSTRIALS,19,4,15,21.05,1.0366,0.0843,48.36,0.4836,1370.19,1321.83,42.1513,-9.3726,58.2996,-14.6942,14.2,0,19
ARDC,Financials,SECTOR_FINANCIALS,15,7,8,46.67,1.214,0.0835,121.23,1.2123,687.7,566.47,2.4221,-1.7566,4.872,-3.1543,18.1,0,15
QCOM,Technology,SECTOR_TECHNOLOGY,18,9,9,50.0,1.1212,0.0835,97.66,0.9766,903.7,806.04,5.6502,-5.2492,16.1984,-10.0162,12.6,0,18
TW,Financials,SECTOR_FINANCIALS,20,8,12,40.0,1.2567,0.0834,214.06,2.1406,1047.97,833.91,6.4983,-3.6114,19.0973,-6.5847,13.7,1,19
FMBH,Financials,SECTOR_FINANCIALS,17,7,10,41.18,1.1513,0.0829,115.2,1.152,876.52,761.32,6.8311,-4.2858,13.2231,-7.3573,13.9,0,17
SR,Utilities,SECTOR_UTILITIES,20,8,12,40.0,1.2706,0.0826,193.82,1.9382,910.12,716.3,4.3166,-2.2528,11.467,-3.9022,9.2,1,19
BLFS,Healthcare,SECTOR_HEALTHCARE,15,6,9,40.0,1.2863,0.0825,152.87,1.5287,686.88,534.01,15.5322,-6.3216,46.6352,-13.4214,12.0,0,15
RCUS,Healthcare,SECTOR_HEALTHCARE,13,2,11,15.38,1.1743,0.0822,161.71,1.6171,1089.62,927.91,56.0576,-9.5719,84.6352,-14.6789,21.2,1,12
MRTN,Industrials,SECTOR_INDUSTRIALS,6,2,4,33.33,1.1259,0.0821,51.44,0.5144,460.02,408.58,11.8887,-5.4919,19.0979,-7.0166,15.0,0,6
UA,Consumer Discretionary,SECTOR_CONSUMER_DISCRETIONARY,16,5,11,31.25,1.0355,0.082,34.24,0.3424,997.77,963.53,18.8395,-6.7874,52.9745,-15.6507,16.1,2,14
BATRK,Communication Services,SECTOR_COMMUNICATION_SERVICES,21,9,12,42.86,1.2528,0.0819,176.32,1.7632,873.79,697.47,4.1947,-2.6448,9.454,-5.0731,11.3,0,21
TFC,Financials,SECTOR_FINANCIALS,21,7,14,33.33,1.152,0.0818,132.15,1.3215,1001.39,869.24,7.6817,-3.6602,20.1297,-8.0821,12.7,1,20
FET,Energy,SECTOR_ENERGY,11,5,6,45.45,1.1428,0.0814,82.46,0.8246,659.87,577.41,11.8323,-7.0626,19.9095,-9.9782,10.2,0,11
IR,Industrials,SECTOR_INDUSTRIALS,26,10,16,38.46,1.2065,0.0812,218.59,2.1859,1277.35,1058.76,5.7809,-3.0246,15.413,-8.1216,10.2,0,26
VAC,Consumer Discretionary,SECTOR_CONSUMER_DISCRETIONARY,14,5,9,35.71,1.1274,0.081,99.93,0.9993,884.06,784.13,13.6153,-6.0295,24.4038,-8.0323,16.1,2,12
CMCO,Industrials,SECTOR_INDUSTRIALS,17,6,11,35.29,1.2031,0.0805,178.51,1.7851,1057.33,878.82,11.5997,-5.4745,23.8543,-10.8455,16.2,1,16
FRST,Financials,SECTOR_FINANCIALS,13,5,8,38.46,1.1487,0.0804,118.83,1.1883,918.09,799.26,11.861,-5.275,18.5106,-7.5,18.9,1,12
TALK,Healthcare,SECTOR_HEALTHCARE,19,7,12,36.84,1.322,0.0798,205.87,2.0587,845.17,639.3,14.405,-7.9558,51.4393,-20.8182,19.5,0,19
NBHC,Financials,SECTOR_FINANCIALS,19,7,12,36.84,1.1413,0.0794,143.7,1.437,1160.61,1016.91,8.333,-4.765,14.9846,-8.513,13.5,1,18
ETR,Utilities,SECTOR_UTILITIES,17,8,9,47.06,1.2266,0.0794,162.76,1.6276,881.18,718.42,3.7443,-3.3351,7.4959,-6.6015,11.0,0,17
DFP,Financials,SECTOR_FINANCIALS,19,9,10,47.37,1.2076,0.0792,150.69,1.5069,876.58,725.89,1.892,-2.0043,5.9731,-3.4708,15.9,1,18
KTF,Financials,SECTOR_FINANCIALS,14,4,10,28.57,1.1785,0.079,127.42,1.2742,841.25,713.83,4.0205,-1.391,11.5578,-3.4146,22.9,0,14
MANH,Technology,SECTOR_TECHNOLOGY,20,11,9,55.0,1.3416,0.0787,286.12,2.8612,1123.67,837.55,5.5762,-5.6902,13.9871,-21.3444,11.3,0,20
OCFC,Financials,SECTOR_FINANCIALS,16,6,10,37.5,1.0923,0.0783,71.1,0.711,841.35,770.25,8.7142,-4.7571,16.724,-9.1528,18.7,1,15
JANX,Healthcare,SECTOR_HEALTHCARE,15,4,11,26.67,1.1391,0.078,146.01,1.4601,1195.85,1049.84,51.2462,-12.4566,184.1667,-29.2702,11.9,0,15
TCBI,Financials,SECTOR_FINANCIALS,19,9,10,47.37,1.4019,0.0777,152.8,1.528,533.03,380.23,4.163,-2.4136,15.6925,-7.2173,10.8,0,19
EE,Energy,SECTOR_ENERGY,16,5,11,31.25,1.1473,0.0774,123.2,1.232,959.62,836.42,12.6833,-5.1633,24.5,-8.4751,11.2,0,16
SLP,Healthcare,SECTOR_HEALTHCARE,15,7,8,46.67,1.3054,0.0769,172.11,1.7211,735.6,563.49,8.3317,-5.768,15.6677,-9.6004,21.9,1,14
AYI,Industrials,SECTOR_INDUSTRIALS,22,8,14,36.36,1.2063,0.0768,172.29,1.7229,1007.56,835.27,6.9722,-3.3467,15.263,-6.0471,12.0,1,21
ESE,Technology,SECTOR_TECHNOLOGY,24,11,13,45.83,1.2763,0.0767,243.93,2.4393,1126.87,882.94,5.7282,-3.4826,21.0713,-6.5476,10.6,0,24
STGW,Communication Services,SECTOR_COMMUNICATION_SERVICES,18,6,12,33.33,1.1156,0.0761,85.18,0.8518,821.76,736.58,14.4244,-4.867,33.7165,-9.0751,16.4,0,18
OUST,Technology,SECTOR_TECHNOLOGY,19,5,14,26.32,1.1581,0.0759,179.22,1.7922,1312.5,1133.28,33.6574,-12.8911,73.2904,-21.6144,16.2,1,18
ENS,Industrials,SECTOR_INDUSTRIALS,25,9,16,36.0,1.1714,0.0757,191.29,1.9129,1307.16,1115.87,7.6979,-3.7849,17.1282,-9.341,11.7,0,25
RRR,Consumer Discretionary,SECTOR_CONSUMER_DISCRETIONARY,21,11,10,52.38,1.21,0.0748,132.52,1.3252,763.43,630.91,4.6228,-3.9482,11.6204,-8.7234,12.6,0,21
GNK,Industrials,SECTOR_INDUSTRIALS,19,6,13,31.58,1.2143,0.0747,181.55,1.8155,1028.8,847.25,10.7998,-3.7892,20.5033,-8.2656,15.3,2,17
MEG,Industrials,SECTOR_INDUSTRIALS,14,6,8,42.86,1.156,0.0746,92.18,0.9218,683.25,591.07,13.8609,-7.4215,25.1947,-13.9364,19.8,1,13
GKOS,Healthcare,SECTOR_HEALTHCARE,23,13,10,56.52,1.362,0.0735,184.81,1.8481,695.33,510.52,4.6213,-3.8115,14.5963,-6.8058,11.0,1,22
PANW,Technology,SECTOR_TECHNOLOGY,24,8,16,33.33,1.2272,0.0731,214.32,2.1432,1157.8,943.48,8.325,-3.3516,23.2297,-15.1952,10.0,0,24
SMPL,Consumer Staples,SECTOR_CONSUMER_STAPLES,9,3,6,33.33,1.1557,0.0726,68.18,0.6818,506.2,438.02,8.345,-4.0901,9.0378,-6.9186,13.4,0,9
TRIP,Consumer Discretionary,SECTOR_CONSUMER_DISCRETIONARY,16,6,10,37.5,1.0993,0.0725,80.46,0.8046,890.91,810.45,10.3938,-5.9698,20.9839,-9.4521,17.6,2,14
EXP,Materials,SECTOR_MATERIALS,27,8,19,29.63,1.169,0.072,230.02,2.3002,1591.22,1361.2,10.0121,-4.3892,20.5426,-9.7061,10.4,0,27
GLAD,Financials,SECTOR_FINANCIALS,21,9,12,42.86,1.1394,0.0717,104.74,1.0474,856.27,751.53,3.4431,-2.4057,9.9372,-5.5402,15.0,0,21
DD,Materials,SECTOR_MATERIALS,23,11,12,47.83,1.2442,0.0717,209.0,2.09,1064.74,855.74,4.6655,-3.434,23.6071,-7.2768,11.0,1,22
HBT,Financials,SECTOR_FINANCIALS,14,8,6,57.14,1.1832,0.0714,81.16,0.8116,524.2,443.04,3.6504,-4.4063,7.5843,-7.1972,9.5,0,14
AMAT,Technology,SECTOR_TECHNOLOGY,27,10,17,37.04,1.1559,0.071,167.99,1.6799,1245.78,1077.79,7.8861,-4.104,17.2075,-9.5751,10.0,0,27
CTAS,Industrials,SECTOR_INDUSTRIALS,26,12,14,46.15,1.3108,0.0706,181.41,1.8141,765.17,583.76,2.4464,-1.6103,9.2083,-5.046,9.5,0,26
BCPC,Materials,SECTOR_MATERIALS,19,9,10,47.37,1.2067,0.0702,135.86,1.3586,793.07,657.21,3.8913,-3.0293,10.4616,-4.8754,11.1,0,19
WD,Financials,SECTOR_FINANCIALS,13,3,10,23.08,1.2323,0.0701,180.26,1.8026,956.19,775.93,21.5345,-4.8179,26.8869,-7.2546,18.0,1,12
Z,Communication Services,SECTOR_COMMUNICATION_SERVICES,19,8,11,42.11,1.0658,0.07,59.27,0.5927,960.28,901.01,11.6974,-6.3996,36.6667,-11.6057,13.6,1,18
NSSC,Industrials,SECTOR_INDUSTRIALS,23,8,15,34.78,1.2405,0.07,334.45,3.3445,1725.14,1390.69,15.9493,-7.1179,51.4072,-41.1596,12.9,1,22
OPLN,Consumer Discretionary,SECTOR_CONSUMER_DISCRETIONARY,24,10,14,41.67,1.2111,0.0699,167.75,1.6775,962.21,794.46,5.1913,-3.4637,12.8946,-8.7631,12.3,0,24
AAP,Consumer Discretionary,SECTOR_CONSUMER_DISCRETIONARY,12,4,8,33.33,1.128,0.0699,107.41,1.0741,946.74,839.33,20.9625,-7.0614,42.9405,-9.7841,14.6,0,12
AIZ,Financials,SECTOR_FINANCIALS,17,5,12,29.41,1.2132,0.0691,126.44,1.2644,719.5,593.06,6.6899,-2.0143,14.9739,-4.6408,14.0,0,17
SYK,Healthcare,SECTOR_HEALTHCARE,20,12,8,60.0,1.3328,0.0682,212.84,2.1284,852.43,639.59,3.2459,-3.4353,14.339,-7.1753,15.2,0,20
BGC,Financials,SECTOR_FINANCIALS,24,11,13,45.83,1.1362,0.0677,111.2,1.112,927.44,816.24,6.4638,-4.1066,19.764,-7.0435,10.2,1,23
GXO,Industrials,SECTOR_INDUSTRIALS,18,8,10,44.44,1.2065,0.0676,135.26,1.3526,790.21,654.95,7.8398,-3.6221,28.311,-5.3725,13.5,0,18
KLIC,Technology,SECTOR_TECHNOLOGY,19,9,10,47.37,1.2162,0.0661,176.59,1.7659,993.53,816.94,7.7886,-6.104,19.72,-9.3252,15.0,1,18
VLO,Energy,SECTOR_ENERGY,7,3,4,42.86,1.0508,0.0659,19.91,0.1991,411.9,391.99,8.4465,-5.6849,15.0759,-6.2962,15.3,0,7
AMPX,Industrials,SECTOR_INDUSTRIALS,13,5,8,38.46,1.1679,0.0656,101.1,1.011,703.26,602.16,22.0319,-13.8689,59.6882,-20.368,12.0,1,12
OSIS,Technology,SECTOR_TECHNOLOGY,26,10,16,38.46,1.221,0.0652,224.35,2.2435,1239.48,1015.13,6.7851,-3.829,15.4844,-5.5892,12.5,0,26
EBC,Financials,SECTOR_FINANCIALS,17,10,7,58.82,1.0072,0.0651,4.31,0.0431,606.51,602.2,3.5372,-5.2723,11.7834,-9.1898,14.5,0,17
NDAQ,Financials,SECTOR_FINANCIALS,24,9,15,37.5,1.102,0.0645,107.17,1.0717,1157.68,1050.51,6.0242,-2.6235,15.1804,-7.3778,11.2,1,23
GSBC,Financials,SECTOR_FINANCIALS,13,5,8,38.46,1.2106,0.0643,123.86,1.2386,712.06,588.2,7.2276,-4.4493,13.5437,-6.9908,11.5,0,13
MRVL,Technology,SECTOR_TECHNOLOGY,19,6,13,31.58,1.1918,0.0642,200.94,2.0094,1248.59,1047.65,14.7767,-7.1117,33.6857,-14.1597,14.4,1,18
CLMT,Materials,SECTOR_MATERIALS,11,5,6,45.45,1.248,0.0638,96.47,0.9647,485.54,389.07,11.5337,-5.1439,30.3691,-9.9102,9.6,1,10
IPAR,Consumer Staples,SECTOR_CONSUMER_STAPLES,20,10,10,50.0,1.2627,0.0633,189.5,1.895,910.86,721.36,5.9668,-4.71,15.1883,-7.0236,10.6,0,20
CGNX,Technology,SECTOR_TECHNOLOGY,19,7,12,36.84,1.1365,0.0631,133.14,1.3314,1108.75,975.61,10.9428,-5.2409,49.2224,-8.6842,14.9,1,18
SWIM,Industrials,SECTOR_INDUSTRIALS,13,5,8,38.46,1.0821,0.0629,53.67,0.5367,707.04,653.37,20.1354,-11.6941,64.3258,-17.58,20.2,1,12
PCOR,Technology,SECTOR_TECHNOLOGY,19,9,10,47.37,1.3101,0.0625,189.96,1.8996,802.52,612.56,7.053,-4.996,19.7963,-12.0047,11.3,0,19
PB,Financials,SECTOR_FINANCIALS,15,7,8,46.67,1.1773,0.0623,118.64,1.1864,787.92,669.28,5.5452,-4.1682,12.2446,-5.6033,15.1,0,15
IVZ,Financials,SECTOR_FINANCIALS,20,9,11,45.0,1.0762,0.062,68.39,0.6839,965.61,897.22,6.98,-4.6913,20.5556,-7.2645,14.7,0,20
HLT,Consumer Discretionary,SECTOR_CONSUMER_DISCRETIONARY,26,11,15,42.31,1.2398,0.062,200.12,2.0012,1034.49,834.37,3.8023,-2.6985,6.2725,-6.9121,11.3,0,26
OZK,Financials,SECTOR_FINANCIALS,22,10,12,45.45,1.0612,0.0614,49.33,0.4933,855.55,806.22,5.7981,-3.8541,18.3403,-7.171,12.5,1,21
MUA,Financials,SECTOR_FINANCIALS,14,4,10,28.57,1.0871,0.0613,73.54,0.7354,917.68,844.14,6.0747,-2.6681,12.9787,-4.815,23.2,2,12
RKT,Financials,SECTOR_FINANCIALS,22,8,14,36.36,1.1063,0.0605,93.43,0.9343,972.26,878.83,11.9103,-5.7786,43.2373,-12.0067,12.4,0,22
PAR,Technology,SECTOR_TECHNOLOGY,22,8,14,36.36,1.1748,0.0604,171.83,1.7183,1154.67,982.84,12.2055,-6.467,41.0645,-11.4469,10.8,1,21
KLAC,Technology,SECTOR_TECHNOLOGY,27,14,13,51.85,1.3056,0.0602,239.32,2.3932,1022.38,783.06,5.1233,-4.3432,15.5037,-12.7132,8.9,0,27
NEWT,Financials,SECTOR_FINANCIALS,17,7,10,41.18,1.0765,0.0602,54.11,0.5411,761.82,707.71,7.9254,-5.3012,26.4591,-9.8882,14.4,1,16
BCX,Financials,SECTOR_FINANCIALS,19,8,11,42.11,1.0897,0.0599,54.06,0.5406,656.42,602.36,2.9826,-1.7887,9.482,-3.561,10.7,0,19
BRO,Financials,SECTOR_FINANCIALS,19,9,10,47.37,1.1444,0.0598,124.49,1.2449,986.74,862.25,4.0397,-3.2029,8.7539,-5.4778,12.7,1,18
FFA,Financials,SECTOR_FINANCIALS,18,9,9,50.0,1.2359,0.0597,79.76,0.7976,417.85,338.09,1.8511,-1.1134,6.501,-4.3802,18.5,1,17
BATRA,Communication Services,SECTOR_COMMUNICATION_SERVICES,18,7,11,38.89,1.1886,0.0595,112.09,1.1209,706.31,594.22,4.1796,-2.3486,10.2521,-6.2151,9.9,0,18
USCB,Financials,SECTOR_FINANCIALS,16,4,12,25.0,1.072,0.0588,51.74,0.5174,770.47,718.73,12.2746,-3.6839,27.3548,-8.2641,8.6,0,16
ONB,Financials,SECTOR_FINANCIALS,22,8,14,36.36,1.2336,0.0585,207.49,2.0749,1095.9,888.41,8.01,-3.1963,22.8404,-5.4692,11.9,0,22
XPRO,Energy,SECTOR_ENERGY,19,6,13,31.58,1.1826,0.0583,140.6,1.406,910.46,769.86,15.13,-5.0377,55.6122,-10.9178,13.3,0,19
AMWD,Consumer Discretionary,SECTOR_CONSUMER_DISCRETIONARY,17,5,12,29.41,1.2802,0.0572,213.73,2.1373,976.49,762.76,11.3813,-4.8624,36.2747,-9.7603,14.0,1,16
HQL,Financials,SECTOR_FINANCIALS,15,5,10,33.33,1.1452,0.0569,118.39,1.1839,933.49,815.1,5.6713,-3.5074,10.2138,-5.4403,21.7,1,14
STEP,Financials,SECTOR_FINANCIALS,24,11,13,45.83,1.1205,0.0566,93.29,0.9329,867.37,774.08,5.7977,-4.0878,23.834,-8.7967,11.4,0,24
OMER,Healthcare,SECTOR_HEALTHCARE,18,5,13,27.78,1.0298,0.0556,35.46,0.3546,1226.25,1190.79,42.3679,-12.6114,95.6757,-24.5783,14.6,2,16
AREC,Materials,SECTOR_MATERIALS,16,6,10,37.5,1.2174,0.0552,155.37,1.5537,870.03,714.66,21.6302,-11.8459,34.6667,-25.1969,13.2,0,16
T,Communication Services,SECTOR_COMMUNICATION_SERVICES,24,9,15,37.5,1.1306,0.0545,107.9,1.079,934.23,826.33,4.2259,-2.1204,8.4577,-4.4949,9.6,0,24
DECK,Consumer Discretionary,SECTOR_CONSUMER_DISCRETIONARY,28,11,17,39.29,1.1584,0.0545,219.54,2.1954,1605.56,1386.02,9.5148,-5.7452,29.6188,-20.7349,11.1,1,27
COHR,Technology,SECTOR_TECHNOLOGY,22,8,14,36.36,1.2078,0.0541,185.84,1.8584,1080.1,894.26,11.6726,-6.087,21.567,-11.2661,13.5,0,22
CATY,Financials,SECTOR_FINANCIALS,14,7,7,50.0,1.153,0.0534,71.41,0.7141,538.23,466.82,4.926,-3.8973,14.3308,-7.2269,12.8,0,14
MDU,Utilities,SECTOR_UTILITIES,26,8,18,30.77,1.1216,0.0534,137.53,1.3753,1268.42,1130.89,7.1525,-2.4262,14.7214,-4.571,8.9,0,26
CALY,Consumer Discretionary,SECTOR_CONSUMER_DISCRETIONARY,13,5,8,38.46,1.1342,0.0529,84.0,0.84,709.85,625.85,12.459,-7.1253,19.7059,-10.8557,19.7,0,13
VCEL,Healthcare,SECTOR_HEALTHCARE,16,6,10,37.5,1.0059,0.0527,4.63,0.0463,791.15,786.52,11.965,-6.3053,25.3863,-10.3809,14.6,1,15
BLD,Industrials,SECTOR_INDUSTRIALS,23,8,15,34.78,1.1134,0.0525,120.39,1.2039,1181.58,1061.19,11.1449,-5.1865,36.1153,-8.7963,12.3,1,22
IIIV,Technology,SECTOR_TECHNOLOGY,16,8,8,50.0,1.1093,0.052,74.46,0.7446,755.95,681.49,6.2106,-6.4983,17.4538,-9.562,11.5,0,16
RVLV,Consumer Discretionary,SECTOR_CONSUMER_DISCRETIONARY,17,7,10,41.18,1.0126,0.052,11.77,0.1177,946.95,935.18,12.9689,-9.51,30.5216,-14.8373,17.1,1,16
V,Financials,SECTOR_FINANCIALS,25,10,15,40.0,1.2128,0.0513,164.7,1.647,938.55,773.85,3.3178,-2.1334,7.9195,-6.2185,11.6,0,25
LZ,Industrials,SECTOR_INDUSTRIALS,13,5,8,38.46,1.1324,0.0506,92.07,0.9207,787.48,695.41,12.7117,-8.1174,35.2593,-13.9875,19.0,2,11
PEO,Financials,SECTOR_FINANCIALS,17,8,9,47.06,1.1702,0.0506,122.31,1.2231,840.86,718.55,3.3086,-2.4264,12.4525,-3.6522,9.5,0,17
ALGM,Technology,SECTOR_TECHNOLOGY,19,7,12,36.84,1.0566,0.0499,62.95,0.6295,1175.89,1112.94,14.1077,-7.4268,21.9512,-13.9415,13.5,0,19
FWRG,Consumer Discretionary,SECTOR_CONSUMER_DISCRETIONARY,14,6,8,42.86,1.1079,0.0498,59.54,0.5954,611.23,551.69,7.1806,-5.3569,13.5275,-8.1253,13.4,0,14
TTEK,Industrials,SECTOR_INDUSTRIALS,19,9,10,47.37,1.283,0.0493,156.97,1.5697,711.7,554.73,4.7504,-3.0876,20.7717,-6.3705,11.1,1,18
IAC,Communication Services,SECTOR_COMMUNICATION_SERVICES,13,5,8,38.46,1.135,0.0487,115.0,1.15,966.93,851.93,12.5536,-7.4451,26.5226,-10.5613,26.4,1,12
SNOW,Technology,SECTOR_TECHNOLOGY,19,5,14,26.32,1.0927,0.0487,106.19,1.0619,1251.97,1145.78,19.8108,-7.6154,45.1791,-13.3599,16.4,1,18
TTC,Industrials,SECTOR_INDUSTRIALS,16,6,10,37.5,1.2092,0.0487,205.08,2.0508,1185.54,980.46,10.0329,-5.1075,22.8848,-8.5552,15.3,2,14
INGR,Consumer Staples,SECTOR_CONSUMER_STAPLES,22,12,10,54.55,1.1408,0.0483,96.35,0.9635,780.56,684.21,2.6578,-2.6922,13.2568,-4.4188,11.8,1,21
PANL,Industrials,SECTOR_INDUSTRIALS,12,6,6,50.0,1.1039,0.0476,57.94,0.5794,615.45,557.51,6.3953,-6.7793,17.0772,-8.218,11.5,0,12
THFF,Financials,SECTOR_FINANCIALS,15,6,9,40.0,1.1357,0.0473,91.56,0.9156,766.05,674.49,6.6947,-4.1339,18.9626,-6.5971,14.1,0,15
TRN,Industrials,SECTOR_INDUSTRIALS,18,8,10,44.44,1.1144,0.0467,71.12,0.7112,692.99,621.87,5.712,-3.4189,21.0314,-6.6304,15.8,0,18
FSLR,Technology,SECTOR_TECHNOLOGY,23,6,17,26.09,1.1182,0.0465,142.52,1.4252,1348.78,1206.26,20.6687,-7.3719,77.2974,-15.9346,10.1,0,23
UVE,Financials,SECTOR_FINANCIALS,22,8,14,36.36,1.0285,0.0457,30.8,0.308,1111.33,1080.53,9.612,-4.7546,18.0828,-9.5841,10.7,1,21
LII,Industrials,SECTOR_INDUSTRIALS,26,10,16,38.46,1.1747,0.0456,134.89,1.3489,907.17,772.28,5.6102,-2.8784,15.7176,-6.0323,10.5,0,26
GRNT,Energy,SECTOR_ENERGY,12,7,5,58.33,1.0815,0.0446,38.84,0.3884,515.32,476.48,5.7071,-6.4176,12.9496,-8.9538,15.8,0,12
RZLT,Healthcare,SECTOR_HEALTHCARE,18,7,11,38.89,1.0472,0.0445,40.51,0.4051,899.12,858.61,41.8263,-11.5498,172.6531,-17.5931,17.2,0,18
SITM,Technology,SECTOR_TECHNOLOGY,23,8,15,34.78,1.1906,0.0445,193.88,1.9388,1210.99,1017.11,16.7946,-7.9492,31.1488,-14.815,12.4,1,22
MLR,Consumer Discretionary,SECTOR_CONSUMER_DISCRETIONARY,21,8,13,38.1,1.1552,0.0445,138.1,1.381,1028.02,889.92,6.3657,-4.1234,16.3823,-7.4516,12.1,1,20
CTRN,Consumer Discretionary,SECTOR_CONSUMER_DISCRETIONARY,19,5,14,26.32,1.098,0.0443,103.35,1.0335,1157.47,1054.12,24.9932,-7.6965,39.6152,-18.4458,13.8,1,18
JBI,Industrials,SECTOR_INDUSTRIALS,19,9,10,47.37,1.1565,0.0443,118.86,1.1886,878.36,759.5,7.1271,-5.7584,22.3757,-9.7436,12.5,0,19
TREX,Industrials,SECTOR_INDUSTRIALS,17,7,10,41.18,1.0463,0.0438,41.81,0.4181,945.64,903.83,9.7445,-7.1044,26.1836,-13.3364,17.0,2,15
HOPE,Financials,SECTOR_FINANCIALS,13,6,7,46.15,1.1028,0.0436,64.36,0.6436,690.31,625.95,7.0345,-6.5108,19.9399,-9.1923,14.4,0,13
VNT,Technology,SECTOR_TECHNOLOGY,26,9,17,34.62,1.0936,0.0434,105.9,1.059,1237.19,1131.29,6.4555,-3.3891,12.4753,-8.2368,13.9,3,23
SHW,Materials,SECTOR_MATERIALS,18,8,10,44.44,1.1477,0.0422,118.44,1.1844,920.1,801.66,4.938,-4.2018,13.0134,-12.5498,12.4,0,18
HRMY,Healthcare,SECTOR_HEALTHCARE,12,7,5,58.33,1.2252,0.0419,108.75,1.0875,591.74,482.99,7.4271,-7.7482,22.5009,-16.6178,23.2,1,11
ORA,Utilities,SECTOR_UTILITIES,27,8,19,29.63,1.1067,0.0419,118.22,1.1822,1226.25,1108.03,8.5284,-3.1859,12.7417,-6.799,9.7,1,26
BDC,Technology,SECTOR_TECHNOLOGY,24,10,14,41.67,1.1499,0.0417,140.08,1.4008,1074.28,934.2,6.2818,-3.8959,14.1212,-7.3809,11.6,1,23
CRK,Energy,SECTOR_ENERGY,18,8,10,44.44,1.1242,0.0413,103.37,1.0337,935.79,832.42,10.1736,-7.3212,17.2118,-10.2564,13.4,1,17
GEL,Energy,SECTOR_ENERGY,16,5,11,31.25,1.1698,0.0405,83.77,0.8377,577.2,493.43,8.23,-3.2279,31.1399,-6.6116,9.9,0,16
GPI,Consumer Discretionary,SECTOR_CONSUMER_DISCRETIONARY,23,10,13,43.48,1.1394,0.0394,79.52,0.7952,650.0,570.48,4.8774,-2.6951,14.4104,-5.2722,10.7,0,23
POWI,Technology,SECTOR_TECHNOLOGY,14,6,8,42.86,1.0359,0.0378,26.49,0.2649,764.44,737.95,10.4622,-6.764,21.9526,-9.4437,19.9,1,13
DCI,Industrials,SECTOR_INDUSTRIALS,28,9,19,32.14,1.1599,0.0375,171.01,1.7101,1240.56,1069.55,5.46,-2.1285,13.6908,-5.4359,9.4,0,28
LVWR,Consumer Discretionary,SECTOR_CONSUMER_DISCRETIONARY,10,4,6,40.0,1.2106,0.0374,87.17,0.8717,501.01,413.84,24.4401,-9.1127,57.5758,-12.4138,17.9,0,10
TILE,Consumer Discretionary,SECTOR_CONSUMER_DISCRETIONARY,22,8,14,36.36,1.0463,0.0374,51.12,0.5112,1155.2,1104.08,10.7475,-5.109,27.1447,-10.73,11.3,1,21
SHOO,Consumer Discretionary,SECTOR_CONSUMER_DISCRETIONARY,18,7,11,38.89,1.0935,0.0373,80.85,0.8085,945.29,864.44,9.2272,-5.5379,16.8421,-15.4522,14.3,0,18
UTG,Financials,SECTOR_FINANCIALS,21,8,13,38.1,1.0907,0.0368,98.84,0.9884,1188.32,1089.48,3.8454,-2.4916,10.8711,-4.6899,16.5,0,21
WH,Consumer Discretionary,SECTOR_CONSUMER_DISCRETIONARY,17,8,9,47.06,1.1595,0.0368,91.7,0.917,666.72,575.02,3.8163,-2.9158,6.0191,-5.1787,12.0,0,17
NMIH,Financials,SECTOR_FINANCIALS,24,8,16,33.33,1.019,0.0367,16.41,0.1641,878.71,862.3,6.5994,-2.7814,25.1991,-6.658,9.0,0,24
REVG,Industrials,SECTOR_INDUSTRIALS,30,13,17,43.33,1.1301,0.0357,204.97,2.0497,1780.41,1575.44,8.7715,-7.073,18.5315,-26.3804,10.8,0,30
SLM,Financials,SECTOR_FINANCIALS,18,6,12,33.33,1.1025,0.0351,86.49,0.8649,930.09,843.6,10.045,-3.7809,26.0989,-11.1956,10.4,1,17
AXSM,Healthcare,SECTOR_HEALTHCARE,25,12,13,48.0,1.1393,0.035,101.53,1.0153,830.63,729.1,6.7725,-5.394,28.3293,-14.2176,10.0,0,25
FITB,Financials,SECTOR_FINANCIALS,21,6,15,28.57,1.0191,0.0348,18.09,0.1809,963.54,945.45,10.0013,-3.34,27.638,-7.6808,13.7,1,20
CCSI,Technology,SECTOR_TECHNOLOGY,10,5,5,50.0,1.0518,0.0344,23.66,0.2366,480.32,456.66,8.3708,-8.9168,15.55,-11.7394,16.6,0,10
PPTA,Materials,SECTOR_MATERIALS,21,5,16,23.81,1.0838,0.0339,90.03,0.9003,1163.94,1073.91,25.6895,-8.1866,54.8052,-21.6388,10.3,0,21
RH,Consumer Discretionary,SECTOR_CONSUMER_DISCRETIONARY,20,5,15,25.0,1.1021,0.0339,110.53,1.1053,1192.97,1082.44,20.8234,-7.9231,40.8802,-14.3044,12.8,2,18
ATRC,Healthcare,SECTOR_HEALTHCARE,14,8,6,57.14,1.0584,0.0323,33.4,0.334,605.65,572.25,6.6989,-9.1609,11.9559,-11.4785,22.1,1,13
ARDX,Healthcare,SECTOR_HEALTHCARE,25,7,18,28.0,1.0012,0.0319,1.81,0.0181,1471.32,1469.51,29.88,-10.1744,71.8539,-23.566,10.4,0,25
SPFI,Financials,SECTOR_FINANCIALS,18,7,11,38.89,1.1583,0.0307,100.73,1.0073,737.21,636.48,6.1976,-3.1238,22.554,-4.6694,11.5,0,18
VMD,Healthcare,SECTOR_HEALTHCARE,19,6,13,31.58,1.1356,0.0294,114.14,1.1414,956.13,841.99,13.1433,-4.6171,44.8718,-7.7701,14.3,0,19
RGLD,Materials,SECTOR_MATERIALS,26,12,14,46.15,1.0993,0.0287,104.32,1.0432,1154.46,1050.14,5.6451,-4.1317,13.7556,-8.6775,9.8,0,26
PAHC,Healthcare,SECTOR_HEALTHCARE,23,8,15,34.78,1.04,0.0286,45.59,0.4559,1186.38,1140.79,11.0385,-5.9661,25.28,-8.7541,11.2,0,23
MTD,Healthcare,SECTOR_HEALTHCARE,20,7,13,35.0,1.1075,0.0286,54.2,0.542,558.25,504.05,6.6187,-2.6525,14.8451,-5.2129,13.4,1,19
MBWM,Financials,SECTOR_FINANCIALS,15,6,9,40.0,1.0253,0.0283,12.84,0.1284,521.12,508.28,6.4159,-3.5717,22.4703,-7.3214,11.4,0,15
FIZZ,Consumer Staples,SECTOR_CONSUMER_STAPLES,20,10,10,50.0,1.1269,0.0281,89.79,0.8979,797.62,707.83,4.723,-3.894,14.1817,-8.1301,13.3,2,18
TNL,Consumer Discretionary,SECTOR_CONSUMER_DISCRETIONARY,24,11,13,45.83,1.1362,0.028,118.39,1.1839,987.84,869.45,4.9607,-3.9795,12.6575,-7.9664,11.2,0,24
LXFR,Industrials,SECTOR_INDUSTRIALS,19,6,13,31.58,1.1203,0.0275,112.73,1.1273,1049.86,937.13,11.0926,-4.7451,23.5174,-8.0198,16.1,1,18
WSBC,Financials,SECTOR_FINANCIALS,18,7,11,38.89,1.1191,0.0268,86.89,0.8689,816.25,729.36,5.7278,-3.5064,12.099,-8.7642,15.6,1,17
BCO,Industrials,SECTOR_INDUSTRIALS,23,10,13,43.48,1.075,0.0268,72.04,0.7204,1032.04,960.0,5.5716,-4.0727,13.6092,-7.4302,12.4,0,23
HNI,Consumer Discretionary,SECTOR_CONSUMER_DISCRETIONARY,17,9,8,52.94,1.0849,0.0266,62.77,0.6277,801.97,739.2,4.48,-4.6631,12.4645,-14.9916,15.7,0,17
EOI,Financials,SECTOR_FINANCIALS,24,9,15,37.5,1.0134,0.0265,9.67,0.0967,730.52,720.85,2.513,-1.4228,7.0999,-4.472,14.8,1,23
ALGN,Healthcare,SECTOR_HEALTHCARE,15,4,11,26.67,1.0225,0.0262,23.74,0.2374,1079.9,1056.16,22.3649,-8.3967,41.0609,-20.9914,20.7,4,11
HIG,Financials,SECTOR_FINANCIALS,26,9,17,34.62,1.0854,0.0257,97.46,0.9746,1238.08,1140.62,4.5224,-2.5922,15.475,-7.3763,10.8,0,26
CGON,Healthcare,SECTOR_HEALTHCARE,6,2,4,33.33,1.0413,0.025,15.06,0.1506,379.44,364.38,17.4423,-10.7574,33.6941,-15.9066,9.0,0,6
LEGN,Healthcare,SECTOR_HEALTHCARE,16,5,11,31.25,1.0834,0.0247,76.13,0.7613,989.33,913.2,16.6273,-8.1528,41.0246,-11.2196,10.4,0,16
ADX,Financials,SECTOR_FINANCIALS,26,12,14,46.15,1.0003,0.0246,0.34,0.0034,1047.58,1047.24,2.5617,-2.4476,7.0984,-4.8604,15.2,1,25
ATO,Utilities,SECTOR_UTILITIES,16,7,9,43.75,1.051,0.0241,27.96,0.2796,576.55,548.59,2.438,-1.933,5.5648,-3.3699,9.4,0,16
WAFD,Financials,SECTOR_FINANCIALS,17,5,12,29.41,1.1034,0.0235,91.76,0.9176,978.79,887.03,9.8287,-4.2727,14.016,-8.0068,12.6,0,17
WDAY,Technology,SECTOR_TECHNOLOGY,19,8,11,42.11,1.1103,0.0235,88.22,0.8822,887.89,799.67,6.1461,-4.4333,20.2869,-7.8116,16.5,2,17
PPG,Materials,SECTOR_MATERIALS,15,5,10,33.33,1.0586,0.0233,44.14,0.4414,797.63,753.49,7.3625,-3.2405,11.1659,-8.0302,13.7,0,15
SNPS,Technology,SECTOR_TECHNOLOGY,24,8,16,33.33,1.0797,0.0231,76.65,0.7665,1038.15,961.5,8.708,-3.5662,20.8477,-5.7422,9.5,0,24
HIX,Financials,SECTOR_FINANCIALS,12,3,9,25.0,1.0871,0.0225,61.68,0.6168,770.01,708.33,8.3976,-2.1952,15.5925,-4.6022,25.6,0,12
CCNE,Financials,SECTOR_FINANCIALS,16,6,10,37.5,1.0986,0.0224,61.13,0.6113,681.41,620.28,6.8768,-3.1874,8.5141,-6.7089,18.8,0,16
BGH,Financials,SECTOR_FINANCIALS,19,8,11,42.11,1.0004,0.0223,0.32,0.0032,734.37,734.05,2.2754,-1.4056,6.5574,-2.7845,15.0,1,18
HSTM,Healthcare,SECTOR_HEALTHCARE,19,8,11,42.11,1.0931,0.0222,66.69,0.6669,782.68,715.99,4.605,-3.1949,13.5779,-15.3055,11.3,0,19
HYLN,Consumer Discretionary,SECTOR_CONSUMER_DISCRETIONARY,19,5,14,26.32,1.0367,0.0219,42.44,0.4244,1199.76,1157.32,34.7258,-10.6105,140.3983,-14.9409,13.5,3,16
HQY,Healthcare,SECTOR_HEALTHCARE,17,8,9,47.06,1.1713,0.0219,120.85,1.2085,826.16,705.31,7.1924,-5.9064,16.3808,-7.0329,11.5,0,17
ETJ,Financials,SECTOR_FINANCIALS,14,6,8,42.86,1.0502,0.0216,26.88,0.2688,561.84,534.96,2.7307,-2.148,7.0562,-4.1087,15.6,0,14
ATEN,Technology,SECTOR_TECHNOLOGY,16,5,11,31.25,1.1681,0.0214,136.85,1.3685,950.73,813.88,9.045,-4.1024,18.8766,-10.2869,17.2,0,16
FA,Industrials,SECTOR_INDUSTRIALS,13,4,9,30.77,1.0386,0.0212,24.4,0.244,657.1,632.7,9.6123,-4.5151,14.6775,-8.0373,15.8,0,13
DTM,Energy,SECTOR_ENERGY,25,8,17,32.0,1.1437,0.0207,137.72,1.3772,1096.33,958.61,4.9443,-2.3508,25.8171,-4.9539,9.1,0,25
THO,Consumer Discretionary,SECTOR_CONSUMER_DISCRETIONARY,18,9,9,50.0,1.1149,0.0206,97.36,0.9736,944.35,846.99,7.4758,-6.919,17.6198,-11.5262,15.0,0,18
AWK,Utilities,SECTOR_UTILITIES,15,7,8,46.67,1.006,0.0201,3.65,0.0365,615.46,611.81,4.02,-3.332,7.2713,-4.9478,12.8,0,15
BANF,Financials,SECTOR_FINANCIALS,14,7,7,50.0,1.1465,0.0197,77.74,0.7774,608.42,530.68,4.5604,-4.3525,9.6639,-5.8249,12.7,0,14
TRDA,Healthcare,SECTOR_HEALTHCARE,15,3,12,20.0,1.0577,0.0189,43.93,0.4393,805.52,761.59,31.971,-7.5971,81.6926,-15.1047,9.4,0,15
SPH,Utilities,SECTOR_UTILITIES,17,5,12,29.41,1.1275,0.0188,104.67,1.0467,925.57,820.9,5.1996,-2.976,13.3559,-4.9401,8.1,0,17
ZBRA,Technology,SECTOR_TECHNOLOGY,21,9,12,42.86,1.0664,0.0181,59.4,0.594,954.39,894.99,7.3589,-4.9971,20.0022,-8.1088,12.3,1,20
IDYA,Healthcare,SECTOR_HEALTHCARE,17,6,11,35.29,1.0853,0.018,75.24,0.7524,957.37,882.13,16.8935,-8.5438,27.9318,-13.9728,17.1,1,16
FE,Utilities,SECTOR_UTILITIES,19,7,12,36.84,1.0016,0.0174,1.54,0.0154,942.66,941.12,4.0983,-2.8219,8.4687,-4.7909,11.1,0,19
VSEC,Industrials,SECTOR_INDUSTRIALS,24,11,13,45.83,1.1438,0.017,124.04,1.2404,986.63,862.59,6.5487,-4.8515,16.228,-11.3624,10.5,0,24
SLGN,Consumer Discretionary,SECTOR_CONSUMER_DISCRETIONARY,19,11,8,57.89,1.0358,0.0169,30.76,0.3076,889.43,858.67,3.5894,-4.5421,8.5321,-11.4917,12.5,1,18
SEMR,Technology,SECTOR_TECHNOLOGY,17,6,11,35.29,1.0713,0.016,63.33,0.6333,951.79,888.46,13.5926,-7.5692,43.5841,-15.1761,20.4,1,16
HROW,Healthcare,SECTOR_HEALTHCARE,23,11,12,47.83,1.0412,0.0159,35.9,0.359,908.15,872.25,9.572,-7.6046,19.7506,-12.8585,12.8,2,21
BTBT,Financials,SECTOR_FINANCIALS,17,7,10,41.18,1.0387,0.0155,29.87,0.2987,802.57,772.7,22.0373,-12.3159,120.8791,-17.6379,13.1,0,17
NIC,Financials,SECTOR_FINANCIALS,22,9,13,40.91,1.03,0.0152,22.39,0.2239,768.03,745.64,5.1324,-3.0925,14.7419,-5.4995,10.1,0,22
CCO,Communication Services,SECTOR_COMMUNICATION_SERVICES,16,8,8,50.0,1.0913,0.0148,63.53,0.6353,759.2,695.67,12.3019,-11.5975,46.7742,-17.6721,15.6,1,15
HON,Industrials,SECTOR_INDUSTRIALS,22,11,11,50.0,1.1339,0.014,119.59,1.1959,1012.95,893.36,3.7769,-3.0837,17.2132,-5.7912,13.8,0,22
CDW,Technology,SECTOR_TECHNOLOGY,19,7,12,36.84,1.0837,0.0138,61.7,0.617,798.9,737.2,4.7542,-2.8393,9.5993,-6.71,16.2,0,19
KTOS,Industrials,SECTOR_INDUSTRIALS,30,10,20,33.33,1.0772,0.0128,113.75,1.1375,1586.4,1472.65,13.2464,-5.7015,37.1658,-12.3784,9.6,1,29
DOCS,Healthcare,SECTOR_HEALTHCARE,17,6,11,35.29,1.0429,0.012,38.47,0.3847,935.48,897.01,11.4683,-7.2847,25.559,-20.541,14.6,0,17
WTS,Industrials,SECTOR_INDUSTRIALS,26,9,17,34.62,1.0275,0.0112,27.21,0.2721,1017.1,989.89,6.2881,-2.692,14.0366,-4.9093,9.2,0,26
PRLB,Industrials,SECTOR_INDUSTRIALS,18,7,11,38.89,1.009,0.0105,7.4,0.074,826.94,819.54,9.1833,-5.4705,26.7493,-10.4545,15.6,0,18
ADEA,Technology,SECTOR_TECHNOLOGY,23,8,15,34.78,1.1106,0.0103,109.87,1.0987,1103.68,993.81,10.3727,-4.509,23.0036,-8.0224,12.3,0,23
PATH,Technology,SECTOR_TECHNOLOGY,15,3,12,20.0,1.0494,0.0097,54.9,0.549,1165.19,1110.29,31.9504,-9.7335,38.1868,-15.1725,21.3,1,14
RLAY,Healthcare,SECTOR_HEALTHCARE,15,5,10,33.33,1.0347,0.0096,36.61,0.3661,1091.43,1054.82,35.3539,-15.0317,108.7097,-32.0,19.0,1,14
GERN,Healthcare,SECTOR_HEALTHCARE,15,5,10,33.33,1.1471,0.0094,90.85,0.9085,708.47,617.62,15.9491,-8.4124,25.0,-14.8849,10.8,0,15
CDRE,Industrials,SECTOR_INDUSTRIALS,18,7,11,38.89,1.0051,0.0093,4.76,0.0476,944.41,939.65,7.9574,-5.2226,29.9063,-9.2443,12.0,0,18
CTSH,Technology,SECTOR_TECHNOLOGY,16,7,9,43.75,1.0034,0.009,3.18,0.0318,948.5,945.32,6.1425,-4.8229,17.3664,-16.5305,13.6,0,16
FDUS,Financials,SECTOR_FINANCIALS,9,4,5,44.44,1.1778,0.009,61.76,0.6176,409.18,347.42,3.5913,-2.4378,6.2356,-3.8176,17.3,0,9
LGND,Healthcare,SECTOR_HEALTHCARE,25,9,16,36.0,1.0232,0.009,21.33,0.2133,940.8,919.47,7.4474,-4.8188,21.255,-10.302,11.6,1,24
XERS,Healthcare,SECTOR_HEALTHCARE,21,5,16,23.81,1.0377,0.008,40.39,0.4039,1112.93,1072.54,24.7147,-7.2183,37.6991,-13.3091,10.7,0,21
NBB,Financials,SECTOR_FINANCIALS,15,6,9,40.0,1.1005,0.0078,51.28,0.5128,561.3,510.02,2.1379,-1.9746,4.7619,-4.4498,24.1,0,15
ANET,Technology,SECTOR_TECHNOLOGY,28,11,17,39.29,1.0375,0.0076,55.6,0.556,1538.01,1482.41,9.5195,-5.6828,29.1687,-13.1241,10.1,1,27
FROG,Technology,SECTOR_TECHNOLOGY,20,6,14,30.0,1.0444,0.0075,42.01,0.4201,988.47,946.46,14.3613,-6.045,26.0294,-11.0864,15.8,0,20
CACI,Technology,SECTOR_TECHNOLOGY,25,9,16,36.0,1.0866,0.0074,83.71,0.8371,1050.27,966.56,5.167,-2.9931,10.7932,-6.4682,10.4,0,25
MUC,Financials,SECTOR_FINANCIALS,16,5,11,31.25,1.0174,0.0072,12.18,0.1218,711.03,698.85,3.2124,-1.5455,11.2462,-3.363,19.5,0,16
ARES,Financials,SECTOR_FINANCIALS,29,12,17,41.38,1.0502,0.0071,46.43,0.4643,971.84,925.41,5.1425,-2.9354,14.5733,-5.8543,9.1,0,29
RELY,Technology,SECTOR_TECHNOLOGY,19,4,15,21.05,1.0157,0.0069,17.45,0.1745,1132.19,1114.74,25.1399,-5.1818,40.7759,-7.5206,15.1,1,18
PNW,Utilities,SECTOR_UTILITIES,26,12,14,46.15,1.0629,0.0065,58.38,0.5838,987.04,928.66,2.9652,-2.5608,9.8303,-4.9522,9.6,0,26
HFWA,Financials,SECTOR_FINANCIALS,12,6,6,50.0,1.0337,0.0063,16.54,0.1654,506.75,490.21,5.1009,-5.5676,13.9112,-7.2201,10.5,0,12
PAYX,Technology,SECTOR_TECHNOLOGY,13,5,8,38.46,1.0316,0.0063,13.59,0.1359,443.47,429.88,3.8296,-1.9257,11.4273,-3.6893,12.0,1,12
CBSH,Financials,SECTOR_FINANCIALS,19,7,12,36.84,1.1773,0.0056,113.69,1.1369,754.9,641.21,4.6907,-2.5971,12.1961,-5.2503,11.2,0,19
CASY,Consumer Discretionary,SECTOR_CONSUMER_DISCRETIONARY,30,8,22,26.67,1.0791,0.0054,63.19,0.6319,862.18,798.99,5.4343,-1.8574,9.9256,-4.6976,10.7,0,30
RMBS,Technology,SECTOR_TECHNOLOGY,28,11,17,39.29,1.0422,0.0054,48.04,0.4804,1185.97,1137.93,8.2348,-4.6907,27.3793,-10.5847,8.6,0,28
QUBT,Technology,SECTOR_TECHNOLOGY,19,7,12,36.84,1.0398,0.005,41.69,0.4169,1088.12,1046.43,26.8244,-14.6605,45.2471,-20.2955,11.6,0,19
ABNB,Consumer Discretionary,SECTOR_CONSUMER_DISCRETIONARY,21,7,14,33.33,1.0759,0.0049,61.58,0.6158,873.38,811.8,8.5845,-3.9247,23.1447,-13.2306,13.3,0,21
MFIC,Financials,SECTOR_FINANCIALS,20,8,12,40.0,1.0525,0.0046,47.42,0.4742,950.35,902.93,4.4839,-2.2041,12.2222,-4.3371,11.6,0,20
JBHT,Industrials,SECTOR_INDUSTRIALS,20,7,13,35.0,1.0231,0.0029,19.98,0.1998,885.69,865.71,6.8218,-3.7478,14.6862,-7.9514,11.3,0,20
NMAI,Financials,SECTOR_FINANCIALS,16,7,9,43.75,1.0181,0.0025,10.4,0.104,584.46,574.06,2.2624,-1.7323,6.2665,-4.2823,11.0,0,16
DOCN,Technology,SECTOR_TECHNOLOGY,18,5,13,27.78,1.0468,0.0021,41.34,0.4134,924.29,882.95,17.0392,-7.4778,25.0429,-18.8955,13.3,1,17
WMB,Energy,SECTOR_ENERGY,22,7,15,31.82,1.0474,0.002,40.92,0.4092,904.41,863.49,4.8216,-2.1545,8.0377,-4.3632,8.8,0,22
UHAL,Industrials,SECTOR_INDUSTRIALS,19,8,11,42.11,1.111,0.0009,94.04,0.9404,941.37,847.33,5.3102,-4.0817,18.6323,-6.3157,9.4,0,19
